Date,Price,Open,High,Low,Vol.,Change %,,,,,,,,
06-12-2024,"1,612.20","1,640.00","1,640.10","1,608.60",5.01K,-0.71%,,,,,,,,
05-12-2024,"1,623.80","1,612.90","1,641.65","1,612.90",3.47K,-0.09%,,,,,,,,
04-12-2024,"1,625.30","1,621.95","1,634.00","1,608.00",5.01K,1.06%,,,,,,,,
03-12-2024,"1,608.25","1,574.50","1,619.00","1,560.45",12.54K,2.03%,,,,,,,,
02-12-2024,"1,576.30","1,570.05","1,580.30","1,544.50",9.13K,0.48%,,,,,,,,
29-11-2024,"1,568.80","1,545.35","1,577.95","1,540.25",2.76K,1.58%,,,,,,,,
28-11-2024,"1,544.40","1,537.15","1,570.75","1,532.45",5.69K,0.56%,,,,,,,,
27-11-2024,"1,535.85","1,488.05","1,541.25","1,480.15",7.97K,3.23%,,,,,,,,
26-11-2024,"1,487.75","1,495.95","1,499.15","1,471.30",5.49K,0.80%,,,,,,,,
25-11-2024,"1,476.00","1,447.00","1,488.95","1,442.35",10.40K,4.04%,,,,,,,,
22-11-2024,"1,418.70","1,414.55","1,425.10","1,393.25",3.49K,1.48%,,,,,,,,
21-11-2024,"1,397.95","1,423.95","1,423.95","1,387.95",14.02K,-2.99%,,,,,,,,
19-11-2024,"1,441.00","1,468.00","1,509.00","1,431.10",11.15K,-0.96%,,,,,,,,
18-11-2024,"1,455.00","1,485.15","1,494.55","1,437.45",13.22K,-0.12%,,,,,,,,
14-11-2024,"1,456.75","1,468.30","1,490.25","1,452.10",5.43K,-0.71%,,,,,,,,
13-11-2024,"1,467.20","1,501.10","1,515.05","1,459.15",8.11K,-4.02%,,,,,,,,
12-11-2024,"1,528.65","1,568.80","1,568.80","1,456.00",28.12K,-1.47%,,,,,,,,
11-11-2024,"1,551.50","1,569.40","1,571.05","1,540.00",4.94K,-0.98%,,,,,,,,
08-11-2024,"1,566.85","1,614.00","1,617.15","1,559.00",9.38K,-2.92%,,,,,,07-12-2024,06-12-2024,05-12-2024
07-11-2024,"1,614.00","1,632.45","1,650.05","1,606.20",7.31K,-1.13%,,,,,Open,#N/A,1640,1612.9
06-11-2024,"1,632.45","1,605.00","1,635.00","1,595.70",7.45K,2.65%,,,,,High,#N/A,1640.1,1641.65
05-11-2024,"1,590.30","1,581.80","1,612.80","1,575.00",13.25K,-0.19%,,,,,LOW,#N/A,1608.6,1612.9
04-11-2024,"1,593.25","1,631.90","1,632.10","1,575.95",13.33K,-2.40%,,,,,52 WEEK HIGH,2417.3,,
01-11-2024,"1,632.35","1,620.05","1,644.35","1,620.05",0.98K,1.02%,,,,,52 WEEK LOW,1283.85,,
31-10-2024,"1,615.90","1,614.25","1,627.05","1,547.35",7.77K,1.97%,,,,,,,,
30-10-2024,"1,584.70","1,567.20","1,615.30","1,543.40",17.96K,4.73%,,,,,,,,
29-10-2024,"1,513.20","1,533.00","1,548.55","1,501.65",12.54K,0.47%,,,,,,,,
28-10-2024,"1,506.15","1,552.05","1,590.00","1,470.00",73.71K,-4.17%,,,,,,,,
25-10-2024,"1,571.70","1,630.05","1,645.40","1,556.50",28.54K,-3.59%,,,,,,,,
24-10-2024,"1,630.30","1,655.00","1,669.40","1,625.00",12.67K,-1.47%,,,,,,,,
23-10-2024,"1,654.70","1,680.00","1,698.90","1,641.00",11.76K,-1.21%,,,,,,,,
22-10-2024,"1,674.90","1,735.00","1,755.95","1,669.50",3.99K,-4.03%,,,,,,,,
21-10-2024,"1,745.25","1,748.05","1,782.00","1,738.85",11.91K,2.04%,,,,,,,,
18-10-2024,"1,710.35","1,705.00","1,725.00","1,675.40",5.92K,0.35%,,,,,,,,
17-10-2024,"1,704.45","1,769.80","1,769.80","1,696.95",15.38K,-2.59%,,,,,,,,
16-10-2024,"1,749.85","1,793.95","1,793.95","1,741.50",9.40K,-1.41%,,,,,,,,
15-10-2024,"1,774.85","1,783.95","1,790.90","1,769.55",2.29K,-0.47%,,,,,,,,
14-10-2024,"1,783.25","1,800.05","1,800.05","1,759.55",8.16K,0.44%,,,,,,,,
11-10-2024,"1,775.35","1,760.00","1,800.00","1,749.00",11.95K,0.98%,,,,,,,,
10-10-2024,"1,758.20","1,800.60","1,800.60","1,753.70",8.67K,-0.67%,,,,,,,,
09-10-2024,"1,770.10","1,760.00","1,790.00","1,742.85",11.66K,1.57%,,,,,,,,
08-10-2024,"1,742.75","1,701.05","1,748.45","1,693.40",5.51K,1.98%,,,,,,,,
07-10-2024,"1,708.95","1,780.00","1,810.00","1,700.00",10.02K,-4.03%,,,,,,,,
04-10-2024,"1,780.75","1,771.20","1,810.00","1,760.00",14.36K,-0.99%,,,,,,,,
03-10-2024,"1,798.50","1,810.10","1,830.00","1,790.00",16.81K,-2.02%,,,,,,,,
01-10-2024,"1,835.55","1,814.95","1,859.15","1,790.30",22.63K,2.01%,,,,,,,,
30-09-2024,"1,799.40","1,815.40","1,819.90","1,795.00",14.82K,-0.79%,,,,,,,,
27-09-2024,"1,813.65","1,821.25","1,832.95","1,807.85",16.05K,-0.41%,,,,,,,,
26-09-2024,"1,821.20","1,855.00","1,873.20","1,810.90",24.31K,-1.25%,,,,,,,,
25-09-2024,"1,844.30","1,874.30","1,874.30","1,827.70",11.91K,-0.72%,,,,,,,,
24-09-2024,"1,857.75","1,875.00","1,884.35","1,840.00",15.11K,-0.69%,,,,,,,,
23-09-2024,"1,870.60","1,927.00","1,935.00","1,857.85",19.28K,-1.27%,,,,,,,,
20-09-2024,"1,894.65","1,964.45","1,964.45","1,887.00",24.59K,-3.27%,,,,,,,,
19-09-2024,"1,958.70","1,972.45","1,980.75","1,925.70",6.60K,-0.38%,,,,,,,,
18-09-2024,"1,966.10","1,998.95","2,016.80","1,957.75",8.79K,-0.77%,,,,,,,,
17-09-2024,"1,981.35","2,024.50","2,064.20","1,974.95",18.40K,-2.13%,,,,,,,,
16-09-2024,"2,024.50","2,050.85","2,060.00","2,012.75",22.91K,-1.10%,,,,,,,,
13-09-2024,"2,047.00","2,010.05","2,090.00","2,010.05",59.49K,2.60%,,,,,,,,
12-09-2024,"1,995.05","1,950.00","2,090.00","1,950.00",83.32K,3.29%,,,,,,,,
11-09-2024,"1,931.50","1,939.95","1,969.00","1,904.05",19.99K,-0.16%,,,,,,,,
10-09-2024,"1,934.65","1,926.20","1,937.00","1,898.05",4.47K,1.76%,,,,,,,,
09-09-2024,"1,901.25","1,922.00","1,926.20","1,877.30",3.64K,-0.16%,,,,,,,,
06-09-2024,"1,904.30","1,935.05","1,959.55","1,901.75",4.80K,-1.87%,,,,,,,,
05-09-2024,"1,940.65","1,906.20","1,985.00","1,906.20",19.49K,1.07%,,,,,,,,
04-09-2024,"1,920.05","1,903.25","1,941.00","1,882.60",14.37K,0.72%,,,,,,,,
03-09-2024,"1,906.25","1,890.90","1,954.55","1,889.50",11.57K,0.84%,,,,,,,,
02-09-2024,"1,890.40","1,919.80","1,925.00","1,881.05",10.59K,-1.52%,,,,,,,,
30-08-2024,"1,919.50","1,923.15","1,943.95","1,905.75",13.70K,-0.15%,,,,,,,,
29-08-2024,"1,922.30","1,964.90","1,964.90","1,902.10",12.77K,-1.61%,,,,,,,,
28-08-2024,"1,953.75","1,919.40","2,011.85","1,912.00",30.15K,2.91%,,,,,,,,
27-08-2024,"1,898.45","1,880.05","1,913.20","1,880.00",9.50K,0.32%,,,,,,,,
26-08-2024,"1,892.45","1,911.40","1,929.95","1,882.50",9.01K,-0.85%,,,,,,,,
23-08-2024,"1,908.70","1,930.00","1,935.00","1,902.00",7.34K,-1.16%,,,,,,,,
22-08-2024,"1,931.15","1,935.00","1,959.85","1,917.30",3.84K,0.70%,,,,,,,,
21-08-2024,"1,917.70","1,935.00","1,935.00","1,911.00",3.29K,-0.36%,,,,,,,,
20-08-2024,"1,924.60","1,949.90","1,959.00","1,919.05",11.99K,-0.80%,,,,,,,,
19-08-2024,"1,940.05","1,914.80","1,968.75","1,903.85",15.53K,1.61%,,,,,,,,
16-08-2024,"1,909.35","1,929.40","1,929.40","1,897.05",5.23K,0.60%,,,,,,,,
14-08-2024,"1,897.95","1,927.40","1,927.40","1,864.00",10.38K,-0.24%,,,,,,,,
13-08-2024,"1,902.50","1,868.45","1,998.75","1,851.00",35.08K,3.58%,,,,,,,,
12-08-2024,"1,836.70","1,827.95","1,866.05","1,807.25",7.70K,-0.46%,,,,,,,,
09-08-2024,"1,845.10","1,863.30","1,882.00","1,823.45",25.34K,-0.04%,,,,,,,,
08-08-2024,"1,845.85","1,895.70","1,910.35","1,840.55",7.96K,-0.97%,,,,,,,,
07-08-2024,"1,863.95","1,822.05","1,876.70","1,821.65",14.28K,2.97%,,,,,,,,
06-08-2024,"1,810.25","1,865.15","1,950.60","1,799.00",32.57K,-2.67%,,,,,,,,
05-08-2024,"1,859.90","1,861.05","1,914.75","1,852.00",49.92K,-4.57%,,,,,,,,
02-08-2024,"1,949.00","1,996.05","2,010.00","1,935.00",26.53K,-3.70%,,,,,,,,
01-08-2024,"2,023.85","2,043.30","2,086.90","2,018.70",10.16K,-1.03%,,,,,,,,
31-07-2024,"2,044.90","2,108.85","2,159.00","2,000.00",26.73K,-2.79%,,,,,,,,
30-07-2024,"2,103.50","2,100.00","2,140.00","2,074.00",23.91K,0.67%,,,,,,,,
29-07-2024,"2,089.40","2,050.00","2,096.00","2,036.00",46.18K,3.06%,,,,,,,,
26-07-2024,"2,027.30","2,001.00","2,072.65","2,001.00",23.74K,1.08%,,,,,,,,
25-07-2024,"2,005.60","1,992.90","2,026.55","1,954.45",6.08K,0.80%,,,,,,,,
24-07-2024,"1,989.60","1,951.00","2,037.55","1,951.00",17.38K,2.60%,,,,,,,,
23-07-2024,"1,939.10","2,000.00","2,009.55","1,883.00",51.75K,-2.52%,,,,,,,,
22-07-2024,"1,989.25","1,949.40","1,998.00","1,915.10",28.07K,2.03%,,,,,,,,
19-07-2024,"1,949.60","2,030.00","2,043.15","1,930.00",18.89K,-3.96%,,,,,,,,
18-07-2024,"2,030.05","2,108.95","2,108.95","2,021.00",38.04K,-2.72%,,,,,,,,
16-07-2024,"2,086.75","2,129.95","2,141.20","2,076.00",5.66K,-1.28%,,,,,,,,
15-07-2024,"2,113.70","2,135.40","2,161.85","2,096.55",36.86K,-0.78%,,,,,,,,
12-07-2024,"2,130.40","2,213.45","2,229.55","2,080.00",43.13K,-3.72%,,,,,,,,
11-07-2024,"2,212.60","2,249.85","2,249.85","2,203.00",7.34K,-0.83%,,,,,,,,
10-07-2024,"2,231.20","2,295.00","2,314.30","2,181.05",60.14K,-2.47%,,,,,,,,
09-07-2024,"2,287.70","2,250.95","2,338.45","2,240.00",53.60K,2.27%,,,,,,,,
08-07-2024,"2,236.90","2,151.00","2,319.00","2,130.00",137.60K,4.04%,,,,,,,,
05-07-2024,"2,150.10","2,172.25","2,192.05","2,123.45",9.45K,0.09%,,,,,,,,
04-07-2024,"2,148.15","2,144.05","2,168.00","2,135.00",22.15K,0.14%,,,,,,,,
03-07-2024,"2,145.05","2,189.60","2,189.60","2,125.00",9.21K,-0.61%,,,,,,,,
02-07-2024,"2,158.15","2,210.05","2,220.00","2,146.85",35.10K,-1.82%,,,,,,,,
01-07-2024,"2,198.20","2,059.65","2,279.00","2,052.05",138.20K,7.10%,,,,,,,,
28-06-2024,"2,052.55","2,072.60","2,081.75","2,048.00",5.88K,-0.67%,,,,,,,,
27-06-2024,"2,066.30","2,114.25","2,128.30","2,046.00",34.73K,-2.87%,,,,,,,,
26-06-2024,"2,127.35","2,174.35","2,192.30","2,109.95",12.64K,-0.92%,,,,,,,,
25-06-2024,"2,147.15","2,088.05","2,207.90","2,068.95",126.81K,3.98%,,,,,,,,
24-06-2024,"2,064.90","2,025.00","2,086.25","2,015.80",13.66K,1.33%,,,,,,,,
21-06-2024,"2,037.70","2,012.00","2,065.00","2,003.25",19.37K,1.31%,,,,,,,,
20-06-2024,"2,011.40","2,059.95","2,059.95","2,003.20",6.61K,-1.02%,,,,,,,,
19-06-2024,"2,032.10","2,070.00","2,071.85","2,026.45",18.02K,-1.55%,,,,,,,,
18-06-2024,"2,064.15","2,077.00","2,090.00","2,049.65",6.12K,0.11%,,,,,,,,
14-06-2024,"2,061.85","2,072.80","2,098.00","2,051.25",12.65K,-0.01%,,,,,,,,
13-06-2024,"2,062.00","2,094.45","2,094.45","2,045.10",26.22K,-0.88%,,,,,,,,
12-06-2024,"2,080.40","2,081.40","2,098.00","2,070.90",11.79K,-0.05%,,,,,,,,
11-06-2024,"2,081.35","2,100.05","2,119.95","2,050.05",77.54K,1.70%,,,,,,,,
10-06-2024,"2,046.65","2,035.75","2,100.00","1,975.00",30.68K,1.13%,,,,,,,,
07-06-2024,"2,023.80","2,164.30","2,254.60","2,007.00",86.24K,-5.77%,,,,,,,,
06-06-2024,"2,147.65","2,011.05","2,181.00","2,011.05",59.85K,8.35%,,,,,,,,
05-06-2024,"1,982.10","1,945.05","1,996.75","1,874.95",15.37K,2.33%,,,,,,,,
04-06-2024,"1,937.00","2,109.90","2,109.90","1,796.85",99.81K,-7.69%,,,,,,,,
03-06-2024,"2,098.30","2,210.95","2,210.95","2,082.30",17.62K,0.36%,,,,,,,,
31-05-2024,"2,090.85","2,049.95","2,107.70","1,987.45",18.23K,2.59%,,,,,,,,
30-05-2024,"2,038.15","2,086.15","2,110.00","2,031.40",10.66K,-2.03%,,,,,,,,
29-05-2024,"2,080.45","2,121.05","2,123.15","2,055.00",20.18K,-1.64%,,,,,,,,
28-05-2024,"2,115.20","2,140.00","2,156.45","2,056.10",90.49K,-0.43%,,,,,,,,
27-05-2024,"2,124.30","1,997.25","2,142.00","1,975.00",77.07K,8.08%,,,,,,,,
24-05-2024,"1,965.40","1,908.05","2,044.90","1,908.05",99.40K,3.28%,,,,,,,,
23-05-2024,"1,903.05","1,949.25","1,965.90","1,885.05",34.71K,-1.18%,,,,,,,,
22-05-2024,"1,925.70","1,811.00","1,938.20","1,804.00",42.34K,6.57%,,,,,,,,
21-05-2024,"1,807.05","1,821.25","1,837.45","1,804.75",14.00K,-1.58%,,,,,,,,
18-05-2024,"1,836.05","1,839.95","1,840.00","1,797.10",1.26K,0.15%,,,,,,,,
17-05-2024,"1,833.25","1,842.20","1,855.15","1,822.60",12.33K,-0.49%,,,,,,,,
16-05-2024,"1,842.20","1,863.75","1,863.75","1,825.00",10.37K,0.50%,,,,,,,,
15-05-2024,"1,832.95","1,801.05","1,855.00","1,801.05",8.44K,1.07%,,,,,,,,
14-05-2024,"1,813.60","1,814.15","1,834.40","1,800.00",7.08K,-0.02%,,,,,,,,
13-05-2024,"1,813.95","1,890.00","1,904.50","1,800.65",32.47K,-3.71%,,,,,,,,
10-05-2024,"1,883.85","1,815.00","1,930.50","1,754.00",31.20K,4.42%,,,,,,,,
09-05-2024,"1,804.15","1,886.60","1,897.45","1,792.00",9.04K,-3.15%,,,,,,,,
08-05-2024,"1,862.80","1,859.90","1,909.80","1,812.80",6.88K,1.01%,,,,,,,,
07-05-2024,"1,844.15","1,937.00","1,938.95","1,835.70",29.27K,-4.03%,,,,,,,,
06-05-2024,"1,921.65","1,999.75","1,999.75","1,893.65",11.41K,-2.02%,,,,,,,,
03-05-2024,"1,961.35","2,050.00","2,052.60","1,923.25",30.83K,0.08%,,,,,,,,
02-05-2024,"1,959.70","1,926.70","1,990.65","1,901.00",20.93K,2.96%,,,,,,,,
30-04-2024,"1,903.45","1,926.00","1,943.00","1,892.35",17.28K,-0.12%,,,,,,,,
29-04-2024,"1,905.70","1,827.15","1,920.00","1,820.00",83.33K,6.95%,,,,,,,,
26-04-2024,"1,781.90","1,805.35","1,820.00","1,777.00",5.76K,-2.12%,,,,,,,,
25-04-2024,"1,820.50","1,829.60","1,840.00","1,812.50",17.48K,-0.15%,,,,,,,,
24-04-2024,"1,823.20","1,783.45","1,840.00","1,778.40",11.91K,3.06%,,,,,,,,
23-04-2024,"1,769.10","1,769.65","1,789.00","1,764.90",11.48K,0.12%,,,,,,,,
22-04-2024,"1,766.95","1,764.95","1,794.00","1,760.90",5.43K,1.15%,,,,,,,,
19-04-2024,"1,746.90","1,715.05","1,760.95","1,708.90",18.94K,-0.80%,,,,,,,,
18-04-2024,"1,760.95","1,778.15","1,795.40","1,753.00",6.90K,1.02%,,,,,,,,
16-04-2024,"1,743.25","1,710.00","1,775.30","1,698.00",16.75K,1.83%,,,,,,,,
15-04-2024,"1,711.85","1,665.10","1,739.25","1,665.10",27.86K,-2.65%,,,,,,,,
12-04-2024,"1,758.50","1,755.55","1,785.00","1,746.55",20.61K,0.22%,,,,,,,,
10-04-2024,"1,754.60","1,773.75","1,781.35","1,711.00",26.41K,-0.90%,,,,,,,,
09-04-2024,"1,770.50","1,757.75","1,794.60","1,757.75",19.47K,1.02%,,,,,,,,
08-04-2024,"1,752.55","1,797.95","1,797.95","1,746.05",22.78K,-1.19%,,,,,,,,
05-04-2024,"1,773.65","1,790.15","1,797.35","1,765.00",20.02K,-0.96%,,,,,,,,
04-04-2024,"1,790.90","1,814.00","1,830.40","1,765.75",33.09K,0.01%,,,,,,,,
03-04-2024,"1,790.80","1,804.85","1,813.80","1,786.45",28.07K,-0.66%,,,,,,,,
02-04-2024,"1,802.75","1,840.85","1,849.00","1,795.50",10.87K,-1.99%,,,,,,,,
01-04-2024,"1,839.40","1,820.65","1,867.95","1,820.65",23.96K,1.94%,,,,,,,,
28-03-2024,"1,804.40","1,804.10","1,862.00","1,786.00",47.02K,1.83%,,,,,,,,
27-03-2024,"1,772.05","1,814.85","1,855.90","1,764.00",47.36K,-1.26%,,,,,,,,
26-03-2024,"1,794.75","1,859.60","1,859.60","1,787.35",13.60K,-4.00%,,,,,,,,
22-03-2024,"1,869.55","1,872.05","1,904.00","1,865.00",15.55K,-0.05%,,,,,,,,
21-03-2024,"1,870.50","1,890.00","1,969.45","1,863.30",33.48K,0.71%,,,,,,,,
20-03-2024,"1,857.30","1,934.30","1,960.65","1,851.80",12.90K,-2.08%,,,,,,,,
19-03-2024,"1,896.75","1,876.95","2,060.60","1,872.55",30.65K,1.15%,,,,,,,,
18-03-2024,"1,875.20","1,926.00","1,926.00","1,860.65",3.19K,-0.70%,,,,,,,,
15-03-2024,"1,888.50","1,884.55","1,931.95","1,850.00",21.03K,0.80%,,,,,,,,
14-03-2024,"1,873.60","1,655.05","1,944.95","1,655.05",26.91K,9.75%,,,,,,,,
13-03-2024,"1,707.15","1,781.35","1,835.00","1,683.00",49.03K,-4.79%,,,,,,,,
12-03-2024,"1,793.10","1,812.45","1,895.90","1,750.00",15.15K,-0.56%,,,,,,,,
11-03-2024,"1,803.20","1,910.65","1,927.80","1,757.70",31.44K,-5.10%,,,,,,,,
07-03-2024,"1,900.10","1,908.00","1,988.75","1,891.05",19.81K,-0.24%,,,,,,,,
06-03-2024,"1,904.75","2,000.45","2,007.95","1,892.85",37.66K,-4.95%,,,,,,,,
05-03-2024,"2,003.90","2,089.10","2,110.30","1,990.65",28.73K,-4.08%,,,,,,,,
04-03-2024,"2,089.10","2,158.55","2,158.95","2,075.20",16.70K,-2.74%,,,,,,,,
02-03-2024,"2,148.00","2,191.00","2,191.00","2,135.00",2.62K,0.04%,,,,,,,,
01-03-2024,"2,147.20","2,199.90","2,199.90","2,132.65",6.00K,-0.61%,,,,,,,,
29-02-2024,"2,160.35","2,188.95","2,228.60","2,110.55",29.61K,-0.73%,,,,,,,,
28-02-2024,"2,176.20","2,269.95","2,269.95","2,160.00",8.70K,-2.77%,,,,,,,,
27-02-2024,"2,238.30","2,209.75","2,319.60","2,187.70",34.69K,2.40%,,,,,,,,
26-02-2024,"2,185.75","2,185.10","2,236.00","2,167.50",20.40K,-0.97%,,,,,,,,
23-02-2024,"2,207.10","2,249.30","2,317.30","2,193.35",38.30K,-0.99%,,,,,,,,
22-02-2024,"2,229.15","2,334.45","2,334.45","2,206.05",23.99K,-3.36%,,,,,,,,
21-02-2024,"2,306.65","2,303.65","2,410.00","2,270.10",38.47K,0.67%,,,,,,,,
20-02-2024,"2,291.40","2,317.00","2,350.00","2,265.85",23.25K,-3.73%,,,,,,,,
19-02-2024,"2,380.30","2,057.75","2,417.30","2,057.20",82.83K,18.16%,,,,,,,,
16-02-2024,"2,014.45","2,007.15","2,059.95","1,988.90",12.27K,0.37%,,,,,,,,
15-02-2024,"2,007.10","2,022.15","2,043.80","1,990.05",9.26K,0.06%,,,,,,,,
14-02-2024,"2,005.90","1,997.55","2,038.55","1,985.20",5.51K,-0.37%,,,,,,,,
13-02-2024,"2,013.25","2,102.45","2,102.45","1,865.65",14.60K,-2.45%,,,,,,,,
12-02-2024,"2,063.85","2,047.70","2,207.95","2,022.30",65.13K,2.45%,,,,,,,,
09-02-2024,"2,014.50","1,973.15","2,045.00","1,940.60",12.84K,1.89%,,,,,,,,
08-02-2024,"1,977.10","2,000.05","2,014.95","1,973.05",13.14K,-1.33%,,,,,,,,
07-02-2024,"2,003.65","2,030.15","2,050.45","1,990.60",6.29K,-1.16%,,,,,,,,
06-02-2024,"2,027.10","2,003.85","2,050.85","1,984.95",10.27K,2.90%,,,,,,,,
05-02-2024,"1,969.95","1,984.55","2,030.30","1,950.00",25.43K,1.00%,,,,,,,,
02-02-2024,"1,950.35","2,004.10","2,047.75","1,936.35",12.09K,-0.65%,,,,,,,,
01-02-2024,"1,963.20","1,920.15","2,010.80","1,920.15",18.53K,2.48%,,,,,,,,
31-01-2024,"1,915.65","1,941.50","1,975.00","1,881.00",20.81K,0.85%,,,,,,,,
30-01-2024,"1,899.50","1,910.15","1,929.85","1,880.00",11.92K,-0.16%,,,,,,,,
29-01-2024,"1,902.55","1,852.15","1,947.00","1,852.15",9.23K,3.01%,,,,,,,,
25-01-2024,"1,847.00","1,868.95","1,881.75","1,820.00",8.93K,-0.49%,,,,,,,,
24-01-2024,"1,856.05","1,799.15","1,885.70","1,771.75",8.82K,3.11%,,,,,,,,
23-01-2024,"1,800.00","1,805.15","1,884.50","1,791.65",9.51K,-3.85%,,,,,,,,
20-01-2024,"1,872.10","1,903.15","1,922.10","1,868.00",10.31K,-1.30%,,,,,,,,
19-01-2024,"1,896.70","1,908.35","1,940.15","1,882.15",6.58K,0.56%,,,,,,,,
18-01-2024,"1,886.05","1,900.15","1,929.00","1,763.05",15.37K,-1.50%,,,,,,,,
17-01-2024,"1,914.80","1,857.75","1,967.10","1,822.35",38.28K,3.05%,,,,,,,,
16-01-2024,"1,858.10","1,835.65","1,890.00","1,830.00",10.04K,1.92%,,,,,,,,
15-01-2024,"1,823.15","1,918.05","1,918.05","1,779.05",36.07K,-3.05%,,,,,,,,
12-01-2024,"1,880.50","1,923.25","1,935.95","1,872.30",17.97K,-2.82%,,,,,,,,
11-01-2024,"1,935.00","1,947.05","2,004.90","1,909.80",50.27K,0.20%,,,,,,,,
10-01-2024,"1,931.10","1,903.85","1,965.90","1,851.85",22.95K,1.63%,,,,,,,,
09-01-2024,"1,900.15","1,902.90","1,965.00","1,884.00",26.25K,0.86%,,,,,,,,
08-01-2024,"1,884.00","1,701.15","1,924.85","1,701.15",124.21K,10.85%,,,,,,,,
05-01-2024,"1,699.60","1,698.85","1,742.20","1,664.65",40.88K,1.03%,,,,,,,,
04-01-2024,"1,682.35","1,694.75","1,720.00","1,661.15",7.86K,0.72%,,,,,,,,
03-01-2024,"1,670.40","1,745.05","1,745.05","1,651.00",55.73K,-2.99%,,,,,,,,
02-01-2024,"1,721.80","1,647.95","1,734.75","1,632.45",106.66K,6.29%,,,,,,,,
01-01-2024,"1,619.95","1,499.50","1,665.00","1,489.30",114.18K,10.51%,,,,,,,,
29-12-2023,"1,465.90","1,418.50","1,465.90","1,414.40",45.97K,5.00%,,,,,,,,
28-12-2023,"1,396.10","1,422.00","1,431.50","1,392.20",10.29K,-1.72%,,,,,,,,
27-12-2023,"1,420.50","1,439.30","1,454.00","1,415.00",5.29K,-1.30%,,,,,,,,
26-12-2023,"1,439.25","1,452.75","1,457.90","1,411.00",22.60K,-0.02%,,,,,,,,
22-12-2023,"1,439.50","1,419.45","1,477.00","1,419.45",12.78K,2.30%,,,,,,,,
21-12-2023,"1,407.10","1,321.30","1,429.35","1,321.30",14.33K,1.69%,,,,,,,,
20-12-2023,"1,383.65","1,418.40","1,472.30","1,350.05",27.05K,-1.32%,,,,,,,,
19-12-2023,"1,402.20","1,400.00","1,409.10","1,390.00",7.39K,0.29%,,,,,,,,
18-12-2023,"1,398.20","1,404.10","1,420.00","1,396.50",3.42K,-0.42%,,,,,,,,
15-12-2023,"1,404.05","1,426.80","1,426.80","1,390.50",13.94K,0.38%,,,,,,,,
14-12-2023,"1,398.80","1,420.00","1,429.85","1,388.05",16.40K,-0.12%,,,,,,,,
13-12-2023,"1,400.45","1,439.95","1,445.00","1,360.00",30.96K,-0.87%,,,,,,,,
12-12-2023,"1,412.75","1,372.50","1,412.75","1,348.15",37.74K,5.00%,,,,,,,,
11-12-2023,"1,345.50","1,303.05","1,345.50","1,292.55",36.56K,5.00%,,,,,,,,
08-12-2023,"1,281.45","1,312.20","1,315.50","1,275.00",13.47K,-0.39%,,,,,,,,
07-12-2023,"1,286.45","1,240.05","1,293.00","1,240.05",10.33K,2.33%,,,,,,,,
06-12-2023,"1,257.20","1,261.55","1,283.85","1,247.50",12.56K,-0.74%,,,,,,,,
05-12-2023,"1,266.60","1,261.95","1,291.85","1,254.95",6.12K,0.77%,,,,,,,,
04-12-2023,"1,256.90","1,250.00","1,277.30","1,245.00",14.35K,1.25%,,,,,,,,
01-12-2023,"1,241.35","1,257.00","1,262.00","1,230.00",2.49K,-0.02%,,,,,,,,
30-11-2023,"1,241.60","1,279.00","1,279.00","1,230.00",5.77K,-1.74%,,,,,,,,
29-11-2023,"1,263.60","1,273.00","1,289.00","1,255.00",1.14K,0.19%,,,,,,,,
28-11-2023,"1,261.25","1,285.00","1,285.00","1,247.00",5.33K,-0.43%,,,,,,,,
24-11-2023,"1,266.65","1,247.00","1,288.40","1,247.00",1.05K,0.80%,,,,,,,,
23-11-2023,"1,256.65","1,292.00","1,292.00","1,251.00",4.45K,-2.80%,,,,,,,,
22-11-2023,"1,292.90","1,314.00","1,320.00","1,270.00",4.20K,-0.59%,,,,,,,,
21-11-2023,"1,300.55","1,298.40","1,316.45","1,261.00",8.61K,3.73%,,,,,,,,
20-11-2023,"1,253.80","1,200.00","1,253.80","1,197.00",3.65K,5.00%,,,,,,,,
17-11-2023,"1,194.10","1,190.00","1,211.00","1,190.00",5.35K,-2.09%,,,,,,,,
16-11-2023,"1,219.60","1,215.00","1,227.95","1,200.00",2.42K,1.14%,,,,,,,,
15-11-2023,"1,205.80","1,186.00","1,216.00","1,186.00",3.41K,-0.29%,,,,,,,,
13-11-2023,"1,209.25","1,218.00","1,218.00","1,194.00",1.10K,-0.47%,,,,,,,,
12-11-2023,"1,215.00","1,199.00","1,238.80","1,199.00",2.00K,1.68%,,,,,,,,
10-11-2023,"1,194.95","1,214.00","1,229.95","1,182.00",2.66K,-0.92%,,,,,,,,
09-11-2023,"1,206.10","1,168.55","1,235.40","1,168.55",1.63K,-1.00%,,,,,,,,
08-11-2023,"1,218.25","1,220.00","1,237.00","1,200.00",3.91K,-0.10%,,,,,,,,
07-11-2023,"1,219.45","1,203.00","1,238.95","1,203.00",1.66K,1.36%,,,,,,,,
06-11-2023,"1,203.05","1,220.00","1,220.00","1,191.10",6.64K,1.01%,,,,,,,,
03-11-2023,"1,191.05","1,181.60","1,201.00","1,181.60",3.11K,0.56%,,,,,,,,
02-11-2023,"1,184.45","1,227.00","1,230.00","1,178.00",6.09K,-1.86%,,,,,,,,
01-11-2023,"1,206.90","1,200.00","1,250.00","1,185.00",3.89K,0.31%,,,,,,,,
31-10-2023,"1,203.15","1,235.00","1,243.00","1,196.00",4.89K,-2.59%,,,,,,,,
30-10-2023,"1,235.15","1,245.75","1,270.00","1,222.00",8.53K,1.13%,,,,,,,,
27-10-2023,"1,221.30","1,162.95","1,221.30","1,160.00",10.16K,5.00%,,,,,,,,
26-10-2023,"1,163.15","1,166.00","1,166.00","1,113.70",3.00K,-0.43%,,,,,,,,
25-10-2023,"1,168.15","1,170.00","1,193.00","1,144.00",8.51K,0.72%,,,,,,,,
23-10-2023,"1,159.80","1,218.00","1,218.00","1,159.80",14.77K,-5.00%,,,,,,,,
20-10-2023,"1,220.80","1,240.00","1,250.00","1,200.00",6.32K,-1.15%,,,,,,,,
19-10-2023,"1,234.95","1,245.00","1,245.00","1,225.00",1.32K,-0.63%,,,,,,,,
18-10-2023,"1,242.80","1,248.10","1,260.50","1,224.00",2.43K,-0.49%,,,,,,,,
17-10-2023,"1,248.95","1,246.00","1,255.00","1,244.00",3.75K,0.19%,,,,,,,,
16-10-2023,"1,246.60","1,257.00","1,260.00","1,230.00",3.98K,-0.77%,,,,,,,,
13-10-2023,"1,256.25","1,259.95","1,260.00","1,245.00",4.43K,0.22%,,,,,,,,
12-10-2023,"1,253.55","1,271.00","1,271.00","1,248.00",5.41K,-0.87%,,,,,,,,
11-10-2023,"1,264.55","1,241.50","1,270.00","1,238.00",5.01K,1.84%,,,,,,,,
10-10-2023,"1,241.70","1,274.95","1,285.00","1,230.00",10.72K,-1.49%,,,,,,,,
09-10-2023,"1,260.50","1,280.00","1,281.00","1,235.60",3.83K,-2.70%,,,,,,,,
06-10-2023,"1,295.50","1,293.10","1,313.95","1,281.50",4.19K,-0.48%,,,,,,,,
05-10-2023,"1,301.75","1,298.40","1,339.00","1,280.00",4.01K,1.73%,,,,,,,,
04-10-2023,"1,279.55","1,321.25","1,332.45","1,270.00",15.34K,-3.97%,,,,,,,,
03-10-2023,"1,332.45","1,351.30","1,360.00","1,321.00",8.77K,-3.08%,,,,,,,,
29-09-2023,"1,374.75","1,351.10","1,384.00","1,351.00",1.45K,2.00%,,,,,,,,
28-09-2023,"1,347.80","1,371.00","1,400.00","1,331.00",10.23K,-2.51%,,,,,,,,
27-09-2023,"1,382.55","1,385.00","1,385.00","1,358.00",3.14K,1.02%,,,,,,,,
26-09-2023,"1,368.55","1,435.00","1,435.00","1,355.00",12.10K,-2.30%,,,,,,,,
25-09-2023,"1,400.80","1,435.00","1,435.00","1,375.00",8.05K,-2.43%,,,,,,,,
22-09-2023,"1,435.65","1,410.00","1,470.00","1,409.00",1.68K,0.06%,,,,,,,,
21-09-2023,"1,434.75","1,451.50","1,478.00","1,420.00",2.31K,-2.07%,,,,,,,,
20-09-2023,"1,465.05","1,470.05","1,485.90","1,463.00",5.14K,-1.67%,,,,,,,,
18-09-2023,"1,490.00","1,477.00","1,505.55","1,471.50",2.65K,0.11%,,,,,,,,
15-09-2023,"1,488.30","1,514.10","1,520.00","1,470.20",6.07K,-0.80%,,,,,,,,
14-09-2023,"1,500.25","1,460.00","1,510.80","1,460.00",7.16K,1.46%,,,,,,,,
13-09-2023,"1,478.60","1,442.00","1,496.00","1,438.00",5.01K,2.04%,,,,,,,,
12-09-2023,"1,449.05","1,432.00","1,503.00","1,430.00",21.38K,-3.57%,,,,,,,,
11-09-2023,"1,502.70","1,505.00","1,525.00","1,495.00",8.30K,-0.05%,,,,,,,,
08-09-2023,"1,503.50","1,490.50","1,509.95","1,482.15",13.35K,1.71%,,,,,,,,
07-09-2023,"1,478.20","1,480.00","1,517.00","1,474.60",4.20K,-0.63%,,,,,,,,
06-09-2023,"1,487.55","1,520.00","1,520.00","1,471.05",4.29K,-0.63%,,,,,,,,
05-09-2023,"1,497.05","1,488.00","1,516.00","1,470.35",10.88K,0.16%,,,,,,,,
04-09-2023,"1,494.65","1,496.00","1,525.00","1,470.00",20.05K,-0.57%,,,,,,,,
01-09-2023,"1,503.20","1,501.10","1,538.80","1,482.00",5.50K,0.14%,,,,,,,,
31-08-2023,"1,501.10","1,480.50","1,544.90","1,452.80",15.26K,-1.84%,,,,,,,,
30-08-2023,"1,529.25","1,533.95","1,553.75","1,515.00",22.08K,0.98%,,,,,,,,
29-08-2023,"1,514.35","1,557.20","1,606.20","1,492.10",18.17K,-2.61%,,,,,,,,
28-08-2023,"1,554.90","1,545.00","1,589.90","1,526.40",48.36K,1.82%,,,,,,,,
25-08-2023,"1,527.10","1,499.95","1,588.00","1,471.95",32.39K,1.84%,,,,,,,,
24-08-2023,"1,499.55","1,522.85","1,525.00","1,487.85",8.62K,-0.89%,,,,,,,,
23-08-2023,"1,512.95","1,519.95","1,538.40","1,484.65",20.36K,-0.13%,,,,,,,,
22-08-2023,"1,514.95","1,546.50","1,569.35","1,505.00",85.98K,-1.56%,,,,,,,,
21-08-2023,"1,538.95","1,395.05","1,555.00","1,395.05",182.72K,10.83%,,,,,,,,
18-08-2023,"1,388.60","1,437.95","1,437.95","1,373.10",19.60K,-3.47%,,,,,,,,
17-08-2023,"1,438.45","1,458.95","1,488.20","1,411.00",80.45K,-0.45%,,,,,,,,
16-08-2023,"1,444.90","1,314.95","1,474.45","1,281.85",74.51K,10.24%,,,,,,,,
14-08-2023,"1,310.65","1,210.60","1,345.25","1,185.85",67.89K,6.51%,,,,,,,,
11-08-2023,"1,230.55","1,283.05","1,289.35","1,225.10",14.94K,-4.01%,,,,,,,,
10-08-2023,"1,281.95","1,304.20","1,327.30","1,272.25",11.95K,-2.56%,,,,,,,,
09-08-2023,"1,315.60","1,319.05","1,343.35","1,310.55",10.01K,-1.09%,,,,,,,,
08-08-2023,"1,330.05","1,351.10","1,357.90","1,322.00",3.98K,-1.34%,,,,,,,,
07-08-2023,"1,348.15","1,306.00","1,371.70","1,306.00",9.81K,2.52%,,,,,,,,
04-08-2023,"1,314.95","1,346.20","1,362.00","1,310.00",20.66K,-2.01%,,,,,,,,
03-08-2023,"1,341.95","1,350.05","1,373.40","1,335.30",18.74K,-1.83%,,,,,,,,
02-08-2023,"1,367.00","1,371.95","1,407.90","1,305.35",14.43K,-2.35%,,,,,,,,
01-08-2023,"1,399.95","1,409.85","1,439.00","1,395.90",26.27K,-0.37%,,,,,,,,
31-07-2023,"1,405.10","1,415.05","1,450.15","1,371.45",17.06K,-0.34%,,,,,,,,
28-07-2023,"1,409.85","1,439.95","1,449.00","1,395.55",8.45K,-1.30%,,,,,,,,
27-07-2023,"1,428.40","1,456.60","1,456.60","1,415.00",8.51K,-0.65%,,,,,,,,
26-07-2023,"1,437.70","1,415.05","1,471.15","1,409.80",19.89K,1.64%,,,,,,,,
25-07-2023,"1,414.45","1,355.05","1,449.75","1,355.05",58.83K,4.40%,,,,,,,,
24-07-2023,"1,354.90","1,403.05","1,409.00","1,349.45",38.14K,-3.64%,,,,,,,,
21-07-2023,"1,406.05","1,402.80","1,424.45","1,400.00",14.88K,0.33%,,,,,,,,
20-07-2023,"1,401.40","1,418.95","1,422.00","1,395.00",28.83K,0.27%,,,,,,,,
19-07-2023,"1,397.60","1,424.90","1,425.00","1,382.75",25.63K,-0.65%,,,,,,,,
18-07-2023,"1,406.80","1,481.95","1,481.95","1,370.70",43.74K,-4.75%,,,,,,,,
17-07-2023,"1,476.95","1,487.95","1,499.90","1,460.95",63.40K,0.66%,,,,,,,,
14-07-2023,"1,467.20","1,499.00","1,548.35","1,440.00",175.37K,11.57%,,,,,,,,
13-07-2023,"1,315.00","1,382.95","1,382.95","1,290.60",58.46K,-3.75%,,,,,,,,
12-07-2023,"1,366.20","1,379.95","1,393.00","1,344.45",16.69K,0.87%,,,,,,,,
11-07-2023,"1,354.35","1,387.95","1,387.95","1,306.45",25.02K,-0.99%,,,,,,,,
10-07-2023,"1,367.85","1,350.05","1,398.00","1,345.55",68.13K,1.40%,,,,,,,,
07-07-2023,"1,348.95","1,299.00","1,367.80","1,270.30",71.68K,3.79%,,,,,,,,
06-07-2023,"1,299.65","1,467.95","1,497.00","1,272.05",271.97K,-12.96%,,,,,,,,
05-07-2023,"1,493.15","1,464.00","1,517.50","1,441.20",73.82K,2.09%,,,,,,,,
04-07-2023,"1,462.65","1,398.95","1,482.50","1,379.05",82.32K,5.34%,,,,,,,,
03-07-2023,"1,388.45","1,347.95","1,418.70","1,312.50",103.43K,3.95%,,,,,,,,
30-06-2023,"1,335.65","1,240.00","1,369.20","1,214.05",278.13K,9.73%,,,,,,,,
28-06-2023,"1,217.20","1,087.95","1,278.20","1,084.40",145.86K,12.58%,,,,,,,,
27-06-2023,"1,081.20","1,069.70","1,088.05","1,056.60",47.15K,1.44%,,,,,,,,
26-06-2023,"1,065.90","1,002.05","1,072.15","1,001.05",63.79K,5.43%,,,,,,,,
23-06-2023,"1,011.05","1,040.00","1,040.45","1,001.40",21.50K,-2.63%,,,,,,,,
22-06-2023,"1,038.35","1,020.20","1,063.10","1,020.20",45.53K,1.75%,,,,,,,,
21-06-2023,"1,020.45","1,042.70","1,045.10","1,008.50",34.31K,-1.85%,,,,,,,,
20-06-2023,"1,039.65","1,002.15","1,049.10","1,002.15",52.38K,3.60%,,,,,,,,
19-06-2023,"1,003.50",985.05,"1,019.00",985.05,73.39K,2.12%,,,,,,,,
16-06-2023,982.65,994.95,"1,003.10",976.45,40.95K,-0.34%,,,,,,,,
15-06-2023,986,954.6,"1,012.00",950.25,124.26K,3.29%,,,,,,,,
14-06-2023,954.6,985,990,944.45,107.21K,-3.01%,,,,,,,,
13-06-2023,984.2,927.3,992.25,923.35,86.80K,6.78%,,,,,,,,
12-06-2023,921.7,927.6,938.85,915.15,39.34K,-0.19%,,,,,,,,
09-06-2023,923.45,941.95,958.45,913.3,81.65K,-1.84%,,,,,,,,
08-06-2023,940.8,880,953,870,158.28K,7.48%,,,,,,,,
07-06-2023,875.35,804.45,882.35,803.3,89.07K,9.05%,,,,,,,,
06-06-2023,802.7,807,812,798.85,24.85K,-0.25%,,,,,,,,
05-06-2023,804.7,802.55,818.35,801.15,8.15K,0.31%,,,,,,,,
02-06-2023,802.2,799.05,812.5,799.05,7.73K,-0.14%,,,,,,,,
01-06-2023,803.35,810.15,821.7,798.2,23.86K,-0.83%,,,,,,,,
31-05-2023,810.1,787.05,819.9,787,26.91K,2.25%,,,,,,,,
30-05-2023,792.25,799.05,801.55,786.65,20.31K,-1.09%,,,,,,,,
29-05-2023,801,814.3,814.3,794.95,15.35K,1.10%,,,,,,,,
26-05-2023,792.3,793.05,802,785,26.97K,-0.13%,,,,,,,,
25-05-2023,793.35,767.75,803.55,767.65,33.16K,3.99%,,,,,,,,
24-05-2023,762.9,757.6,787.45,752.8,18.02K,1.44%,,,,,,,,
23-05-2023,752.1,755.45,768,751,19.55K,-2.05%,,,,,,,,
22-05-2023,767.85,760.85,772.3,752,14.65K,0.93%,,,,,,,,
19-05-2023,760.75,767.7,769.6,743.75,10.48K,-0.48%,,,,,,,,
18-05-2023,764.4,757.05,777.7,757.05,20.69K,0.96%,,,,,,,,
17-05-2023,757.1,769.05,775.2,755.05,15.95K,-1.64%,,,,,,,,
16-05-2023,769.7,790.6,790.6,767.65,9.75K,-1.65%,,,,,,,,
15-05-2023,782.6,771.85,789,765.6,19.85K,1.29%,,,,,,,,
12-05-2023,772.65,782.4,788,765.05,12.56K,0.00%,,,,,,,,
11-05-2023,772.65,772.05,786.95,756.35,23.59K,-0.03%,,,,,,,,
10-05-2023,772.9,835,853,741.95,196.08K,-6.81%,,,,,,,,
09-05-2023,829.4,828,838.95,824.4,30.79K,0.76%,,,,,,,,
08-05-2023,823.15,834,836.05,818,13.58K,-1.09%,,,,,,,,
05-05-2023,832.25,792,835.95,792,62.95K,5.44%,,,,,,,,
04-05-2023,789.3,783,798.2,783,8.17K,0.66%,,,,,,,,
03-05-2023,784.1,783.05,804.25,779.55,46.22K,0.42%,,,,,,,,
02-05-2023,780.85,809.75,809.75,776.3,21.88K,-2.64%,,,,,,,,
28-04-2023,802.05,803,824.95,797.9,11.89K,-0.16%,,,,,,,,
27-04-2023,803.35,828.7,828.7,800,42.37K,-2.79%,,,,,,,,
26-04-2023,826.4,845.15,848.1,819,18.59K,-1.02%,,,,,,,,
25-04-2023,834.9,838.95,842.65,830,38.94K,0.04%,,,,,,,,
24-04-2023,834.6,814.85,849,809.15,78.85K,2.64%,,,,,,,,
21-04-2023,813.15,814.85,817,801.5,29.15K,0.66%,,,,,,,,
20-04-2023,807.8,813.75,820.75,792,41.00K,-0.66%,,,,,,,,
19-04-2023,813.2,790,818.05,777.4,61.39K,3.63%,,,,,,,,
18-04-2023,784.7,741.65,791.7,741.65,61.75K,5.84%,,,,,,,,
17-04-2023,741.4,722.7,762.85,722.7,31.11K,-2.16%,,,,,,,,
13-04-2023,757.75,751.85,761.8,740.65,19.38K,1.75%,,,,,,,,
12-04-2023,744.75,742,751,733.65,16.92K,0.37%,,,,,,,,
11-04-2023,742,751,768.4,737.4,44.96K,-1.45%,,,,,,,,
10-04-2023,752.95,733.25,761.95,726.25,60.41K,3.12%,,,,,,,,
06-04-2023,730.2,701.6,738,696.2,55.48K,4.08%,,,,,,,,
05-04-2023,701.6,709,723.95,691,157.27K,-0.38%,,,,,,,,
03-04-2023,704.3,645,711,645,212.66K,9.26%,,,,,,,,
31-03-2023,644.6,628.05,656.85,628.05,20.13K,1.78%,,,,,,,,
29-03-2023,633.35,624.05,645,621.95,40.64K,0.73%,,,,,,,,
28-03-2023,628.75,628.15,642.25,614.9,32.99K,0.10%,,,,,,,,
27-03-2023,628.15,621,633.25,608.6,44.97K,1.51%,,,,,,,,
24-03-2023,618.8,639.7,650,615,44.74K,-3.03%,,,,,,,,
23-03-2023,638.15,641,650,633.5,27.63K,-0.79%,,,,,,,,
22-03-2023,643.2,625.6,654,622,101.65K,3.71%,,,,,,,,
21-03-2023,620.2,611.55,625,606.5,45.29K,1.54%,,,,,,,,
20-03-2023,610.8,628.05,632.6,604,66.39K,-2.75%,,,,,,,,
17-03-2023,628.05,577.05,639,573,86.05K,9.61%,,,,,,,,
16-03-2023,573,590,596.2,569.25,61.31K,-3.68%,,,,,,,,
15-03-2023,594.9,609.15,627.45,591,46.25K,-1.58%,,,,,,,,
14-03-2023,604.45,610,617.3,588.5,49.45K,-1.05%,,,,,,,,
13-03-2023,610.85,647,651.05,605.15,86.65K,-5.13%,,,,,,,,
10-03-2023,643.9,637,673,623.35,279.97K,2.64%,,,,,,,,
09-03-2023,627.35,602.3,644.35,585.65,101.35K,5.63%,,,,,,,,
08-03-2023,593.9,576.8,605.5,571.4,34.66K,2.96%,,,,,,,,
06-03-2023,576.8,572.05,595,572.05,15.87K,-0.14%,,,,,,,,
03-03-2023,577.6,579.9,589.45,568.45,43.58K,-0.38%,,,,,,,,
02-03-2023,579.8,570,603,570,94.07K,1.90%,,,,,,,,
01-03-2023,569,570.7,575,560.05,15.27K,-0.72%,,,,,,,,
28-02-2023,573.15,554,581.75,553.05,44.28K,3.59%,,,,,,,,
27-02-2023,553.3,567,568.55,551.65,8.90K,-2.39%,,,,,,,,
24-02-2023,566.85,557.4,572.8,549.55,38.73K,2.56%,,,,,,,,
23-02-2023,552.7,559.15,570,547.8,14.97K,-1.75%,,,,,,,,
22-02-2023,562.55,585.95,585.95,555.35,16.50K,-2.17%,,,,,,,,
21-02-2023,575.05,583.65,590.7,572.8,35.80K,-0.93%,,,,,,,,
20-02-2023,580.45,558.5,584,558.3,127.68K,4.85%,,,,,,,,
17-02-2023,553.6,523.25,557.95,521.3,88.11K,5.15%,,,,,,,,
16-02-2023,526.5,532.95,532.95,522.55,4.76K,0.06%,,,,,,,,
15-02-2023,526.2,520,535.2,518.85,44.08K,1.05%,,,,,,,,
14-02-2023,520.75,523.9,535.7,511,54.43K,0.78%,,,,,,,,
13-02-2023,516.7,520.05,545.25,510.45,72.62K,-4.08%,,,,,,,,
10-02-2023,538.65,482.55,549,482.55,87.81K,10.82%,,,,,,,,
09-02-2023,486.05,499,503.25,482.2,14.17K,-2.49%,,,,,,,,
08-02-2023,498.45,490.15,508.45,484.65,11.11K,1.98%,,,,,,,,
07-02-2023,488.75,500.4,504,484.05,14.63K,-2.71%,,,,,,,,
06-02-2023,502.35,514,516.15,500.25,7.39K,-2.18%,,,,,,,,
03-02-2023,513.55,517,522.05,497.8,17.01K,-0.23%,,,,,,,,
02-02-2023,514.75,515,526,510.5,4.58K,0.23%,,,,,,,,
01-02-2023,513.55,540,547,504.45,11.22K,-3.87%,,,,,,,,
31-01-2023,534.2,523.05,541.35,523.05,14.36K,2.36%,,,,,,,,
30-01-2023,521.9,521.2,537.45,509.8,16.77K,-0.46%,,,,,,,,
27-01-2023,524.3,535.2,546,513.05,27.51K,-1.95%,,,,,,,,
25-01-2023,534.75,520,552.5,513.1,32.66K,3.33%,,,,,,,,
24-01-2023,517.5,533.35,538.95,512.75,16.03K,-3.77%,,,,,,,,
23-01-2023,537.75,540.05,548,534.1,17.19K,-1.19%,,,,,,,,
20-01-2023,544.25,555.05,560,536.95,7.33K,-2.20%,,,,,,,,
19-01-2023,556.5,554.1,563.3,550.05,15.95K,0.53%,,,,,,,,
18-01-2023,553.55,555.95,568,547.8,35.15K,0.99%,,,,,,,,
17-01-2023,548.1,544.05,556.25,536.8,27.34K,-0.16%,,,,,,,,
16-01-2023,549,530.05,558.2,525.5,43.65K,2.81%,,,,,,,,
13-01-2023,534,523,541.05,521,19.77K,1.94%,,,,,,,,
12-01-2023,523.85,538,541.2,520,26.77K,-1.59%,,,,,,,,
11-01-2023,532.3,530.05,540,527.45,22.91K,0.39%,,,,,,,,
10-01-2023,530.25,532.5,546.05,527.5,13.58K,-0.64%,,,,,,,,
09-01-2023,533.65,535,548.05,528.45,15.46K,-0.11%,,,,,,,,
06-01-2023,534.25,540.3,548,530.15,33.53K,-2.54%,,,,,,,,
05-01-2023,548.15,525.85,557.65,519,97.55K,4.97%,,,,,,,,
04-01-2023,522.2,515.05,536,494,56.83K,1.17%,,,,,,,,
03-01-2023,516.15,533,533,510.3,15.71K,-0.86%,,,,,,,,
02-01-2023,520.65,517,539.05,512.45,35.02K,1.00%,,,,,,,,
30-12-2022,515.5,519.4,527.4,508.25,24.58K,0.10%,,,,,,,,
29-12-2022,515,520,520,507.85,31.47K,-1.27%,,,,,,,,
28-12-2022,521.6,518.5,535,508,61.05K,0.82%,,,,,,,,
27-12-2022,517.35,474.05,525,468.2,171.00K,8.84%,,,,,,,,
26-12-2022,475.35,460,483.45,450.15,32.26K,3.33%,,,,,,,,
23-12-2022,460.05,484.95,489,451.5,110.00K,-6.80%,,,,,,,,
22-12-2022,493.6,445.05,503.95,432.25,150.47K,11.18%,,,,,,,,
21-12-2022,443.95,478.95,489.6,425.5,76.55K,-7.06%,,,,,,,,
20-12-2022,477.65,449,481.55,448.15,167.67K,6.23%,,,,,,,,
19-12-2022,449.65,415,472.35,412.85,77.98K,8.97%,,,,,,,,
16-12-2022,412.65,412.4,417.55,408.55,7.35K,0.06%,,,,,,,,
15-12-2022,412.4,408.75,417.3,400.9,30.75K,0.89%,,,,,,,,
14-12-2022,408.75,412,412.4,407.35,2.44K,-0.24%,,,,,,,,
13-12-2022,409.75,412.95,415.75,407.55,3.23K,-0.83%,,,,,,,,
12-12-2022,413.2,418,418,403.95,14.08K,-0.16%,,,,,,,,
09-12-2022,413.85,421.15,424.35,410.65,4.45K,-1.73%,,,,,,,,
08-12-2022,421.15,418,423,416,7.79K,0.74%,,,,,,,,
07-12-2022,418.05,423.55,426.95,415.95,2.60K,-1.38%,,,,,,,,
06-12-2022,423.9,426.6,428.35,423,2.17K,-0.81%,,,,,,,,
05-12-2022,427.35,430,435,427,8.10K,0.20%,,,,,,,,
02-12-2022,426.5,432,432,423.2,5.27K,-0.94%,,,,,,,,
01-12-2022,430.55,434,434,426,3.74K,0.68%,,,,,,,,
30-11-2022,427.65,424.9,437,423.95,4.03K,1.71%,,,,,,,,
29-11-2022,420.45,416,425.45,416,5.49K,-1.41%,,,,,,,,
28-11-2022,426.45,424.05,432,423,8.05K,0.27%,,,,,,,,
25-11-2022,425.3,427.45,431.85,421.5,6.05K,-0.34%,,,,,,,,
24-11-2022,426.75,412,436,412,13.91K,3.30%,,,,,,,,
23-11-2022,413.1,416.05,425,410,10.20K,-1.57%,,,,,,,,
22-11-2022,419.7,431.35,435,416.9,3.77K,-3.40%,,,,,,,,
21-11-2022,434.45,430.15,439.2,430.15,3.44K,0.17%,,,,,,,,
18-11-2022,433.7,431,444,428,11.80K,1.55%,,,,,,,,
17-11-2022,427.1,419.8,433.55,414.35,15.82K,0.80%,,,,,,,,
16-11-2022,423.7,432.05,436.05,418.45,4.81K,-1.97%,,,,,,,,
15-11-2022,432.2,416.25,439,416.25,41.94K,1.98%,,,,,,,,
14-11-2022,423.8,401.05,427.1,401.05,16.18K,3.69%,,,,,,,,
11-11-2022,408.7,405.3,413,405.3,1.50K,0.06%,,,,,,,,
10-11-2022,408.45,405.05,414.55,405,6.74K,-1.36%,,,,,,,,
09-11-2022,414.1,416.4,418.5,413.15,7.01K,-0.67%,,,,,,,,
07-11-2022,416.9,426,426,413.75,4.09K,0.13%,,,,,,,,
04-11-2022,416.35,414,424.45,414,9.91K,0.92%,,,,,,,,
03-11-2022,412.55,408.85,415,408.85,1.65K,0.71%,,,,,,,,
02-11-2022,409.65,410.55,414.95,407,7.12K,-0.16%,,,,,,,,
01-11-2022,410.3,407.4,414.9,407.4,8.51K,0.77%,,,,,,,,
31-10-2022,407.15,407,411.5,405.8,7.86K,0.53%,,,,,,,,
28-10-2022,405,408.7,412.65,403.25,7.11K,-0.95%,,,,,,,,
27-10-2022,408.9,412.3,414.9,408,5.80K,-0.85%,,,,,,,,
25-10-2022,412.4,418.5,421,412,2.17K,-1.32%,,,,,,,,
24-10-2022,417.9,416.15,423.1,416,4.86K,0.52%,,,,,,,,
21-10-2022,415.75,410.9,428,410.9,9.09K,1.24%,,,,,,,,
20-10-2022,410.65,410,414.55,408.05,6.91K,-0.29%,,,,,,,,
19-10-2022,411.85,417.95,419,406.5,12.68K,-0.75%,,,,,,,,
18-10-2022,414.95,422.1,427,413.45,6.69K,-1.75%,,,,,,,,
17-10-2022,422.35,416.25,427.75,411.05,14.96K,1.47%,,,,,,,,
14-10-2022,416.25,437,440.25,411.6,13.83K,-2.95%,,,,,,,,
13-10-2022,428.9,453.45,453.45,423.7,42.56K,-4.91%,,,,,,,,
12-10-2022,451.05,409.95,458.2,406.55,188.53K,11.66%,,,,,,,,
11-10-2022,403.95,413,421.35,400.1,8.08K,-1.73%,,,,,,,,
10-10-2022,411.05,409.05,436.05,408.65,24.69K,-1.54%,,,,,,,,
07-10-2022,417.5,407.05,423.3,401.85,43.91K,3.56%,,,,,,,,
06-10-2022,403.15,417,417,400,5.84K,-1.83%,,,,,,,,
04-10-2022,410.65,412,421.8,398.9,58.23K,2.22%,,,,,,,,
03-10-2022,401.75,373.1,401.75,373.1,29.12K,4.99%,,,,,,,,
30-09-2022,382.65,376.2,389.2,376.2,8.86K,0.31%,,,,,,,,
29-09-2022,381.45,377.2,383.6,369.35,7.57K,4.41%,,,,,,,,
28-09-2022,365.35,369.05,374.85,361.7,6.83K,-1.47%,,,,,,,,
27-09-2022,370.8,378.8,381.6,370,7.41K,-0.64%,,,,,,,,
26-09-2022,373.2,380,391.15,369,6.67K,-3.59%,,,,,,,,
23-09-2022,387.1,386.15,395.95,385.6,11.36K,-1.01%,,,,,,,,
22-09-2022,391.05,389.95,395.05,387.1,8.14K,-0.51%,,,,,,,,
21-09-2022,393.05,384.25,396.1,384.25,9.40K,0.14%,,,,,,,,
20-09-2022,392.5,388.65,397.95,388.65,9.11K,1.64%,,,,,,,,
19-09-2022,386.15,401,404,385.05,13.63K,-2.94%,,,,,,,,
16-09-2022,397.85,396,403.95,393,4.31K,-0.66%,,,,,,,,
15-09-2022,400.5,405.9,408.5,395.15,9.46K,0.62%,,,,,,,,
14-09-2022,398.05,398.8,402.5,395.6,16.32K,-0.76%,,,,,,,,
13-09-2022,401.1,401,411,400.1,12.46K,-0.57%,,,,,,,,
12-09-2022,403.4,413,413,394,45.25K,-2.63%,,,,,,,,
09-09-2022,414.3,414,416,405.1,6.00K,1.41%,,,,,,,,
08-09-2022,408.55,405.3,411.25,405.3,10.98K,0.80%,,,,,,,,
07-09-2022,405.3,405,412.15,402.2,13.48K,-0.55%,,,,,,,,
06-09-2022,407.55,412,414,406.15,10.13K,-1.08%,,,,,,,,
05-09-2022,412,408,414.25,407.8,9.27K,0.52%,,,,,,,,
02-09-2022,409.85,411,419.05,406.55,7.44K,-0.05%,,,,,,,,
01-09-2022,410.05,405,414.25,405,14.81K,1.37%,,,,,,,,
30-08-2022,404.5,401,407.85,401,2.39K,1.86%,,,,,,,,
29-08-2022,397.1,386.25,401.85,386.25,11.00K,-2.32%,,,,,,,,
26-08-2022,406.55,409,409.95,404.15,2.32K,0.46%,,,,,,,,
25-08-2022,404.7,407.95,410.35,403.2,1.67K,0.10%,,,,,,,,
24-08-2022,404.3,399.95,410.4,399.95,24.80K,1.93%,,,,,,,,
23-08-2022,396.65,404.8,409.7,393,7.11K,-1.96%,,,,,,,,
22-08-2022,404.6,407.25,412.2,401.75,3.59K,-1.74%,,,,,,,,
19-08-2022,411.75,414,422.15,409.9,14.26K,-1.52%,,,,,,,,
18-08-2022,418.1,412.25,424.9,407.05,14.10K,1.31%,,,,,,,,
17-08-2022,412.7,400.05,420,400.05,5.90K,1.60%,,,,,,,,
16-08-2022,406.2,419.9,419.9,404.4,15.03K,-0.99%,,,,,,,,
12-08-2022,410.25,419,419,407.45,3.50K,-1.13%,,,,,,,,
11-08-2022,414.95,425,427.5,413,13.21K,-1.67%,,,,,,,,
10-08-2022,422,429.6,440.25,416,12.62K,-1.77%,,,,,,,,
08-08-2022,429.6,422,430.9,414.3,11.84K,4.68%,,,,,,,,
05-08-2022,410.4,419,423.45,402.55,16.19K,-0.94%,,,,,,,,
04-08-2022,414.3,438,438,407,8.34K,-2.59%,,,,,,,,
03-08-2022,425.3,433.1,440,423.9,15.63K,-1.80%,,,,,,,,
02-08-2022,433.1,431.35,444,431.25,6.53K,0.70%,,,,,,,,
01-08-2022,430.1,444,444,428.05,4.96K,0.24%,,,,,,,,
29-07-2022,429.05,435.95,437.75,427,5.41K,-0.07%,,,,,,,,
28-07-2022,429.35,436.15,437,426,8.16K,-0.13%,,,,,,,,
27-07-2022,429.9,433.9,433.9,427.55,3.21K,-0.60%,,,,,,,,
26-07-2022,432.5,441,441,427.05,10.63K,-1.41%,,,,,,,,
25-07-2022,438.7,448.7,448.7,435.25,12.86K,-1.48%,,,,,,,,
22-07-2022,445.3,455,457.95,442.25,5.90K,-0.99%,,,,,,,,
21-07-2022,449.75,468,468,446.05,8.92K,-1.23%,,,,,,,,
20-07-2022,455.35,444,466.75,440.45,65.55K,2.43%,,,,,,,,
19-07-2022,444.55,456,456,442,6.28K,-1.31%,,,,,,,,
18-07-2022,450.45,446.3,456.75,442.15,10.24K,3.00%,,,,,,,,
15-07-2022,437.35,425.1,444,425.1,2.21K,0.71%,,,,,,,,
14-07-2022,434.25,445,452.15,430,10.08K,-2.28%,,,,,,,,
13-07-2022,444.4,456,456.5,444,3.58K,-1.27%,,,,,,,,
12-07-2022,450.1,444.6,457.1,442.5,4.77K,0.58%,,,,,,,,
11-07-2022,447.5,441.65,452.35,432.8,16.15K,1.32%,,,,,,,,
08-07-2022,441.65,426.85,441.65,424.95,34.09K,4.99%,,,,,,,,
07-07-2022,420.65,449,449,415.1,19.31K,-2.93%,,,,,,,,
06-07-2022,433.35,459,459,429.55,11.36K,-3.40%,,,,,,,,
05-07-2022,448.6,462,467.95,446.4,14.06K,-2.01%,,,,,,,,
04-07-2022,457.8,444,457.8,437.8,21.94K,5.00%,,,,,,,,
01-07-2022,436,419,437.65,419,3.91K,2.56%,,,,,,,,
30-06-2022,425.1,435.55,452.1,422.6,8.95K,-1.29%,,,,,,,,
29-06-2022,430.65,413,434.4,413,1.41K,-0.51%,,,,,,,,
28-06-2022,432.85,421,436,419.1,12.70K,2.63%,,,,,,,,
27-06-2022,421.75,443,443,418.55,6.93K,-0.26%,,,,,,,,
24-06-2022,422.85,409.05,422.85,406,5.54K,4.99%,,,,,,,,
23-06-2022,402.75,396.2,406,390,10.55K,1.10%,,,,,,,,
22-06-2022,398.35,397.95,404.95,386.85,6.27K,2.67%,,,,,,,,
21-06-2022,388,376.35,388,376.35,5.17K,4.99%,,,,,,,,
20-06-2022,369.55,403,403,369.55,6.89K,-4.99%,,,,,,,,
17-06-2022,388.95,401.9,405,386.2,6.73K,-3.10%,,,,,,,,
16-06-2022,401.4,429.95,431.35,397.05,8.42K,-3.01%,,,,,,,,
15-06-2022,413.85,415,422.25,410.1,13.26K,2.91%,,,,,,,,
14-06-2022,402.15,419,428.3,397.55,19.54K,-3.81%,,,,,,,,
13-06-2022,418.1,415,424.45,409.2,16.48K,-1.94%,,,,,,,,
10-06-2022,426.35,430,434.5,423.65,10.77K,-2.21%,,,,,,,,
09-06-2022,436,437.15,444.75,433.35,3.21K,0.60%,,,,,,,,
08-06-2022,433.4,451.1,452.15,428.5,16.10K,-3.91%,,,,,,,,
07-06-2022,451.05,469,469,447,3.62K,-1.61%,,,,,,,,
06-06-2022,458.45,473.95,473.95,446.6,9.56K,-0.73%,,,,,,,,
03-06-2022,461.8,475.85,475.85,457.2,31.12K,1.90%,,,,,,,,
02-06-2022,453.2,445,453.2,435,17.41K,4.99%,,,,,,,,
01-06-2022,431.65,436,439,426.05,10.31K,0.40%,,,,,,,,
31-05-2022,429.95,439.95,445,425.85,16.70K,-1.51%,,,,,,,,
30-05-2022,436.55,470.8,470.8,435.1,16.71K,-4.67%,,,,,,,,
27-05-2022,457.95,469.8,471,454.8,8.43K,0.50%,,,,,,,,
26-05-2022,455.65,448,455.7,412.3,19.49K,4.99%,,,,,,,,
25-05-2022,434,445,464.9,429,8.90K,-3.71%,,,,,,,,
24-05-2022,450.7,478,478,446.45,12.80K,-3.30%,,,,,,,,
23-05-2022,466.1,464.8,478,464.8,11.16K,0.12%,,,,,,,,
20-05-2022,465.55,470,474.35,462,5.31K,1.86%,,,,,,,,
19-05-2022,457.05,458,468.45,446.3,4.40K,-1.03%,,,,,,,,
18-05-2022,461.8,489.9,496.35,459.95,18.33K,-3.73%,,,,,,,,
17-05-2022,479.7,497,497,472.5,18.02K,0.90%,,,,,,,,
16-05-2022,475.4,472,479.7,460,33.97K,4.05%,,,,,,,,
13-05-2022,456.9,457,457.3,441,31.84K,4.90%,,,,,,,,
12-05-2022,435.55,435.2,449.15,431,23.21K,-3.68%,,,,,,,,
11-05-2022,452.2,470.2,480,450.8,26.24K,-4.70%,,,,,,,,
10-05-2022,474.5,478.15,506,471.25,21.49K,-4.34%,,,,,,,,
09-05-2022,496.05,502.05,510.6,496,24.63K,-4.99%,,,,,,,,
06-05-2022,522.1,524.05,528,510,11.32K,-2.49%,,,,,,,,
05-05-2022,535.45,553.5,553.5,526,219.26K,1.57%,,,,,,,,
04-05-2022,527.15,527.15,527.15,527.15,15.07K,5.00%,,,,,,,,
02-05-2022,502.05,514,527.45,497.85,9.67K,-0.68%,,,,,,,,
29-04-2022,505.5,531.3,539.45,500,25.31K,-3.71%,,,,,,,,
28-04-2022,525,530.5,548,519.9,22.61K,-2.56%,,,,,,,,
27-04-2022,538.8,553.3,553.3,531.7,16.61K,-3.40%,,,,,,,,
26-04-2022,557.75,582.35,589,553.15,21.71K,-3.19%,,,,,,,,
25-04-2022,576.1,580.95,580.95,563.15,26.64K,-1.28%,,,,,,,,
22-04-2022,583.55,577.75,593.4,577.75,8.53K,0.20%,,,,,,,,
21-04-2022,582.4,579.85,590.05,575.3,13.17K,1.71%,,,,,,,,
20-04-2022,572.6,595.05,604.95,564.8,12.49K,-2.22%,,,,,,,,
19-04-2022,585.6,594,594,555.4,62.39K,0.90%,,,,,,,,
18-04-2022,580.35,552.75,580.35,552,48.50K,4.99%,,,,,,,,
13-04-2022,552.75,529,552.75,529,70.78K,5.00%,,,,,,,,
12-04-2022,526.45,500.05,530.7,500.05,30.80K,2.71%,,,,,,,,
11-04-2022,512.55,518,521.55,506.95,13.82K,-0.51%,,,,,,,,
08-04-2022,515.2,513,525.7,512,15.46K,0.12%,,,,,,,,
07-04-2022,514.6,535,545,503.55,21.81K,-1.62%,,,,,,,,
06-04-2022,523.05,499.5,523.05,499.5,20.99K,5.00%,,,,,,,,
05-04-2022,498.15,497.9,498.15,475.65,36.01K,5.00%,,,,,,,,
04-04-2022,474.45,473,474.45,463.75,8.23K,4.99%,,,,,,,,
01-04-2022,451.9,435,459.1,435,7.55K,3.35%,,,,,,,,
31-03-2022,437.25,455,455,435,25.03K,-2.21%,,,,,,,,
30-03-2022,447.15,445.85,454.55,444,7.22K,1.39%,,,,,,,,
29-03-2022,441,449,470.15,438.4,11.10K,-1.52%,,,,,,,,
28-03-2022,447.8,461,461,434.1,21.08K,-1.71%,,,,,,,,
25-03-2022,455.6,439,455.6,432.55,33.12K,4.99%,,,,,,,,
24-03-2022,433.95,430,438,428.6,9.72K,-1.04%,,,,,,,,
23-03-2022,438.5,455.75,455.8,435,5.10K,-3.03%,,,,,,,,
22-03-2022,452.2,456.65,461.55,447.7,6.96K,-0.81%,,,,,,,,
21-03-2022,455.9,464.85,469.15,452.65,5.13K,-1.17%,,,,,,,,
17-03-2022,461.3,479,479,457.3,19.22K,0.95%,,,,,,,,
16-03-2022,456.95,470,470.25,451.7,10.34K,0.11%,,,,,,,,
15-03-2022,456.45,460,480.75,449.05,20.59K,-1.67%,,,,,,,,
14-03-2022,464.2,499.9,499.9,458,16.40K,-2.93%,,,,,,,,
11-03-2022,478.2,470,478.2,439.75,23.09K,5.00%,,,,,,,,
10-03-2022,455.45,455.45,455.45,455.45,3.55K,4.99%,,,,,,,,
09-03-2022,433.8,424,433.8,422.05,4.16K,5.00%,,,,,,,,
08-03-2022,413.15,381.1,414.85,381.1,31.70K,4.57%,,,,,,,,
07-03-2022,395.1,395.1,403.75,395.1,14.67K,-4.99%,,,,,,,,
04-03-2022,415.85,420,424.05,402.85,27.43K,-1.93%,,,,,,,,
03-03-2022,424.05,434.85,440.75,422.5,15.95K,-0.20%,,,,,,,,
02-03-2022,424.9,428,435,417.75,11.39K,-1.43%,,,,,,,,
28-02-2022,431.05,446,455.95,421.45,28.93K,-2.83%,,,,,,,,
25-02-2022,443.6,442,479.6,438.4,46.42K,-3.87%,,,,,,,,
24-02-2022,461.45,461.45,469.45,461.45,7.38K,-4.99%,,,,,,,,
23-02-2022,485.7,494.95,507.65,481.3,16.18K,-1.79%,,,,,,,,
22-02-2022,494.55,507,507,494.55,9.37K,-4.99%,,,,,,,,
21-02-2022,520.55,509,522.4,503.6,32.56K,4.62%,,,,,,,,
18-02-2022,497.54,517.6,517.6,492.96,9.78K,-2.89%,,,,,,,,
17-02-2022,512.36,538.4,540.88,509.22,16.25K,-2.76%,,,,,,,,
16-02-2022,526.92,530,541.02,516,25.08K,0.38%,,,,,,,,
15-02-2022,524.9,540,540,514.6,31.51K,-3.10%,,,,,,,,
14-02-2022,541.68,567.6,567.6,541.68,13.04K,-5.00%,,,,,,,,
11-02-2022,570.18,547.6,579.7,528,52.33K,3.27%,,,,,,,,
10-02-2022,552.1,567.2,567.2,547.6,28.31K,-1.85%,,,,,,,,
09-02-2022,562.5,566.4,591.78,543.6,25.74K,-1.70%,,,,,,,,
08-02-2022,572.2,599.6,602.58,564.8,17.69K,-3.54%,,,,,,,,
07-02-2022,593.2,607.6,612,590.8,18.88K,-0.77%,,,,,,,,
04-02-2022,597.78,616,616,593.48,9.46K,-2.05%,,,,,,,,
03-02-2022,610.3,617.8,622.64,606.86,13.62K,-0.78%,,,,,,,,
02-02-2022,615.1,624,624,612.6,5.80K,0.83%,,,,,,,,
01-02-2022,610.04,620,630,602.88,13.93K,0.30%,,,,,,,,
31-01-2022,608.22,600.4,618.78,598.42,9.26K,2.31%,,,,,,,,
28-01-2022,594.46,608,617.18,592,26.25K,-1.08%,,,,,,,,
27-01-2022,600.96,594.06,621.58,592.82,13.55K,0.96%,,,,,,,,
25-01-2022,595.26,617.68,626.04,586.8,34.34K,-3.63%,,,,,,,,
24-01-2022,617.68,675.98,675.98,617.68,38.78K,-5.00%,,,,,,,,
21-01-2022,650.18,637.6,658.9,619.92,63.69K,3.61%,,,,,,,,
20-01-2022,627.54,604,627.54,601.64,17.57K,5.00%,,,,,,,,
19-01-2022,597.66,594.44,603.72,588.8,9.03K,0.42%,,,,,,,,
18-01-2022,595.14,613.6,613.6,592,11.56K,-1.20%,,,,,,,,
17-01-2022,602.38,610.02,624.24,591.6,52.09K,-0.56%,,,,,,,,
14-01-2022,605.76,615.6,615.6,600.88,18.04K,2.11%,,,,,,,,
13-01-2022,593.26,596,624.76,566.62,61.22K,-0.53%,,,,,,,,
12-01-2022,596.44,657.38,657.38,594.78,62.75K,-4.73%,,,,,,,,
11-01-2022,626.08,626.08,626.08,600,27.12K,5.00%,,,,,,,,
10-01-2022,596.28,596.28,596.28,582.12,64.82K,5.00%,,,,,,,,
07-01-2022,567.9,553.6,567.9,546.4,72.07K,5.00%,,,,,,,,
06-01-2022,540.86,484.94,541.3,484.02,66.73K,9.91%,,,,,,,,
05-01-2022,492.1,502.48,505.02,484.24,31.91K,-2.07%,,,,,,,,
04-01-2022,502.48,501.02,527.98,496.24,105.82K,1.58%,,,,,,,,
03-01-2022,494.68,455.2,494.82,442.46,83.32K,9.97%,,,,,,,,
31-12-2021,449.84,435.2,455.24,429.46,58.00K,5.89%,,,,,,,,
30-12-2021,424.8,432.36,433.16,421.4,5.13K,-0.84%,,,,,,,,
29-12-2021,428.38,443.6,443.6,421.96,25.24K,1.07%,,,,,,,,
28-12-2021,423.84,418,443.6,418,5.87K,1.48%,,,,,,,,
27-12-2021,417.66,426.32,428.26,416.06,21.75K,-2.28%,,,,,,,,
24-12-2021,427.42,423.6,436.08,423.18,8.82K,-1.16%,,,,,,,,
23-12-2021,432.42,440.4,442.86,430.94,9.11K,-2.12%,,,,,,,,
22-12-2021,441.78,439.16,456,437.62,31.88K,3.06%,,,,,,,,
21-12-2021,428.68,391.6,428.68,391.6,62.64K,10.00%,,,,,,,,
20-12-2021,389.72,421.56,421.6,379.68,36.29K,-7.62%,,,,,,,,
17-12-2021,421.86,446,447.58,417.44,17.04K,-5.30%,,,,,,,,
16-12-2021,445.46,464.4,464.4,442,17.30K,-0.10%,,,,,,,,
15-12-2021,445.92,444.4,460.08,433.42,26.97K,0.37%,,,,,,,,
14-12-2021,444.26,448.36,453.16,441.92,7.54K,-0.90%,,,,,,,,
13-12-2021,448.28,476,476,443.9,20.90K,1.19%,,,,,,,,
10-12-2021,443.02,448.72,454.94,440,24.28K,-1.27%,,,,,,,,
09-12-2021,448.72,453.16,459.6,438.34,20.01K,-0.59%,,,,,,,,
08-12-2021,451.38,451.16,466.26,434.44,40.53K,2.00%,,,,,,,,
07-12-2021,442.52,475.2,483.26,427.26,70.62K,-4.08%,,,,,,,,
06-12-2021,461.32,423.6,475.22,422.78,143.17K,11.11%,,,,,,,,
03-12-2021,415.2,378.76,427.26,371.06,88.91K,10.57%,,,,,,,,
02-12-2021,375.52,379.98,383.2,370.84,15.06K,-0.73%,,,,,,,,
01-12-2021,378.28,373.6,390,372.4,17.33K,1.20%,,,,,,,,
30-11-2021,373.8,354,391.6,344.88,80.82K,8.00%,,,,,,,,
29-11-2021,346.1,358.8,360.46,335.88,17.43K,-4.53%,,,,,,,,
26-11-2021,362.54,372,378.8,358,55.90K,-3.38%,,,,,,,,
25-11-2021,375.24,377.14,382.5,368.16,29.22K,-0.56%,,,,,,,,
24-11-2021,377.36,379.2,387.18,372.62,30.71K,0.58%,,,,,,,,
23-11-2021,375.2,369.58,381.46,362,46.33K,2.20%,,,,,,,,
22-11-2021,367.12,378,388.96,361.5,75.70K,3.06%,,,,,,,,
18-11-2021,356.22,380,391.94,351.9,61.61K,-6.07%,,,,,,,,
17-11-2021,379.26,346.4,388.88,346,129.40K,7.22%,,,,,,,,
16-11-2021,353.72,309.2,365.6,300.98,303.52K,14.47%,,,,,,,,
15-11-2021,309.02,288,312.28,283.2,123.24K,9.64%,,,,,,,,
12-11-2021,281.84,282.02,291.44,279.3,22.10K,0.32%,,,,,,,,
11-11-2021,280.94,289.8,293.98,274.98,60.67K,-3.64%,,,,,,,,
10-11-2021,291.56,289.6,297.82,283.68,82.83K,1.03%,,,,,,,,
09-11-2021,288.6,271.96,290,269.44,126.81K,9.43%,,,,,,,,
08-11-2021,263.72,246.64,266.4,246.48,50.92K,7.35%,,,,,,,,
04-11-2021,245.66,243.6,248.74,242.24,8.17K,2.61%,,,,,,,,
03-11-2021,239.4,246.78,249.56,237.12,15.14K,-2.46%,,,,,,,,
02-11-2021,245.44,246.18,249.82,243.98,8.18K,0.44%,,,,,,,,
01-11-2021,244.36,240.8,248.04,240.02,12.71K,2.01%,,,,,,,,
29-10-2021,239.54,232,241.78,227.72,15.22K,3.12%,,,,,,,,
28-10-2021,232.3,238.02,248,229.18,19.32K,-2.33%,,,,,,,,
27-10-2021,237.84,240.76,243.2,237,11.65K,-1.52%,,,,,,,,
26-10-2021,241.5,230.78,243.02,230.78,11.20K,5.38%,,,,,,,,
25-10-2021,229.18,239.2,240.84,227.58,10.55K,-4.09%,,,,,,,,
22-10-2021,238.96,245.1,247.08,234.38,43.69K,-2.51%,,,,,,,,
21-10-2021,245.12,236.32,247.84,230.18,33.97K,5.80%,,,,,,,,
20-10-2021,231.68,236,239.86,228.26,25.67K,-3.09%,,,,,,,,
19-10-2021,239.06,247.28,257.78,237.44,60.03K,-3.61%,,,,,,,,
18-10-2021,248.02,257.2,263.2,246.7,27.67K,-1.86%,,,,,,,,
14-10-2021,252.72,244,266.4,239.46,142.05K,3.26%,,,,,,,,
13-10-2021,244.74,212.6,249.8,212.6,128.08K,15.55%,,,,,,,,
12-10-2021,211.8,210.4,215.32,210.4,7.93K,0.24%,,,,,,,,
11-10-2021,211.3,210.4,218.86,210.4,24.26K,-0.36%,,,,,,,,
08-10-2021,212.06,211.62,214.66,210.5,13.54K,0.18%,,,,,,,,
07-10-2021,211.68,213.6,216.4,211.2,7.76K,0.86%,,,,,,,,
06-10-2021,209.88,214.48,218.42,208.7,19.67K,-2.02%,,,,,,,,
05-10-2021,214.2,213.1,222.4,213.1,40.20K,-1.49%,,,,,,,,
04-10-2021,217.44,211.46,223.68,210.6,96.15K,2.99%,,,,,,,,
01-10-2021,211.12,204.8,217.6,204.8,27.82K,1.54%,,,,,,,,
30-09-2021,207.92,210.8,217.5,206.28,49.36K,-1.79%,,,,,,,,
29-09-2021,211.72,204.4,213.58,204.4,61.44K,0.06%,,,,,,,,
28-09-2021,211.6,215.48,217.2,206.74,95.27K,0.18%,,,,,,,,
27-09-2021,211.22,206.44,219.6,194.64,91.77K,3.50%,,,,,,,,
24-09-2021,204.08,209.6,209.68,202,41.26K,-1.15%,,,,,,,,
23-09-2021,206.46,186.92,214.8,185.38,247.24K,12.33%,,,,,,,,
22-09-2021,183.8,184.2,186.2,182.58,6.32K,0.14%,,,,,,,,
21-09-2021,183.54,185.4,185.98,180.04,10.47K,2.23%,,,,,,,,
20-09-2021,179.54,179.4,187.18,178.12,9.51K,-1.20%,,,,,,,,
17-09-2021,181.72,190.44,192.16,177.16,25.06K,-4.50%,,,,,,,,
16-09-2021,190.28,194.76,196.18,189.34,14.09K,-2.91%,,,,,,,,
15-09-2021,195.98,195.88,202.8,191,21.31K,0.48%,,,,,,,,
14-09-2021,195.04,184.2,198,182.4,21.77K,6.91%,,,,,,,,
13-09-2021,182.44,186.38,186.4,181.8,4.86K,-2.11%,,,,,,,,
09-09-2021,186.38,186,187.78,185.26,5.54K,1.06%,,,,,,,,
08-09-2021,184.42,184.4,186.78,183.92,3.15K,0.14%,,,,,,,,
07-09-2021,184.16,185.56,185.94,183.56,4.71K,-0.74%,,,,,,,,
06-09-2021,185.54,184.2,188.84,183.32,17.21K,1.61%,,,,,,,,
03-09-2021,182.6,185.1,186.74,182.4,5.53K,-0.87%,,,,,,,,
02-09-2021,184.2,182.6,186.36,182.54,10.04K,1.26%,,,,,,,,
01-09-2021,181.9,182.06,183.68,180.8,4.93K,0.34%,,,,,,,,
31-08-2021,181.28,181.34,182.96,179.22,9.18K,0.13%,,,,,,,,
30-08-2021,181.04,181.38,183.28,179.94,19.22K,0.75%,,,,,,,,
27-08-2021,179.7,181.42,181.5,179.04,7.49K,-0.43%,,,,,,,,
26-08-2021,180.48,180,186,179.6,21.60K,0.11%,,,,,,,,
25-08-2021,180.28,178.8,185.88,178.26,24.30K,-0.34%,,,,,,,,
24-08-2021,180.9,164,184.5,164,8.53K,0.53%,,,,,,,,
23-08-2021,179.94,187.98,187.98,176.66,17.60K,-3.84%,,,,,,,,
20-08-2021,187.12,176.8,191.6,174.9,31.36K,5.71%,,,,,,,,
18-08-2021,177.02,188.8,188.8,174.48,25.91K,-5.35%,,,,,,,,
17-08-2021,187.02,186.12,187.88,185.42,3.59K,-0.50%,,,,,,,,
16-08-2021,187.96,190,190.78,186.12,16.49K,-1.29%,,,,,,,,
13-08-2021,190.42,193.46,194.48,187.76,28.83K,-1.38%,,,,,,,,
12-08-2021,193.08,195.88,200.6,192.12,33.88K,-0.44%,,,,,,,,
11-08-2021,193.94,193.02,198.8,180.42,58.55K,0.48%,,,,,,,,
10-08-2021,193.02,202.34,203.2,188.4,14.11K,-3.67%,,,,,,,,
09-08-2021,200.38,201.22,202.78,198.4,7.77K,0.75%,,,,,,,,
06-08-2021,198.88,204,207.2,198.3,49.30K,-2.41%,,,,,,,,
05-08-2021,203.8,195.6,207.08,190.08,51.63K,4.76%,,,,,,,,
04-08-2021,194.54,200.32,203.58,193.08,44.16K,-2.87%,,,,,,,,
03-08-2021,200.28,196,202.64,195.9,16.00K,2.58%,,,,,,,,
02-08-2021,195.24,196,197.68,193.92,15.99K,0.42%,,,,,,,,
30-07-2021,194.42,195.6,199.6,189.2,23.27K,0.43%,,,,,,,,
29-07-2021,193.58,195.6,197.54,192.78,14.62K,-1.26%,,,,,,,,
28-07-2021,196.06,194.6,199.66,189.12,32.47K,1.31%,,,,,,,,
27-07-2021,193.52,188.8,196.78,188.8,25.46K,1.10%,,,,,,,,
26-07-2021,191.42,196.8,203.08,189.24,13.11K,-2.16%,,,,,,,,
23-07-2021,195.64,202,202.42,194.36,31.12K,-2.58%,,,,,,,,
22-07-2021,200.82,202.4,206.42,199.98,24.81K,-0.17%,,,,,,,,
20-07-2021,201.16,205.6,211.6,196.64,143.30K,-4.18%,,,,,,,,
19-07-2021,209.94,204,214.14,198.18,122.04K,4.61%,,,,,,,,
16-07-2021,200.68,197.74,204.4,196.86,79.72K,2.10%,,,,,,,,
15-07-2021,196.56,201.4,204.48,194,188.00K,-1.93%,,,,,,,,
14-07-2021,200.42,188.4,207.08,185.64,276.77K,9.40%,,,,,,,,
13-07-2021,183.2,179.6,185.38,175.18,17.41K,4.24%,,,,,,,,
12-07-2021,175.74,176.76,178.4,175.2,5.80K,0.75%,,,,,,,,
09-07-2021,174.44,171.6,176.62,171.6,2.03K,1.18%,,,,,,,,
08-07-2021,172.4,174.12,177.08,168.78,14.92K,-1.51%,,,,,,,,
07-07-2021,175.04,178.32,179.4,174.4,5.71K,-0.77%,,,,,,,,
06-07-2021,176.4,177.7,182.76,175.16,14.41K,-0.19%,,,,,,,,
05-07-2021,176.74,175.76,178.8,175.44,15.60K,1.03%,,,,,,,,
02-07-2021,174.94,174.66,179.6,174.5,24.76K,0.69%,,,,,,,,
01-07-2021,173.74,170.06,180.32,170.06,25.52K,0.21%,,,,,,,,
30-06-2021,173.38,174.42,178.18,170,15.23K,-1.25%,,,,,,,,
29-06-2021,175.58,179.48,180.42,174.08,7.96K,-1.34%,,,,,,,,
28-06-2021,177.96,180.4,183.04,177.3,16.74K,-1.17%,,,,,,,,
25-06-2021,180.06,183.04,185.76,178,22.75K,-0.67%,,,,,,,,
24-06-2021,181.28,179.02,187.2,178.6,19.28K,2.00%,,,,,,,,
23-06-2021,177.72,180.26,186.46,175.38,20.10K,-0.75%,,,,,,,,
22-06-2021,179.06,173.22,184.8,171.6,40.36K,4.92%,,,,,,,,
21-06-2021,170.66,167.28,173.56,166.06,8.19K,1.44%,,,,,,,,
18-06-2021,168.24,175.12,175.12,166.4,6.08K,-1.80%,,,,,,,,
17-06-2021,171.32,173.4,176.72,170.16,4.31K,-1.93%,,,,,,,,
16-06-2021,174.7,176.64,180.98,173.52,11.22K,-1.06%,,,,,,,,
15-06-2021,176.58,175.32,178.04,175.28,27.70K,1.20%,,,,,,,,
14-06-2021,174.48,177.6,180,171.92,15.63K,-3.05%,,,,,,,,
11-06-2021,179.96,182.08,182.76,178.42,9.31K,-0.56%,,,,,,,,
10-06-2021,180.98,179.44,184.04,178.32,8.35K,1.98%,,,,,,,,
09-06-2021,177.46,183.68,186.94,176.54,55.95K,-3.31%,,,,,,,,
08-06-2021,183.54,171.8,195,170.8,104.60K,7.65%,,,,,,,,
07-06-2021,170.5,172.88,173.66,170,4.53K,-0.84%,,,,,,,,
04-06-2021,171.94,168.74,173,167.48,8.46K,2.19%,,,,,,,,
03-06-2021,168.26,170.32,170.42,167.2,4.93K,-1.09%,,,,,,,,
02-06-2021,170.12,166.7,171.22,164.4,5.13K,1.94%,,,,,,,,
01-06-2021,166.88,168.32,168.32,164.68,4.43K,0.89%,,,,,,,,
31-05-2021,165.4,167.4,168.64,164.76,20.04K,-1.91%,,,,,,,,
28-05-2021,168.62,170.8,172.8,167.36,2.98K,-1.48%,,,,,,,,
27-05-2021,171.16,171.6,173.44,170.54,6.67K,-0.12%,,,,,,,,
26-05-2021,171.36,174,175.54,171.04,2.12K,-2.35%,,,,,,,,
25-05-2021,175.48,175.6,178.66,175.12,4.09K,1.06%,,,,,,,,
24-05-2021,173.64,172,175.64,169.6,26.23K,1.91%,,,,,,,,
21-05-2021,170.38,174.4,174.4,169.2,14.00K,-0.55%,,,,,,,,
20-05-2021,171.32,175.5,175.64,170.4,10.33K,-1.17%,,,,,,,,
19-05-2021,173.34,182.38,182.38,172.1,9.33K,-2.46%,,,,,,,,
18-05-2021,177.72,184.78,191.82,176.08,42.22K,-2.06%,,,,,,,,
17-05-2021,181.46,172.8,183.96,172.8,14.95K,6.83%,,,,,,,,
14-05-2021,169.86,173.52,177.04,167.2,22.87K,-0.91%,,,,,,,,
12-05-2021,171.42,172.28,173.2,169.26,4.02K,1.12%,,,,,,,,
11-05-2021,169.52,170.4,174,166,8.48K,-0.08%,,,,,,,,
10-05-2021,169.66,161.3,174,155.86,15.98K,5.10%,,,,,,,,
07-05-2021,161.42,164,166.06,161.2,4.18K,-0.35%,,,,,,,,
06-05-2021,161.98,164,164.38,160,5.25K,-1.23%,,,,,,,,
05-05-2021,164,165.06,165.2,162.4,8.79K,-0.30%,,,,,,,,
04-05-2021,164.5,167.34,168.58,161.92,11.18K,-1.25%,,,,,,,,
03-05-2021,166.58,156,170.52,154.4,25.55K,5.35%,,,,,,,,
30-04-2021,158.12,154,165.76,152.76,9.72K,5.08%,,,,,,,,
29-04-2021,150.48,152.92,154.56,147.34,14.30K,-0.56%,,,,,,,,
28-04-2021,151.32,158,158,148,11.93K,0.23%,,,,,,,,
27-04-2021,150.98,140.78,155.06,140.78,7.73K,9.53%,,,,,,,,
26-04-2021,137.84,138.28,141.18,137.56,4.30K,0.20%,,,,,,,,
23-04-2021,137.56,138.32,139.34,136.44,3.39K,-1.11%,,,,,,,,
22-04-2021,139.1,134.8,141.58,134.8,10.04K,1.53%,,,,,,,,
20-04-2021,137,142.76,142.76,136,2.97K,-1.10%,,,,,,,,
19-04-2021,138.52,147.96,147.96,136,14.25K,-7.48%,,,,,,,,
16-04-2021,149.72,144.4,151.56,144.4,8.42K,1.13%,,,,,,,,
15-04-2021,148.04,148,152.58,147.16,9.89K,-3.18%,,,,,,,,
13-04-2021,152.9,144.88,154.54,144.88,7.07K,0.65%,,,,,,,,
12-04-2021,151.92,152.44,160.12,150,21.44K,-7.00%,,,,,,,,
09-04-2021,163.36,162.04,172,160.6,13.98K,-0.44%,,,,,,,,
08-04-2021,164.08,180,180,160.72,19.21K,0.31%,,,,,,,,
07-04-2021,163.58,164.06,166.58,162.84,4.89K,-0.38%,,,,,,,,
06-04-2021,164.2,164.4,169.66,163.24,8.32K,-2.79%,,,,,,,,
05-04-2021,168.92,169.98,174,164.38,3.55K,-0.68%,,,,,,,,
01-04-2021,170.08,171.72,171.98,167.48,1.47K,1.15%,,,,,,,,
31-03-2021,168.14,169.98,171.28,168.04,1.33K,1.01%,,,,,,,,
30-03-2021,166.46,165.2,170,165.2,6.02K,0.70%,,,,,,,,
26-03-2021,165.3,160.12,170.4,156.12,3.26K,-0.47%,,,,,,,,
25-03-2021,166.08,166.4,171.74,164.22,9.59K,-2.71%,,,,,,,,
24-03-2021,170.7,180,180,169.8,5.39K,-2.30%,,,,,,,,
23-03-2021,174.72,172.54,177.22,172.54,5.10K,3.36%,,,,,,,,
22-03-2021,169.04,169.92,173.72,167.36,13.37K,-2.07%,,,,,,,,
19-03-2021,172.62,175.6,175.6,163.62,8.15K,0.75%,,,,,,,,
18-03-2021,171.34,172.02,180,168.6,10.76K,-1.86%,,,,,,,,
17-03-2021,174.58,181.96,183.88,170.84,13.14K,-5.24%,,,,,,,,
16-03-2021,184.24,183.88,188,182.28,10.14K,1.63%,,,,,,,,
15-03-2021,181.28,186.4,186.4,178.6,14.49K,0.01%,,,,,,,,
12-03-2021,181.26,181.2,187.2,180.02,8.97K,2.42%,,,,,,,,
10-03-2021,176.98,174.76,180.88,163.6,30.89K,3.08%,,,,,,,,
09-03-2021,171.7,179.16,179.16,167.2,16.55K,-0.92%,,,,,,,,
08-03-2021,173.3,179.74,181.48,171.22,3.74K,-2.57%,,,,,,,,
05-03-2021,177.88,179.78,182.18,176.08,17.10K,-0.21%,,,,,,,,
04-03-2021,178.26,175.6,183.28,171.22,24.74K,1.97%,,,,,,,,
03-03-2021,174.82,172.04,177.6,172.04,6.67K,2.50%,,,,,,,,
02-03-2021,170.56,163.22,174.06,163.22,12.42K,-1.47%,,,,,,,,
01-03-2021,173.1,170,175.2,170,47.39K,2.34%,,,,,,,,
26-02-2021,169.14,172,173.7,167.2,58.08K,-3.17%,,,,,,,,
25-02-2021,174.68,178,178.52,173.2,46.02K,-0.43%,,,,,,,,
24-02-2021,175.44,170,179.6,169.78,65.80K,3.33%,,,,,,,,
23-02-2021,169.78,155.26,174.36,155.26,97.60K,7.59%,,,,,,,,
22-02-2021,157.8,162,162.66,156.1,14.35K,-2.16%,,,,,,,,
19-02-2021,161.28,168.8,168.8,161.04,2.53K,-0.65%,,,,,,,,
18-02-2021,162.34,167.32,167.32,161.88,8.98K,-1.53%,,,,,,,,
17-02-2021,164.86,164.8,169,162.72,6.16K,-0.02%,,,,,,,,
16-02-2021,164.9,132.52,169.56,132.52,19.33K,4.87%,,,,,,,,
15-02-2021,157.24,161.26,162,156.8,16.40K,-1.63%,,,,,,,,
12-02-2021,159.84,162.22,162.4,155.02,17.39K,-0.82%,,,,,,,,
11-02-2021,161.16,158.66,163.6,158.66,8.00K,1.09%,,,,,,,,
10-02-2021,159.42,163.56,164.68,158,8.61K,-2.71%,,,,,,,,
09-02-2021,163.86,166.4,168,162.48,20.86K,-1.24%,,,,,,,,
08-02-2021,165.92,166.8,167.98,165.36,16.32K,1.17%,,,,,,,,
05-02-2021,164,166.92,166.98,161.04,8.72K,-0.91%,,,,,,,,
04-02-2021,165.5,164,166.9,162.64,9.82K,1.72%,,,,,,,,
03-02-2021,162.7,161.6,168.4,161.6,16.06K,0.78%,,,,,,,,
02-02-2021,161.44,158.4,167.98,154.98,65.37K,5.68%,,,,,,,,
01-02-2021,152.76,150,153.6,147.58,12.91K,1.52%,,,,,,,,
29-01-2021,150.48,154.74,154.74,148.7,18.53K,0.15%,,,,,,,,
28-01-2021,150.26,149.6,155.2,147.02,18.10K,-0.04%,,,,,,,,
27-01-2021,150.32,151.88,151.88,146.72,14.73K,0.40%,,,,,,,,
25-01-2021,149.72,146,151.14,144.76,9.19K,2.91%,,,,,,,,
22-01-2021,145.48,151.5,153.16,143.44,47.60K,-2.39%,,,,,,,,
21-01-2021,149.04,154.8,158.36,147.6,79.08K,-2.68%,,,,,,,,
20-01-2021,153.14,147.98,154,145.08,77.65K,5.70%,,,,,,,,
19-01-2021,144.88,134.8,146.88,131.82,37.87K,7.57%,,,,,,,,
18-01-2021,134.68,138.76,140.02,133.64,77.17K,4.76%,,,,,,,,
15-01-2021,128.56,125.52,131.96,122.32,5.42K,2.63%,,,,,,,,
14-01-2021,125.26,126.72,129.26,124.8,7.10K,-1.15%,,,,,,,,
13-01-2021,126.72,129.1,129.8,123.84,8.18K,-0.33%,,,,,,,,
12-01-2021,127.14,126.32,130.8,124.84,21.38K,-0.11%,,,,,,,,
11-01-2021,127.28,122.2,135.36,121.56,58.13K,4.09%,,,,,,,,
08-01-2021,122.28,125.86,127.46,121.52,21.66K,-1.69%,,,,,,,,
07-01-2021,124.38,124.82,129.46,124.22,20.53K,-0.27%,,,,,,,,
06-01-2021,124.72,116,129.2,113.4,60.77K,8.45%,,,,,,,,
05-01-2021,115,109.96,117.08,109.96,31.63K,3.40%,,,,,,,,
04-01-2021,111.22,112.38,113.36,109.92,6.50K,-0.50%,,,,,,,,
01-01-2021,111.78,111.44,112.18,109.92,1.66K,0.59%,,,,,,,,
31-12-2020,111.12,113.22,114,110.5,8.59K,-0.29%,,,,,,,,
30-12-2020,111.44,112,112.24,110.54,5.38K,-0.57%,,,,,,,,
29-12-2020,112.08,113.22,114.36,110.2,22.61K,1.93%,,,,,,,,
28-12-2020,109.96,108,110.74,106.62,12.50K,4.31%,,,,,,,,
24-12-2020,105.42,105.88,106.18,104.04,1.05K,1.02%,,,,,,,,
23-12-2020,104.36,101.46,105.76,100.7,6.75K,3.29%,,,,,,,,
22-12-2020,101.04,94.42,103.82,90,12.59K,2.70%,,,,,,,,
21-12-2020,98.38,102,104.88,96.6,14.80K,-6.30%,,,,,,,,
18-12-2020,105,107.78,107.78,103.72,8.99K,-1.19%,,,,,,,,
17-12-2020,106.26,109.84,111.58,105.2,11.83K,-2.83%,,,,,,,,
16-12-2020,109.36,109.96,112.8,108.8,6.81K,1.11%,,,,,,,,
15-12-2020,108.16,109.14,109.14,107.6,0.75K,-2.12%,,,,,,,,
14-12-2020,110.5,108.8,112,108.8,4.38K,0.73%,,,,,,,,
11-12-2020,109.7,110.74,111.2,109.22,1.88K,-0.47%,,,,,,,,
10-12-2020,110.22,110.7,111.38,109.7,3.61K,-1.82%,,,,,,,,
09-12-2020,112.26,110.44,115,110,16.65K,1.56%,,,,,,,,
08-12-2020,110.54,116.68,116.68,110,13.25K,-3.22%,,,,,,,,
07-12-2020,114.22,115.26,118.46,113.7,7.45K,-1.84%,,,,,,,,
04-12-2020,116.36,106.98,117.74,106.98,19.27K,4.04%,,,,,,,,
03-12-2020,111.84,110.76,114,109.66,11.21K,0.61%,,,,,,,,
02-12-2020,111.16,113.66,116,109.6,24.77K,-3.10%,,,,,,,,
01-12-2020,114.72,109.06,115.42,108.08,23.06K,6.01%,,,,,,,,
27-11-2020,108.22,105.52,108.64,105.52,6.60K,1.58%,,,,,,,,
26-11-2020,106.54,102.9,107.2,102.02,16.82K,3.26%,,,,,,,,
25-11-2020,103.18,107.92,108,102.04,21.60K,-3.15%,,,,,,,,
24-11-2020,106.54,104.4,107.86,101.36,19.32K,3.28%,,,,,,,,
23-11-2020,103.16,102.1,105.26,101,3.61K,1.92%,,,,,,,,
20-11-2020,101.22,100.84,104.92,100.84,12.66K,-1.13%,,,,,,,,
19-11-2020,102.38,103.48,105.42,100.8,20.38K,-1.46%,,,,,,,,
18-11-2020,103.9,96.9,105.6,96.5,21.65K,8.23%,,,,,,,,
17-11-2020,96,96.14,98.02,95.6,22.76K,-60.05%,,,,,,,,
14-11-2020,240.3,240.3,240.3,240.3,,152.10%,,,,,,,,
13-11-2020,95.32,94.76,96.4,94.4,3.37K,0.89%,,,,,,,,
12-11-2020,94.48,93.2,98.76,93.2,13.61K,-1.19%,,,,,,,,
11-11-2020,95.62,94.86,96.8,94.4,4.85K,0.80%,,,,,,,,
10-11-2020,94.86,97.02,97.22,92.9,5.31K,-0.88%,,,,,,,,
09-11-2020,95.7,97.82,97.82,95.7,1.84K,-0.33%,,,,,,,,
06-11-2020,96.02,92.02,97.78,92.02,4.29K,1.24%,,,,,,,,
05-11-2020,94.84,95.72,95.72,94.38,4.38K,-0.92%,,,,,,,,
04-11-2020,95.72,95.18,95.9,94.78,1.60K,1.76%,,,,,,,,
03-11-2020,94.06,97.16,97.44,93.6,6.82K,-1.86%,,,,,,,,
02-11-2020,95.84,97.96,98,94.84,8.54K,-0.27%,,,,,,,,
30-10-2020,96.1,94.14,98.8,94.14,5.22K,-0.97%,,,,,,,,
29-10-2020,97.04,94.9,98.8,94.7,3.06K,2.43%,,,,,,,,
28-10-2020,94.74,96.5,97.58,94.5,2.88K,-1.58%,,,,,,,,
27-10-2020,96.26,92.8,98,92.8,9.95K,3.17%,,,,,,,,
26-10-2020,93.3,95,95.2,92.42,2.80K,-2.45%,,,,,,,,
23-10-2020,95.64,94.58,97.78,93.86,8.33K,3.08%,,,,,,,,
22-10-2020,92.78,94.3,94.3,91.76,2.60K,-1.30%,,,,,,,,
21-10-2020,94,99.18,99.18,93.9,5.27K,-1.03%,,,,,,,,
20-10-2020,94.98,96.3,96.3,93.72,12.77K,-0.23%,,,,,,,,
19-10-2020,95.2,96.14,96.14,94.72,7.09K,0.83%,,,,,,,,
16-10-2020,94.42,94.26,97.24,91.98,7.79K,0.49%,,,,,,,,
15-10-2020,93.96,97.16,98.82,92.4,9.08K,-3.91%,,,,,,,,
14-10-2020,97.78,100.76,100.76,97.2,4.79K,-1.69%,,,,,,,,
13-10-2020,99.46,94.4,100.8,94.4,29.81K,2.43%,,,,,,,,
12-10-2020,97.1,95.14,97.96,94.24,6.75K,5.41%,,,,,,,,
09-10-2020,92.12,93.12,93.2,91.86,7.95K,-0.56%,,,,,,,,
08-10-2020,92.64,92.98,94.54,92.06,8.09K,-1.03%,,,,,,,,
07-10-2020,93.6,94.76,95.36,93.16,4.68K,-1.22%,,,,,,,,
06-10-2020,94.76,94.84,95.56,93.12,11.46K,2.09%,,,,,,,,
05-10-2020,92.82,97.82,97.82,92,7.15K,-0.68%,,,,,,,,
01-10-2020,93.46,95,96.06,92.92,6.65K,0.86%,,,,,,,,
30-09-2020,92.66,98.5,99.26,92,16.55K,-4.59%,,,,,,,,
29-09-2020,97.12,99.6,100.08,95.8,19.82K,-0.12%,,,,,,,,
28-09-2020,97.24,86.88,98.4,86.88,40.27K,11.64%,,,,,,,,
25-09-2020,87.1,82,87.4,82,9.46K,5.02%,,,,,,,,
24-09-2020,82.94,84.06,84.64,82,5.43K,-3.89%,,,,,,,,
23-09-2020,86.3,86.88,89.52,85.24,11.69K,1.20%,,,,,,,,
22-09-2020,85.28,87.2,88.02,84.4,3.67K,-2.54%,,,,,,,,
21-09-2020,87.5,92.62,93.16,87.38,2.93K,-4.37%,,,,,,,,
18-09-2020,91.5,95,95.3,90.72,7.05K,-3.36%,,,,,,,,
17-09-2020,94.68,94.38,95.72,92.76,12.04K,-0.88%,,,,,,,,
16-09-2020,95.52,94.8,98,82,9.23K,-0.73%,,,,,,,,
15-09-2020,96.22,96.68,97,95.18,3.60K,0.52%,,,,,,,,
14-09-2020,95.72,93.12,101.2,92.96,23.24K,3.41%,,,,,,,,
11-09-2020,92.56,93.06,94.9,91.92,5.34K,0.72%,,,,,,,,
10-09-2020,91.9,95.2,95.2,87.2,13.63K,3.05%,,,,,,,,
09-09-2020,89.18,89.38,90.42,86.52,5.43K,-1.13%,,,,,,,,
08-09-2020,90.2,90,93.22,89.48,8.35K,-1.36%,,,,,,,,
07-09-2020,91.44,92.8,94.48,91.04,7.43K,-1.02%,,,,,,,,
04-09-2020,92.38,92,97.84,90,17.18K,-1.85%,,,,,,,,
03-09-2020,94.12,95.08,95.78,92.56,2.77K,-0.06%,,,,,,,,
02-09-2020,94.18,94.4,95.6,92.44,20.33K,0.88%,,,,,,,,
01-09-2020,93.36,89.2,97.74,89.2,7.98K,0.58%,,,,,,,,
31-08-2020,92.82,99.54,102.16,90.78,24.86K,-6.36%,,,,,,,,
28-08-2020,99.12,95.5,109.86,94.64,81.28K,2.82%,,,,,,,,
27-08-2020,96.4,101.56,101.68,95.14,7.07K,-3.56%,,,,,,,,
26-08-2020,99.96,100.84,105.62,98.8,16.77K,2.40%,,,,,,,,
25-08-2020,97.62,94.16,104.12,93.66,64.10K,5.19%,,,,,,,,
24-08-2020,92.8,94.2,94.2,89,16.17K,1.55%,,,,,,,,
21-08-2020,91.38,92.54,94.56,91.02,8.89K,0.88%,,,,,,,,
20-08-2020,90.58,90.8,92.2,89.94,11.81K,-0.55%,,,,,,,,
19-08-2020,91.08,92.56,94.4,90.4,14.14K,-1.81%,,,,,,,,
18-08-2020,92.76,93.92,94.48,91.1,20.10K,2.11%,,,,,,,,
17-08-2020,90.84,87.42,91.8,87.2,17.27K,4.22%,,,,,,,,
14-08-2020,87.16,89.66,90.14,86.2,8.16K,-2.83%,,,,,,,,
13-08-2020,89.7,90.28,92.14,88.86,5.83K,0.92%,,,,,,,,
12-08-2020,88.88,90.46,91.86,87.2,9.43K,-0.60%,,,,,,,,
11-08-2020,89.42,89.58,92.4,87.28,16.29K,1.13%,,,,,,,,
10-08-2020,88.42,91.6,93.56,87.2,10.87K,-2.96%,,,,,,,,
07-08-2020,91.12,89.8,94.72,89.8,14.07K,1.54%,,,,,,,,
06-08-2020,89.74,93.14,94.34,88.82,57.28K,-6.97%,,,,,,,,
05-08-2020,96.46,83.62,98.68,82.76,121.66K,17.29%,,,,,,,,
04-08-2020,82.24,78.48,83.2,78,17.62K,3.34%,,,,,,,,
03-08-2020,79.58,76.42,80.78,76.32,7.51K,5.71%,,,,,,,,
31-07-2020,75.28,77.4,77.4,74.4,4.01K,-2.23%,,,,,,,,
30-07-2020,77,77.7,77.7,76.4,1.23K,-0.54%,,,,,,,,
29-07-2020,77.42,76.52,79.34,76.52,6.10K,-0.41%,,,,,,,,
28-07-2020,77.74,76,81.74,76,7.41K,4.49%,,,,,,,,
27-07-2020,74.4,72,76.22,72,5.14K,-4.15%,,,,,,,,
24-07-2020,77.62,78,78.46,76.8,3.51K,-1.40%,,,,,,,,
23-07-2020,78.72,79.82,79.96,78.2,4.95K,-1.23%,,,,,,,,
22-07-2020,79.7,80.32,81.8,78.88,6.06K,-1.12%,,,,,,,,
21-07-2020,80.6,80.04,81.9,80.04,4.89K,0.83%,,,,,,,,
20-07-2020,79.94,86.16,86.16,78,17.60K,-1.79%,,,,,,,,
17-07-2020,81.4,81.2,82,80.86,2.27K,2.06%,,,,,,,,
16-07-2020,79.76,80.4,81.04,76.88,5.48K,-1.46%,,,,,,,,
15-07-2020,80.94,81.9,84,80.02,5.74K,-0.57%,,,,,,,,
14-07-2020,81.4,82.52,83.2,80.56,9.61K,-3.28%,,,,,,,,
13-07-2020,84.16,86.22,86.4,83.64,5.50K,-1.59%,,,,,,,,
10-07-2020,85.52,84.16,86.84,82.42,19.32K,-0.09%,,,,,,,,
09-07-2020,85.6,82.04,88,82.04,3.52K,0.56%,,,,,,,,
08-07-2020,85.12,86.38,88.44,82.9,22.57K,-0.54%,,,,,,,,
07-07-2020,85.58,87.2,87.2,85.2,5.05K,-0.95%,,,,,,,,
06-07-2020,86.4,88,88.36,85.22,7.60K,-0.46%,,,,,,,,
03-07-2020,86.8,86.74,87.16,85.6,10.48K,1.14%,,,,,,,,
02-07-2020,85.82,86.02,89.5,85.2,13.61K,-1.51%,,,,,,,,
01-07-2020,87.14,86.6,89.96,85.44,14.10K,-0.32%,,,,,,,,
30-06-2020,87.42,94.2,94.4,86.04,46.46K,-0.32%,,,,,,,,
29-06-2020,87.7,88.2,90.54,84.6,17.83K,-2.16%,,,,,,,,
26-06-2020,89.64,95.2,96.4,89,12.29K,-3.20%,,,,,,,,
25-06-2020,92.6,83.26,94.4,82,35.65K,6.05%,,,,,,,,
24-06-2020,87.32,96.04,98,86.64,147.44K,-5.09%,,,,,,,,
23-06-2020,92,76.52,92,73.32,170.94K,19.98%,,,,,,,,
22-06-2020,76.68,76.36,78.12,75.96,13.80K,0.82%,,,,,,,,
19-06-2020,76.06,76.38,80.4,75,17.09K,2.67%,,,,,,,,
18-06-2020,74.08,70.68,77.56,70.5,20.04K,4.63%,,,,,,,,
17-06-2020,70.8,71.56,71.74,68.74,6.58K,1.61%,,,,,,,,
16-06-2020,69.68,69.94,73.8,67.6,9.35K,0.66%,,,,,,,,
15-06-2020,69.22,75.2,79.6,67.62,4.36K,-2.12%,,,,,,,,
12-06-2020,70.72,67.2,71.78,67.2,3.49K,1.23%,,,,,,,,
11-06-2020,69.86,73.5,75.54,68.64,3.52K,-2.95%,,,,,,,,
10-06-2020,71.98,73.36,73.36,71.96,0.15K,-2.83%,,,,,,,,
09-06-2020,74.08,77.6,77.6,70.46,4.53K,-4.56%,,,,,,,,
08-06-2020,77.62,81.2,82.78,75.48,44.68K,7.18%,,,,,,,,
05-06-2020,72.42,67.6,76,66.8,9.66K,12.87%,,,,,,,,
04-06-2020,64.16,65.6,65.6,63.2,3.66K,-1.87%,,,,,,,,
03-06-2020,65.38,66,66,64.8,1.44K,1.55%,,,,,,,,
02-06-2020,64.38,64,64.82,62.4,2.52K,3.47%,,,,,,,,
01-06-2020,62.22,62.4,64.5,60,7.87K,1.27%,,,,,,,,
29-05-2020,61.44,63.2,63.2,61.26,1.36K,-0.07%,,,,,,,,
28-05-2020,61.48,60.34,61.48,59.62,1.25K,2.98%,,,,,,,,
27-05-2020,59.7,60.3,60.8,58.52,0.52K,-2.45%,,,,,,,,
26-05-2020,61.2,62.82,62.82,60.4,0.92K,-1.10%,,,,,,,,
22-05-2020,61.88,63.74,63.74,61.02,0.84K,-2.09%,,,,,,,,
21-05-2020,63.2,64.72,65.86,62.4,2.31K,0.73%,,,,,,,,
20-05-2020,62.74,60.8,63.8,59.66,0.84K,-0.10%,,,,,,,,
19-05-2020,62.8,62.4,62.8,61.72,0.25K,0.29%,,,,,,,,
18-05-2020,62.62,66.78,66.78,61.72,0.53K,-3.07%,,,,,,,,
15-05-2020,64.6,67,67,64.6,0.32K,-5.00%,,,,,,,,
14-05-2020,68,70.54,70.54,64,2.93K,1.19%,,,,,,,,
13-05-2020,67.2,64.12,67.2,64.12,2.16K,5.00%,,,,,,,,
12-05-2020,64,63.2,64.88,60.44,1.07K,1.59%,,,,,,,,
11-05-2020,63,61.6,64.62,60.22,4.77K,2.34%,,,,,,,,
08-05-2020,61.56,60,61.98,57.68,5.39K,3.53%,,,,,,,,
07-05-2020,59.46,60.4,63.12,58.4,0.88K,-1.13%,,,,,,,,
06-05-2020,60.14,60.04,63.4,60.04,6.30K,-4.84%,,,,,,,,
05-05-2020,63.2,62,63.96,61.74,1.43K,-2.74%,,,,,,,,
04-05-2020,64.98,68.8,69.6,64.98,0.28K,-5.00%,,,,,,,,
30-04-2020,68.4,67.2,68.4,67.2,5.92K,4.59%,,,,,,,,
29-04-2020,65.4,63.2,66,62.24,4.45K,2.19%,,,,,,,,
28-04-2020,64,65.7,65.7,61.94,1.00K,-1.81%,,,,,,,,
27-04-2020,65.18,70.8,70.8,65.18,0.73K,-4.99%,,,,,,,,
24-04-2020,68.6,64.06,68.78,62.8,1.20K,3.84%,,,,,,,,
23-04-2020,66.06,69.8,69.8,65.64,4.63K,-4.37%,,,,,,,,
22-04-2020,69.08,66.4,69.98,66,21.22K,3.63%,,,,,,,,
21-04-2020,66.66,62.8,68,62.34,3.15K,1.58%,,,,,,,,
20-04-2020,65.62,63.2,65.64,62.82,8.29K,4.96%,,,,,,,,
17-04-2020,62.52,56.8,62.52,56.8,2.84K,4.97%,,,,,,,,
16-04-2020,59.56,58.38,59.8,56.06,1.57K,4.13%,,,,,,,,
15-04-2020,57.2,56.8,58.56,54.5,6.36K,2.14%,,,,,,,,
13-04-2020,56,54.4,59.2,54.4,0.98K,-1.34%,,,,,,,,
09-04-2020,56.76,56.76,56.76,56.72,0.63K,4.99%,,,,,,,,
08-04-2020,54.06,55.2,56.9,53.4,1.46K,-0.26%,,,,,,,,
07-04-2020,54.2,54.4,54.4,52,3.21K,4.27%,,,,,,,,
03-04-2020,51.98,54.72,56.14,51.98,1.77K,-4.97%,,,,,,,,
01-04-2020,54.7,58.1,58.1,54.68,1.14K,-1.16%,,,,,,,,
31-03-2020,55.34,51.14,55.4,51.14,7.59K,9.85%,,,,,,,,
30-03-2020,50.38,44.4,51,44.4,8.18K,8.58%,,,,,,,,
27-03-2020,46.4,45.96,47.04,45.76,4.43K,8.46%,,,,,,,,
26-03-2020,42.78,41.12,43.2,41.12,3.40K,8.91%,,,,,,,,
25-03-2020,39.28,40,41.44,39.04,14.59K,-9.41%,,,,,,,,
24-03-2020,43.36,46.7,46.7,43.36,3.16K,-9.97%,,,,,,,,
23-03-2020,48.16,47.24,51.96,42.52,7.72K,1.95%,,,,,,,,
20-03-2020,47.24,47.18,49.98,44.8,8.15K,3.96%,,,,,,,,
19-03-2020,45.44,44.48,50.68,44.48,10.54K,-7.94%,,,,,,,,
18-03-2020,49.36,57.7,57.7,49.24,21.19K,-11.60%,,,,,,,,
17-03-2020,55.84,56.84,59.34,54.82,25.32K,-6.78%,,,,,,,,
16-03-2020,59.9,62.48,66.16,56.5,45.49K,-9.41%,,,,,,,,
13-03-2020,66.12,64.8,69.2,54.4,15.22K,-2.39%,,,,,,,,
12-03-2020,67.74,72,72,64.98,10.48K,-9.39%,,,,,,,,
11-03-2020,74.76,76.78,76.78,73.02,4.88K,2.55%,,,,,,,,
09-03-2020,72.9,73.12,75.16,71.54,44.32K,-3.93%,,,,,,,,
06-03-2020,75.88,75.8,77.6,74.92,1.87K,-3.71%,,,,,,,,
05-03-2020,78.8,76.98,79.58,76.88,3.69K,3.17%,,,,,,,,
04-03-2020,76.38,77.92,79.56,74.6,1.24K,-3.85%,,,,,,,,
03-03-2020,79.44,81.2,82.4,78.72,5.06K,1.85%,,,,,,,,
02-03-2020,78,81.94,83.82,76.5,6.15K,-2.72%,,,,,,,,
28-02-2020,80.18,86.36,87.12,78.22,19.55K,-10.71%,,,,,,,,
27-02-2020,89.8,90.04,91.16,89.72,1.87K,-1.06%,,,,,,,,
26-02-2020,90.76,87.96,93.32,87.26,3.20K,2.55%,,,,,,,,
25-02-2020,88.5,90.22,90.92,87.94,1.27K,-1.91%,,,,,,,,
24-02-2020,90.22,92.4,92.4,88.8,1.28K,-2.30%,,,,,,,,
20-02-2020,92.34,91.74,94.5,91.7,1.30K,1.05%,,,,,,,,
19-02-2020,91.38,92.04,92.04,89.48,1.48K,0.42%,,,,,,,,
18-02-2020,91,91.08,92.14,88.84,1.31K,-1.19%,,,,,,,,
17-02-2020,92.1,95.26,95.66,92.1,6.88K,-2.19%,,,,,,,,
14-02-2020,94.16,95.88,98,91.68,8.11K,-0.32%,,,,,,,,
13-02-2020,94.46,94.96,95.2,92,3.62K,-0.71%,,,,,,,,
12-02-2020,95.14,97.18,97.18,94.4,3.43K,-0.77%,,,,,,,,
11-02-2020,95.88,97.56,98.72,95.2,8.97K,-0.23%,,,,,,,,
10-02-2020,96.1,99.5,99.7,95.86,7.03K,-3.18%,,,,,,,,
07-02-2020,99.26,100,100.74,98.68,4.14K,0.20%,,,,,,,,
06-02-2020,99.06,100.4,101.68,98.44,4.62K,-0.46%,,,,,,,,
05-02-2020,99.52,100.64,102.68,98.12,13.14K,1.14%,,,,,,,,
04-02-2020,98.4,95.48,100.44,92.72,18.60K,2.82%,,,,,,,,
03-02-2020,95.7,96,98.54,95.14,9.83K,-60.37%,,,,,,,,
01-02-2020,241.5,258.85,261.05,240.25,4.30K,138.40%,,,,,,,,
31-01-2020,101.3,103.2,103.24,100.92,2.17K,-0.78%,,,,,,,,
30-01-2020,102.1,100.8,103.2,100.8,10.00K,0.87%,,,,,,,,
29-01-2020,101.22,102.6,104.4,101.1,3.57K,-60.07%,,,,,,,,
28-01-2020,253.5,260,263.1,250,9.33K,-2.78%,,,,,,,,
27-01-2020,260.75,264.95,265,260,4.01K,-1.62%,,,,,,,,
24-01-2020,265.05,268.25,271.8,262.6,5.13K,-1.28%,,,,,,,,
23-01-2020,268.5,266,275,265.9,4.89K,1.15%,,,,,,,,
22-01-2020,265.45,271.4,271.4,264.1,3.61K,-1.83%,,,,,,,,
21-01-2020,270.4,269.9,282.8,269.5,12.60K,-0.04%,,,,,,,,
20-01-2020,270.5,272.8,278,268.75,4.00K,-0.37%,,,,,,,,
17-01-2020,271.5,274.95,276.6,270.2,1.69K,-1.51%,,,,,,,,
16-01-2020,275.65,273.3,281.4,270,6.54K,1.14%,,,,,,,,
15-01-2020,272.55,276,276.3,272,4.36K,-0.89%,,,,,,,,
14-01-2020,275,278.5,281.6,274.05,2.07K,-0.33%,,,,,,,,
13-01-2020,275.9,272.45,283.1,272.15,9.29K,1.15%,,,,,,,,
10-01-2020,272.75,271.45,283,268.3,12.48K,1.19%,,,,,,,,
09-01-2020,269.55,268.3,273.3,265,7.08K,3.59%,,,,,,,,
08-01-2020,260.2,261.6,267,255,8.80K,-3.02%,,,,,,,,
07-01-2020,268.3,269.55,275,265,8.20K,1.55%,,,,,,,,
06-01-2020,264.2,278.15,280.7,262.05,13.40K,-6.16%,,,,,,,,
03-01-2020,281.55,285,287,280.15,6.69K,-1.85%,,,,,,,,
02-01-2020,286.85,285.2,291.15,283.6,32.75K,1.86%,,,,,,,,
01-01-2020,281.6,287.65,289.35,280.7,14.27K,-1.28%,,,,,,,,
31-12-2019,285.25,290.8,292.5,283.1,7.05K,-1.31%,,,,,,,,
30-12-2019,289.05,288.8,294.1,287.95,9.79K,0.54%,,,,,,,,
27-12-2019,287.5,290.55,292.15,285.65,15.94K,0.09%,,,,,,,,
26-12-2019,287.25,277.75,292.3,276.35,26.83K,3.53%,,,,,,,,
24-12-2019,277.45,280.9,284.4,276.9,14.25K,-1.09%,,,,,,,,
23-12-2019,280.5,270.1,296.1,270.1,75.47K,3.20%,,,,,,,,
20-12-2019,271.8,269.85,279,268.5,7.56K,1.30%,,,,,,,,
19-12-2019,268.3,259.45,275,259.45,30.64K,4.07%,,,,,,,,
18-12-2019,257.8,258.4,261.6,254.6,4.72K,-1.21%,,,,,,,,
17-12-2019,260.95,253,263,251.6,5.96K,3.86%,,,,,,,,
16-12-2019,251.25,254.8,254.8,250,3.14K,-0.65%,,,,,,,,
13-12-2019,252.9,250,260,245,17.47K,4.48%,,,,,,,,
12-12-2019,242.05,244.3,245.1,240.95,0.94K,0.58%,,,,,,,,
11-12-2019,240.65,241.25,241.65,236.2,2.72K,1.60%,,,,,,,,
10-12-2019,236.85,246.25,251.9,235,15.79K,-3.84%,,,,,,,,
09-12-2019,246.3,242,251.05,241.8,2.78K,3.05%,,,,,,,,
06-12-2019,239,244.6,244.6,234,3.29K,-0.64%,,,,,,,,
05-12-2019,240.55,243.4,246.4,238,4.94K,-1.11%,,,,,,,,
04-12-2019,243.25,235.9,251.65,234.95,9.35K,2.94%,,,,,,,,
03-12-2019,236.3,237.3,240.8,235,3.74K,-0.65%,,,,,,,,
02-12-2019,237.85,239,243.8,235.8,2.71K,-1.10%,,,,,,,,
29-11-2019,240.5,238.5,245.3,235,4.69K,1.35%,,,,,,,,
28-11-2019,237.3,241.5,242.35,235.95,5.58K,-1.08%,,,,,,,,
27-11-2019,239.9,237.7,248.5,236.9,19.78K,2.48%,,,,,,,,
26-11-2019,234.1,226.35,246.5,224,27.11K,4.25%,,,,,,,,
25-11-2019,224.55,227.7,231.3,223.65,1.16K,-0.58%,,,,,,,,
22-11-2019,225.85,227,230.25,224,1.89K,0.58%,,,,,,,,
21-11-2019,224.55,227.4,228.35,223,5.09K,-0.82%,,,,,,,,
20-11-2019,226.4,225.75,231.05,225,1.89K,-0.26%,,,,,,,,
19-11-2019,227,227.95,229,225.65,5.67K,1.32%,,,,,,,,
18-11-2019,224.05,227,229.4,222.35,2.20K,-1.39%,,,,,,,,
15-11-2019,227.2,231.9,236.7,226,8.90K,0.33%,,,,,,,,
14-11-2019,226.45,225.5,229,222,5.12K,1.30%,,,,,,,,
13-11-2019,223.55,227.15,227.75,220,6.24K,-1.35%,,,,,,,,
11-11-2019,226.6,223.95,230.1,222,6.39K,1.27%,,,,,,,,
08-11-2019,223.75,228.65,232.5,222.15,14.75K,-2.61%,,,,,,,,
07-11-2019,229.75,231.1,235.05,229,11.08K,0.07%,,,,,,,,
06-11-2019,229.6,228.5,231.75,222.65,13.96K,1.50%,,,,,,,,
05-11-2019,226.2,223.6,239,221.45,29.88K,1.89%,,,,,,,,
04-11-2019,222,222,230,219.15,7.62K,1.14%,,,,,,,,
01-11-2019,219.5,226.1,232.4,217.1,24.79K,-2.70%,,,,,,,,
31-10-2019,225.6,230.05,236.85,217.9,27.97K,-1.40%,,,,,,,,
30-10-2019,228.8,226.65,234.3,224.75,7.67K,1.33%,,,,,,,,
29-10-2019,225.8,225.45,232.9,223.3,7.81K,2.99%,,,,,,,,
25-10-2019,219.25,228.7,229,217,18.56K,-3.22%,,,,,,,,
24-10-2019,226.55,213.6,242,211.6,76.35K,9.15%,,,,,,,,
23-10-2019,207.55,215.15,218.1,205.1,13.13K,-3.19%,,,,,,,,
22-10-2019,214.4,222.9,225.1,212.25,4.66K,-2.52%,,,,,,,,
18-10-2019,219.95,224,227.3,217,10.11K,-2.05%,,,,,,,,
17-10-2019,224.55,224.85,230.85,222.85,21.12K,0.65%,,,,,,,,
16-10-2019,223.1,229,229.8,220.85,26.27K,-1.80%,,,,,,,,
15-10-2019,227.2,225.95,237,221.1,47.13K,1.79%,,,,,,,,
14-10-2019,223.2,236.15,236.15,220.15,23.39K,-5.14%,,,,,,,,
11-10-2019,235.3,218.4,246,216.65,88.65K,6.16%,,,,,,,,
10-10-2019,221.65,230,238,219.2,105.58K,-1.29%,,,,,,,,
09-10-2019,224.55,186.9,225.05,185,94.48K,19.73%,,,,,,,,
07-10-2019,187.55,168,193.45,164.1,21.56K,11.47%,,,,,,,,
04-10-2019,168.25,172.05,177.55,167.1,3.10K,-2.29%,,,,,,,,
03-10-2019,172.2,176.15,184.95,167.95,5.11K,-1.68%,,,,,,,,
01-10-2019,175.15,184,190.5,163,4.60K,-7.11%,,,,,,,,
30-09-2019,188.55,195,203,182.8,8.82K,-4.96%,,,,,,,,
27-09-2019,198.4,205,207.25,195.75,26.73K,-3.50%,,,,,,,,
26-09-2019,205.6,203,211.55,194.95,41.45K,1.41%,,,,,,,,
25-09-2019,202.75,205.2,218.9,197.2,111.06K,4.94%,,,,,,,,
24-09-2019,193.2,167.1,193.2,167.1,46.76K,20.00%,,,,,,,,
23-09-2019,161,168.2,171.95,159.05,6.88K,0.37%,,,,,,,,
20-09-2019,160.4,148.05,165.95,148,5.06K,6.90%,,,,,,,,
19-09-2019,150.05,150,152.4,145.65,1.52K,-0.69%,,,,,,,,
18-09-2019,151.1,155.4,155.4,151.05,0.90K,-1.82%,,,,,,,,
17-09-2019,153.9,155.5,156.8,152,0.69K,-1.63%,,,,,,,,
16-09-2019,156.45,162.5,162.5,154,1.29K,-2.28%,,,,,,,,
13-09-2019,160.1,159,163.5,158,0.52K,1.97%,,,,,,,,
12-09-2019,157,164,164.25,156.35,2.17K,-0.82%,,,,,,,,
11-09-2019,158.3,155,162.5,153,10.33K,3.91%,,,,,,,,
09-09-2019,152.35,151.6,157,151.2,2.41K,-0.72%,,,,,,,,
06-09-2019,153.45,150,155.9,149.15,0.29K,2.37%,,,,,,,,
05-09-2019,149.9,150,150,148.05,0.16K,2.71%,,,,,,,,
04-09-2019,145.95,149,149,145.6,0.95K,-2.57%,,,,,,,,
03-09-2019,149.8,156.8,156.8,148,0.32K,-0.13%,,,,,,,,
30-08-2019,150,149.85,152.35,148,0.48K,2.25%,,,,,,,,
29-08-2019,146.7,149.9,149.9,142.9,0.93K,-1.34%,,,,,,,,
28-08-2019,148.7,152,154.15,148,0.77K,-1.69%,,,,,,,,
27-08-2019,151.25,153,155.85,151,2.29K,0.46%,,,,,,,,
26-08-2019,150.55,148,154.7,146.05,1.91K,5.54%,,,,,,,,
23-08-2019,142.65,136.5,146.8,135.3,0.60K,2.08%,,,,,,,,
22-08-2019,139.75,150,151.55,135,1.65K,-5.80%,,,,,,,,
21-08-2019,148.35,155.5,157.8,148.1,0.89K,-0.80%,,,,,,,,
20-08-2019,149.55,152,156.95,147.7,1.27K,-1.16%,,,,,,,,
19-08-2019,151.3,153.95,155.55,150.05,0.50K,2.09%,,,,,,,,
16-08-2019,148.2,147.25,151.8,147,0.22K,-1.43%,,,,,,,,
14-08-2019,150.35,150,152,148,0.35K,1.21%,,,,,,,,
13-08-2019,148.55,148.55,153.9,146,1.57K,-1.36%,,,,,,,,
09-08-2019,150.6,154,156.4,148.05,2.69K,-0.76%,,,,,,,,
08-08-2019,151.75,150.55,155,149,0.52K,2.09%,,,,,,,,
07-08-2019,148.65,155.55,156.55,147,0.54K,-2.04%,,,,,,,,
06-08-2019,151.75,149,152,140.05,1.14K,1.17%,,,,,,,,
05-08-2019,150,153.6,154.45,146,2.00K,-4.46%,,,,,,,,
02-08-2019,157,154.95,160,153,4.58K,0.16%,,,,,,,,
01-08-2019,156.75,159.25,160.05,155.25,0.86K,-4.04%,,,,,,,,
31-07-2019,163.35,160,164,155.1,1.83K,1.27%,,,,,,,,
30-07-2019,161.3,168.1,170.15,160,0.87K,-3.56%,,,,,,,,
29-07-2019,167.25,180,180,165.15,1.74K,-3.18%,,,,,,,,
26-07-2019,172.75,178.45,183.4,171.15,1.17K,-3.55%,,,,,,,,
25-07-2019,179.1,174.15,182.5,174.1,1.11K,1.56%,,,,,,,,
24-07-2019,176.35,181.05,181.05,176,0.86K,-1.70%,,,,,,,,
23-07-2019,179.4,180.55,182.25,178.15,7.41K,0.48%,,,,,,,,
22-07-2019,178.55,181.5,186.5,174.2,2.07K,-3.07%,,,,,,,,
19-07-2019,184.2,195.8,196.85,179.85,3.03K,-5.44%,,,,,,,,
18-07-2019,194.8,206.2,207.85,193.95,2.65K,-5.67%,,,,,,,,
17-07-2019,206.5,206.45,211.3,205,0.69K,-2.25%,,,,,,,,
16-07-2019,211.25,209.5,217.7,208.25,1.10K,-0.14%,,,,,,,,
15-07-2019,211.55,216.15,218.55,210.1,0.78K,-1.63%,,,,,,,,
12-07-2019,215.05,219.7,220.7,214.2,2.30K,-1.74%,,,,,,,,
11-07-2019,218.85,222.4,223.3,216.6,0.95K,-1.57%,,,,,,,,
10-07-2019,222.35,225.7,225.8,220,0.83K,-0.31%,,,,,,,,
09-07-2019,223.05,220,225.9,219,0.99K,-0.76%,,,,,,,,
08-07-2019,224.75,230.9,230.9,218.05,5.87K,-2.58%,,,,,,,,
05-07-2019,230.7,241.25,245,228.1,11.40K,-0.94%,,,,,,,,
04-07-2019,232.9,231.7,234.55,231,2.52K,2.40%,,,,,,,,
03-07-2019,227.45,235,237.75,227.25,2.23K,-1.15%,,,,,,,,
02-07-2019,230.1,226,235.55,225.05,0.39K,1.32%,,,,,,,,
01-07-2019,227.1,230.05,232,225.5,3.48K,0.80%,,,,,,,,
28-06-2019,225.3,230.7,231.8,225.3,0.31K,-2.34%,,,,,,,,
27-06-2019,230.7,232.3,232.3,227.35,0.07K,0.87%,,,,,,,,
26-06-2019,228.7,222.7,240.75,222.7,2.57K,3.25%,,,,,,,,
25-06-2019,221.5,225,228.5,221.45,0.51K,-1.64%,,,,,,,,
24-06-2019,225.2,236,236,225,0.48K,-2.09%,,,,,,,,
21-06-2019,230,230,232.2,225,2.33K,0.99%,,,,,,,,
20-06-2019,227.75,225,233.8,220,2.62K,1.09%,,,,,,,,
19-06-2019,225.3,230.9,235.85,221.15,1.64K,-2.95%,,,,,,,,
18-06-2019,232.15,240.95,242,231,0.94K,-3.41%,,,,,,,,
17-06-2019,240.35,243.75,243.75,238.5,1.29K,-0.87%,,,,,,,,
14-06-2019,242.45,246.85,249.8,242,1.73K,-1.02%,,,,,,,,
13-06-2019,244.95,244.55,249.8,238.9,1.37K,-0.79%,,,,,,,,
12-06-2019,246.9,245.8,246.9,245,0.20K,-0.30%,,,,,,,,
11-06-2019,247.65,250,250,243.9,0.48K,-1.63%,,,,,,,,
10-06-2019,251.75,256,256,248.05,0.86K,-0.12%,,,,,,,,
07-06-2019,252.05,250.1,257,250.1,0.51K,-0.02%,,,,,,,,
06-06-2019,252.1,253,265.1,248,4.33K,0.34%,,,,,,,,
04-06-2019,251.25,249.4,252,247.6,0.41K,0.64%,,,,,,,,
03-06-2019,249.65,238.1,258.9,238.1,0.33K,1.07%,,,,,,,,
31-05-2019,247,259.65,259.65,245.1,1.26K,-3.38%,,,,,,,,
30-05-2019,255.65,252.05,257.95,252.05,0.28K,0.49%,,,,,,,,
29-05-2019,254.4,260,260,253.8,1.63K,-4.70%,,,,,,,,
28-05-2019,266.95,264,268.8,258.9,49.48K,4.24%,,,,,,,,
27-05-2019,256.1,247.6,257.6,245,6.64K,4.28%,,,,,,,,
24-05-2019,245.6,230.15,251,227.5,2.91K,6.85%,,,,,,,,
23-05-2019,229.85,240,244.5,228.25,1.58K,-2.59%,,,,,,,,
22-05-2019,235.95,249.45,249.45,232.6,1.34K,-0.72%,,,,,,,,
21-05-2019,237.65,245.25,245.25,232.05,0.56K,-1.43%,,,,,,,,
20-05-2019,241.1,257.9,260,238.25,1.49K,4.83%,,,,,,,,
17-05-2019,230,252.9,252.9,229,0.60K,-3.04%,,,,,,,,
16-05-2019,237.2,239.45,243.45,234.05,0.80K,0.17%,,,,,,,,
15-05-2019,236.8,235,242.9,233.05,1.45K,1.39%,,,,,,,,
14-05-2019,233.55,219.95,241.15,212,2.61K,4.12%,,,,,,,,
13-05-2019,224.3,216.1,226,216,1.61K,2.91%,,,,,,,,
10-05-2019,217.95,216.3,225,216.3,2.06K,-0.46%,,,,,,,,
09-05-2019,218.95,224,229.65,212.7,6.27K,-1.68%,,,,,,,,
08-05-2019,222.7,230.1,230.1,220.75,8.95K,-4.44%,,,,,,,,
07-05-2019,233.05,242,242,230,0.81K,-3.88%,,,,,,,,
06-05-2019,242.45,241.45,246,235.4,0.33K,-1.22%,,,,,,,,
03-05-2019,245.45,248,248,242.5,0.29K,-0.47%,,,,,,,,
02-05-2019,246.6,253,255,244,2.49K,-2.28%,,,,,,,,
30-04-2019,252.35,256,260.7,251.1,1.75K,-2.32%,,,,,,,,
26-04-2019,258.35,258.25,266,257,1.11K,-1.56%,,,,,,,,
25-04-2019,262.45,263,265,255.3,0.34K,-1.32%,,,,,,,,
24-04-2019,265.95,260.2,269.5,260.2,2.75K,0.47%,,,,,,,,
23-04-2019,264.7,263.5,266.15,263.5,1.40K,0.28%,,,,,,,,
22-04-2019,263.95,266.35,269.7,263.5,1.01K,-2.24%,,,,,,,,
18-04-2019,270,273.5,273.5,263.5,1.48K,-0.24%,,,,,,,,
16-04-2019,270.65,271.5,273.5,268.15,1.09K,0.80%,,,,,,,,
15-04-2019,268.5,275.1,275.1,267.25,0.93K,0.21%,,,,,,,,
12-04-2019,267.95,271.95,274.6,265,2.45K,-1.47%,,,,,,,,
11-04-2019,271.95,279,279,266.4,1.29K,1.70%,,,,,,,,
10-04-2019,267.4,274.45,277,267,1.21K,-2.46%,,,,,,,,
09-04-2019,274.15,269.95,276.4,268,1.80K,0.49%,,,,,,,,
08-04-2019,272.8,275.65,280.35,270.65,2.22K,-1.37%,,,,,,,,
05-04-2019,276.6,274,280.1,273.2,2.31K,1.13%,,,,,,,,
04-04-2019,273.5,267.95,274.15,267.9,1.92K,2.90%,,,,,,,,
03-04-2019,265.8,272.9,273,265,3.62K,-2.15%,,,,,,,,
02-04-2019,271.65,272.5,275,271.45,2.88K,2.07%,,,,,,,,
01-04-2019,266.15,268.7,274.85,266,1.30K,0.06%,,,,,,,,
29-03-2019,266,262.5,274.9,261.1,3.51K,1.88%,,,,,,,,
28-03-2019,261.1,269.9,269.9,258.75,1.80K,1.48%,,,,,,,,
27-03-2019,257.3,261.2,267.85,255.55,6.69K,-1.47%,,,,,,,,
26-03-2019,261.15,260.5,261.95,257.2,1.04K,-0.63%,,,,,,,,
25-03-2019,262.8,262,265.9,256.05,1.19K,-1.70%,,,,,,,,
22-03-2019,267.35,263,272.95,260.15,4.43K,1.83%,,,,,,,,
20-03-2019,262.55,279,279,262,2.22K,-2.89%,,,,,,,,
19-03-2019,270.35,273.8,273.8,270,5.03K,-0.57%,,,,,,,,
18-03-2019,271.9,276.9,280.65,264.85,2.69K,-1.79%,,,,,,,,
15-03-2019,276.85,286.7,286.7,276.5,2.87K,-1.81%,,,,,,,,
14-03-2019,281.95,306.9,306.9,280,3.05K,-2.81%,,,,,,,,
13-03-2019,290.1,296.75,298,288.05,1.87K,-1.43%,,,,,,,,
12-03-2019,294.3,301.85,304.7,288,11.76K,3.48%,,,,,,,,
11-03-2019,284.4,293.75,294.95,282.35,2.32K,-0.96%,,,,,,,,
08-03-2019,287.15,292.55,297.9,285.4,3.61K,-1.64%,,,,,,,,
07-03-2019,291.95,291.2,295,289,3.26K,1.64%,,,,,,,,
06-03-2019,287.25,289.35,296.75,284,6.85K,0.58%,,,,,,,,
05-03-2019,285.6,275.75,289,260,6.01K,3.35%,,,,,,,,
01-03-2019,276.35,274,282,272.1,18.97K,5.02%,,,,,,,,
28-02-2019,263.15,263.1,265,258.2,4.01K,3.68%,,,,,,,,
27-02-2019,253.8,268.7,272,252.15,2.26K,-3.90%,,,,,,,,
26-02-2019,264.1,289.95,289.95,263,2.10K,-3.01%,,,,,,,,
25-02-2019,272.3,263,285,263,9.89K,3.54%,,,,,,,,
22-02-2019,263,269.8,269.8,262.05,1.47K,-2.07%,,,,,,,,
21-02-2019,268.55,254.95,270,254.95,4.53K,5.31%,,,,,,,,
20-02-2019,255,249.95,255,245.5,0.62K,4.00%,,,,,,,,
19-02-2019,245.2,249,252,245,0.60K,-0.85%,,,,,,,,
18-02-2019,247.3,248,248.9,242,0.78K,1.19%,,,,,,,,
15-02-2019,244.4,254,254,242.5,0.57K,-3.28%,,,,,,,,
14-02-2019,252.7,238,261.85,230,1.99K,2.77%,,,,,,,,
13-02-2019,245.9,247,251.4,244.4,0.99K,-1.70%,,,,,,,,
12-02-2019,250.15,260,261.75,249,2.63K,-2.68%,,,,,,,,
11-02-2019,257.05,251.05,272,251,1.76K,-1.13%,,,,,,,,
08-02-2019,260,255,263,250,3.91K,-0.02%,,,,,,,,
07-02-2019,260.05,261.7,267.9,256.8,1.64K,-1.40%,,,,,,,,
06-02-2019,263.75,269.85,269.85,261,1.59K,0.88%,,,,,,,,
05-02-2019,261.45,274.65,274.65,260,2.30K,-3.91%,,,,,,,,
04-02-2019,272.1,274.15,293,271.1,1.27K,-4.04%,,,,,,,,
01-02-2019,283.55,273,290.05,270.05,2.46K,2.55%,,,,,,,,
31-01-2019,276.5,277,280,267.15,3.56K,4.24%,,,,,,,,
30-01-2019,265.25,272.95,272.95,263.95,0.64K,0.38%,,,,,,,,
29-01-2019,264.25,270,272.8,261.85,2.60K,-1.03%,,,,,,,,
28-01-2019,267,271.05,272.05,261.95,1.55K,-1.26%,,,,,,,,
25-01-2019,270.4,274,278.6,270,1.92K,-1.96%,,,,,,,,
24-01-2019,275.8,275.05,278.2,275.05,1.07K,-0.77%,,,,,,,,
23-01-2019,277.95,279.5,285,275,0.73K,-1.01%,,,,,,,,
22-01-2019,280.8,281.25,292.35,280,1.84K,-1.25%,,,,,,,,
21-01-2019,284.35,286.15,291,280.2,0.97K,-0.25%,,,,,,,,
18-01-2019,285.05,287.95,293.35,282.5,0.24K,-2.88%,,,,,,,,
17-01-2019,293.5,291.5,296.85,291.45,0.80K,0.39%,,,,,,,,
16-01-2019,292.35,290.85,292.8,288.35,1.69K,0.03%,,,,,,,,
15-01-2019,292.25,292,293.4,288,0.44K,1.69%,,,,,,,,
14-01-2019,287.4,286.35,294.35,285.15,0.20K,0.00%,,,,,,,,
11-01-2019,287.4,291.35,291.85,285,1.72K,-0.28%,,,,,,,,
10-01-2019,288.2,291.5,291.95,285.15,1.06K,-1.12%,,,,,,,,
09-01-2019,291.45,297,298.45,291,1.43K,-1.07%,,,,,,,,
08-01-2019,294.6,296.3,301,292.3,3.07K,-2.24%,,,,,,,,
07-01-2019,301.35,313.25,313.25,300,3.09K,-1.74%,,,,,,,,
04-01-2019,306.7,301.4,309.75,301.4,2.72K,0.39%,,,,,,,,
03-01-2019,305.5,303.15,317,303.15,7.61K,0.16%,,,,,,,,
02-01-2019,305,305.5,307.9,303.1,3.85K,0.73%,,,,,,,,
01-01-2019,302.8,308.05,308.65,301,1.85K,-1.91%,,,,,,,,
31-12-2018,308.7,309.65,311.1,302.1,2.98K,1.21%,,,,,,,,
28-12-2018,305,307.5,317,300,7.21K,0.10%,,,,,,,,
27-12-2018,304.7,290,324.6,285.6,33.58K,5.78%,,,,,,,,
26-12-2018,288.05,282.5,289,282.1,1.90K,0.10%,,,,,,,,
24-12-2018,287.75,294.05,297.5,286.25,1.31K,-3.57%,,,,,,,,
21-12-2018,298.4,303.7,303.7,293.6,2.72K,-0.81%,,,,,,,,
20-12-2018,300.85,300.5,307.9,300,1.69K,0.99%,,,,,,,,
19-12-2018,297.9,293.3,301.95,292.15,2.39K,1.33%,,,,,,,,
18-12-2018,294,284.25,294.15,284.25,1.38K,2.55%,,,,,,,,
17-12-2018,286.7,290,294.3,281.6,1.52K,-0.71%,,,,,,,,
14-12-2018,288.75,291.1,293.7,286.4,0.89K,0.30%,,,,,,,,
13-12-2018,287.9,295.5,301,287.1,2.51K,-2.60%,,,,,,,,
12-12-2018,295.6,288.9,299,288.9,0.96K,3.87%,,,,,,,,
11-12-2018,284.6,273.3,287,273.3,0.35K,1.81%,,,,,,,,
10-12-2018,279.55,276.15,286.75,276.15,0.49K,-0.48%,,,,,,,,
07-12-2018,280.9,284,284.3,277,1.85K,-1.40%,,,,,,,,
06-12-2018,284.9,291.7,296.1,281,3.23K,-3.98%,,,,,,,,
05-12-2018,296.7,300,300,292.35,1.72K,-1.74%,,,,,,,,
04-12-2018,301.95,300.05,304.75,300.05,0.40K,0.37%,,,,,,,,
03-12-2018,300.85,301,306.5,299.75,2.14K,0.99%,,,,,,,,
30-11-2018,297.9,299.15,300.85,294.25,0.91K,-0.37%,,,,,,,,
29-11-2018,299,304,308.8,296,3.21K,-1.43%,,,,,,,,
28-11-2018,303.35,304.8,311.65,300.05,4.83K,2.54%,,,,,,,,
27-11-2018,295.85,296.05,297.35,290.2,0.30K,-0.40%,,,,,,,,
26-11-2018,297.05,296,300,295.95,0.26K,0.58%,,,,,,,,
22-11-2018,295.35,327,327,287,1.65K,1.39%,,,,,,,,
21-11-2018,291.3,292,295.3,287.7,0.43K,-1.04%,,,,,,,,
20-11-2018,294.35,300.7,302,290,1.39K,-1.67%,,,,,,,,
19-11-2018,299.35,303,303,299.25,2.23K,0.66%,,,,,,,,
16-11-2018,297.4,300,300,295,3.75K,0.02%,,,,,,,,
15-11-2018,297.35,304.75,309.4,294.25,4.88K,0.02%,,,,,,,,
14-11-2018,297.3,309.45,310,296,1.95K,-4.96%,,,,,,,,
13-11-2018,312.8,317.9,322,311.7,8.03K,-0.59%,,,,,,,,
12-11-2018,314.65,319.65,328,306.9,3.26K,-0.33%,,,,,,,,
09-11-2018,315.7,302.7,316.45,302.7,1.66K,2.65%,,,,,,,,
07-11-2018,307.55,302,309.4,302,0.77K,0.97%,,,,,,,,
06-11-2018,304.6,314,321.45,303.15,4.75K,-3.30%,,,,,,,,
05-11-2018,315,312,319,293.15,4.52K,7.38%,,,,,,,,
02-11-2018,293.35,286.75,314.45,286.75,12.73K,3.84%,,,,,,,,
01-11-2018,282.5,279.4,287.95,275,3.18K,2.73%,,,,,,,,
31-10-2018,275,268.5,282.7,262,3.69K,0.90%,,,,,,,,
30-10-2018,272.55,269,281.45,269,3.41K,1.47%,,,,,,,,
29-10-2018,268.6,259.35,271.8,259.35,1.22K,3.13%,,,,,,,,
26-10-2018,260.45,261.3,265,258.85,3.24K,-0.97%,,,,,,,,
25-10-2018,263,263.1,267,260.05,2.23K,-0.87%,,,,,,,,
24-10-2018,265.3,274.45,274.45,264.4,3.45K,0.28%,,,,,,,,
23-10-2018,264.55,275.05,280.85,262.3,4.42K,-4.84%,,,,,,,,
22-10-2018,278,287.4,291.1,273.25,6.10K,-5.18%,,,,,,,,
19-10-2018,293.2,300.6,315.4,283.6,7.00K,-1.21%,,,,,,,,
17-10-2018,296.8,307.9,316.65,296,13.74K,0.25%,,,,,,,,
16-10-2018,296.05,300,308,277,6.18K,2.97%,,,,,,,,
15-10-2018,287.5,290,297,276.1,7.65K,2.04%,,,,,,,,
12-10-2018,281.75,283.45,290.3,280.6,1.65K,2.23%,,,,,,,,
11-10-2018,275.6,270,279.05,262.75,4.44K,-0.67%,,,,,,,,
10-10-2018,277.45,273.95,281.65,273.35,1.59K,0.84%,,,,,,,,
09-10-2018,275.15,282,284.05,270,6.26K,-0.05%,,,,,,,,
08-10-2018,275.3,250,280.1,250,8.21K,4.86%,,,,,,,,
05-10-2018,262.55,273,275.3,257.9,2.79K,-4.35%,,,,,,,,
04-10-2018,274.5,273.85,284,271.05,4.58K,-2.19%,,,,,,,,
03-10-2018,280.65,293.45,293.45,275.55,3.56K,-0.76%,,,,,,,,
01-10-2018,282.8,280,306.2,267.8,5.94K,-1.67%,,,,,,,,
28-09-2018,287.6,296.05,298.25,266.05,2.61K,-3.93%,,,,,,,,
27-09-2018,299.35,305.4,307.6,292,2.03K,-1.55%,,,,,,,,
26-09-2018,304.05,308.5,308.5,302.3,3.31K,-1.20%,,,,,,,,
25-09-2018,307.75,324.45,324.45,302.85,3.50K,-2.90%,,,,,,,,
24-09-2018,316.95,330,332,311.4,6.55K,-3.35%,,,,,,,,
21-09-2018,327.95,344.65,346.05,320,4.69K,-4.83%,,,,,,,,
19-09-2018,344.6,341.55,350.1,340.15,5.60K,0.70%,,,,,,,,
18-09-2018,342.2,352.6,352.6,340,4.04K,-1.88%,,,,,,,,
17-09-2018,348.75,348,352.4,346.8,0.91K,-2.67%,,,,,,,,
14-09-2018,358.3,348,369.8,348,10.98K,2.18%,,,,,,,,
12-09-2018,350.65,350.25,356.9,345,1.40K,0.34%,,,,,,,,
11-09-2018,349.45,354,360,348,2.07K,-1.27%,,,,,,,,
10-09-2018,353.95,353.85,358.1,353,1.07K,-2.12%,,,,,,,,
07-09-2018,361.6,358,366.2,358,4.33K,1.36%,,,,,,,,
06-09-2018,356.75,348,368.25,348,3.54K,2.72%,,,,,,,,
05-09-2018,347.3,374.95,374.95,338.75,1.44K,0.75%,,,,,,,,
04-09-2018,344.7,350.15,354.6,343.1,3.36K,-1.92%,,,,,,,,
03-09-2018,351.45,350,357,347.1,2.71K,1.25%,,,,,,,,
31-08-2018,347.1,342.1,359,334,2.98K,-0.76%,,,,,,,,
30-08-2018,349.75,342,370,342,1.19K,-0.21%,,,,,,,,
29-08-2018,350.5,354.55,355.5,346,1.78K,-0.53%,,,,,,,,
28-08-2018,352.35,348.3,361,348.3,2.57K,-1.04%,,,,,,,,
27-08-2018,356.05,355,364.1,352.9,1.91K,0.13%,,,,,,,,
24-08-2018,355.6,360.05,360.05,352.3,2.26K,-1.73%,,,,,,,,
23-08-2018,361.85,365,366.95,361.2,1.46K,-1.98%,,,,,,,,
21-08-2018,369.15,369.45,385,366,15.08K,-0.04%,,,,,,,,
20-08-2018,369.3,387.45,387.45,366,2.69K,-1.60%,,,,,,,,
17-08-2018,375.3,371,377.5,367.2,1.69K,2.36%,,,,,,,,
16-08-2018,366.65,361.15,374.75,361.1,4.84K,1.01%,,,,,,,,
14-08-2018,363,365.35,368,361.7,1.56K,0.28%,,,,,,,,
13-08-2018,362,360,367,356.35,2.40K,-1.36%,,,,,,,,
10-08-2018,367,366.4,371,363,6.19K,0.07%,,,,,,,,
09-08-2018,366.75,360,369.8,358.8,6.16K,2.46%,,,,,,,,
08-08-2018,357.95,368.6,368.6,352,6.10K,-1.53%,,,,,,,,
07-08-2018,363.5,379,379,362.45,6.84K,-5.17%,,,,,,,,
06-08-2018,383.3,374.65,392,370.1,35.41K,5.80%,,,,,,,,
03-08-2018,362.3,347,366,347,13.29K,4.41%,,,,,,,,
02-08-2018,347,345,350,343.7,3.79K,0.64%,,,,,,,,
01-08-2018,344.8,340.75,351,340,4.95K,1.40%,,,,,,,,
31-07-2018,340.05,341.85,347.1,335.35,7.03K,-0.63%,,,,,,,,
30-07-2018,342.2,337.75,346,336.1,2.21K,-0.48%,,,,,,,,
27-07-2018,343.85,337.45,349.9,337.45,3.08K,1.79%,,,,,,,,
26-07-2018,337.8,337,348.65,334.25,3.10K,0.28%,,,,,,,,
25-07-2018,336.85,344,354,332.2,10.09K,-1.91%,,,,,,,,
24-07-2018,343.4,304.75,352,304.75,20.34K,10.92%,,,,,,,,
23-07-2018,309.6,308.5,313.45,303.6,4.02K,1.26%,,,,,,,,
20-07-2018,305.75,310.85,311.35,303.35,1.17K,0.07%,,,,,,,,
19-07-2018,305.55,318,318,296,3.19K,-0.21%,,,,,,,,
18-07-2018,306.2,314,317.35,292.25,4.47K,-1.29%,,,,,,,,
17-07-2018,310.2,316.8,320,307.45,5.73K,-1.12%,,,,,,,,
16-07-2018,313.7,331,331,311.25,3.20K,-3.54%,,,,,,,,
13-07-2018,325.2,325,327.7,313.75,2.94K,-1.45%,,,,,,,,
12-07-2018,330,337.5,337.5,326.5,1.53K,-0.54%,,,,,,,,
11-07-2018,331.8,339,339.1,323.15,4.51K,-1.44%,,,,,,,,
10-07-2018,336.65,312.1,342,311.65,27.89K,8.65%,,,,,,,,
09-07-2018,309.85,298.1,313.3,298.1,4.70K,3.15%,,,,,,,,
06-07-2018,300.4,305,307.3,296.6,2.30K,-0.64%,,,,,,,,
05-07-2018,302.35,299,304.8,299,1.90K,0.25%,,,,,,,,
04-07-2018,301.6,305,308.95,300.2,2.06K,-2.24%,,,,,,,,
03-07-2018,308.5,313.85,317,306.8,1.92K,-1.20%,,,,,,,,
02-07-2018,312.25,300.2,321.35,300.2,5.61K,1.41%,,,,,,,,
29-06-2018,307.9,306.3,310,297,9.85K,1.35%,,,,,,,,
28-06-2018,303.8,291,312.9,287.15,23.63K,2.60%,,,,,,,,
27-06-2018,296.1,305.7,310.65,290.05,5.20K,-4.79%,,,,,,,,
26-06-2018,311,318.05,320.75,310.1,3.12K,-4.13%,,,,,,,,
25-06-2018,324.4,331.85,338.2,322.2,3.04K,-4.14%,,,,,,,,
22-06-2018,338.4,341.2,341.2,333.2,6.29K,-2.17%,,,,,,,,
21-06-2018,345.9,354,354,344.5,6.65K,-2.84%,,,,,,,,
20-06-2018,356,362.65,364,355,4.54K,-1.83%,,,,,,,,
19-06-2018,362.65,371.2,371.2,362,2.26K,-1.72%,,,,,,,,
18-06-2018,369,371.6,379.85,367.45,2.93K,-1.64%,,,,,,,,
15-06-2018,375.15,379.95,380,372.75,3.48K,-1.35%,,,,,,,,
14-06-2018,380.3,387.75,392.1,375.25,4.88K,-3.15%,,,,,,,,
13-06-2018,392.65,398,400,390.2,1.01K,0.80%,,,,,,,,
12-06-2018,389.55,385,394.7,377,3.27K,1.79%,,,,,,,,
11-06-2018,382.7,368.95,385.65,368.95,3.90K,3.33%,,,,,,,,
08-06-2018,370.35,369.7,378.3,360,1.75K,-0.08%,,,,,,,,
07-06-2018,370.65,373.9,388.9,369,3.94K,1.44%,,,,,,,,
06-06-2018,365.4,353,369.95,352.2,5.46K,1.57%,,,,,,,,
05-06-2018,359.75,371.3,376.55,356.4,4.36K,-3.76%,,,,,,,,
04-06-2018,373.8,387.5,390.45,369.6,13.51K,-3.85%,,,,,,,,
01-06-2018,388.75,394,397.75,384.95,6.86K,-2.21%,,,,,,,,
31-05-2018,397.55,420,420,395,1.42K,-2.08%,,,,,,,,
30-05-2018,406,410,416.7,404.05,1.86K,-1.20%,,,,,,,,
29-05-2018,410.95,395.6,423.85,395.6,6.93K,-0.32%,,,,,,,,
28-05-2018,412.25,386.15,418.8,385.7,7.09K,6.15%,,,,,,,,
25-05-2018,388.35,379.9,395.55,375,6.46K,3.12%,,,,,,,,
24-05-2018,376.6,384.95,388.45,375,3.72K,-1.12%,,,,,,,,
23-05-2018,380.85,388,395.2,378.3,5.00K,-1.35%,,,,,,,,
22-05-2018,386.05,389,395.8,384.1,5.77K,-0.19%,,,,,,,,
21-05-2018,386.8,406.55,414.25,383.7,31.17K,-5.00%,,,,,,,,
18-05-2018,407.15,417.4,424.45,401,8.54K,-2.82%,,,,,,,,
17-05-2018,418.95,442,442,414.5,3.06K,-1.47%,,,,,,,,
16-05-2018,425.2,432.2,432.8,421.5,2.91K,-2.44%,,,,,,,,
15-05-2018,435.85,422,446.75,421.75,19.88K,1.85%,,,,,,,,
14-05-2018,427.95,428.05,438,425,5.48K,0.81%,,,,,,,,
11-05-2018,424.5,429.95,429.95,421,11.47K,-0.40%,,,,,,,,
10-05-2018,426.2,436.55,437.6,424.2,19.46K,-1.39%,,,,,,,,
09-05-2018,432.2,429.05,438.95,429,6.24K,1.42%,,,,,,,,
08-05-2018,426.15,421.95,431,416,5.44K,1.61%,,,,,,,,
07-05-2018,419.4,424,424,417.5,1.88K,-0.27%,,,,,,,,
04-05-2018,420.55,427,432,416.55,3.84K,-1.06%,,,,,,,,
03-05-2018,425.05,425.5,427.85,423,1.72K,-1.60%,,,,,,,,
02-05-2018,431.95,439,440.6,427.5,3.20K,0.78%,,,,,,,,
30-04-2018,428.6,429.25,438.25,425.3,2.81K,-0.42%,,,,,,,,
27-04-2018,430.4,428.05,435.75,427.7,3.97K,1.63%,,,,,,,,
26-04-2018,423.5,425,428.3,423,2.96K,-0.19%,,,,,,,,
25-04-2018,424.3,435.8,435.8,422.1,6.37K,-2.10%,,,,,,,,
24-04-2018,433.4,438.5,442.4,431,6.40K,-0.38%,,,,,,,,
23-04-2018,435.05,435,442.45,433.5,3.35K,0.13%,,,,,,,,
20-04-2018,434.5,440.5,440.5,433.7,3.15K,-0.80%,,,,,,,,
19-04-2018,438,441.2,444.15,435.35,4.13K,0.23%,,,,,,,,
18-04-2018,437,443.55,449,436.2,9.06K,-1.45%,,,,,,,,
17-04-2018,443.45,438.5,449.9,438.5,13.31K,0.86%,,,,,,,,
16-04-2018,439.65,430,446.65,428,15.03K,0.92%,,,,,,,,
13-04-2018,435.65,432.35,448,432.3,9.84K,0.88%,,,,,,,,
12-04-2018,431.85,433.6,443,428.75,4.20K,0.77%,,,,,,,,
11-04-2018,428.55,435.05,435.05,425.15,2.35K,-1.56%,,,,,,,,
10-04-2018,435.35,443.1,443.1,432.15,15.13K,-0.58%,,,,,,,,
09-04-2018,437.9,435.95,448.95,435.95,12.70K,0.83%,,,,,,,,
06-04-2018,434.3,432.95,446,427.9,11.77K,0.53%,,,,,,,,
05-04-2018,432,430,441.5,427.25,12.81K,3.51%,,,,,,,,
04-04-2018,417.35,437.2,447,415.5,12.29K,-4.10%,,,,,,,,
03-04-2018,435.2,433.9,446.95,428,36.93K,-0.27%,,,,,,,,
02-04-2018,436.4,387.5,457.25,387,93.92K,14.53%,,,,,,,,
28-03-2018,381.05,390,390,375,11.08K,-2.46%,,,,,,,,
27-03-2018,390.65,392,403.9,387.1,18.33K,1.32%,,,,,,,,
26-03-2018,385.55,396,396,376.15,18.69K,-0.81%,,,,,,,,
23-03-2018,388.7,404,404,376.6,14.92K,-4.19%,,,,,,,,
22-03-2018,405.7,417,417,400,5.04K,-1.61%,,,,,,,,
21-03-2018,412.35,420.15,420.65,410.05,11.65K,0.01%,,,,,,,,
20-03-2018,412.3,420,425.4,411.3,10.92K,-1.90%,,,,,,,,
19-03-2018,420.3,439.95,440,417,11.53K,-3.87%,,,,,,,,
16-03-2018,437.2,439.95,447,433.6,12.67K,0.34%,,,,,,,,
15-03-2018,435.7,439,439.75,432.7,13.45K,1.27%,,,,,,,,
14-03-2018,430.25,433,444.4,427.7,13.38K,-2.25%,,,,,,,,
13-03-2018,440.15,433,444.85,421,17.99K,3.92%,,,,,,,,
12-03-2018,423.55,407.65,430,407.15,21.87K,5.03%,,,,,,,,
09-03-2018,403.25,401.2,414.4,401,9.42K,-0.21%,,,,,,,,
08-03-2018,404.1,402,411,398.05,53.33K,0.66%,,,,,,,,
07-03-2018,401.45,411,417.8,396.4,15.71K,-3.28%,,,,,,,,
06-03-2018,415.05,434.95,435,410.25,10.75K,-3.50%,,,,,,,,
05-03-2018,430.1,427.75,436.1,426,6.18K,0.55%,,,,,,,,
01-03-2018,427.75,432,436,422.1,4.37K,-0.51%,,,,,,,,
28-02-2018,429.95,435,437.6,426.5,10.46K,-0.97%,,,,,,,,
27-02-2018,434.15,443,443.2,432.1,5.24K,-1.43%,,,,,,,,
26-02-2018,440.45,447,452.65,436.55,9.42K,-0.35%,,,,,,,,
23-02-2018,442,437.3,448,435.25,11.49K,2.37%,,,,,,,,
22-02-2018,431.75,430,435.9,428.2,8.15K,-0.84%,,,,,,,,
21-02-2018,435.4,445,452.6,432.75,14.11K,-1.02%,,,,,,,,
20-02-2018,439.9,449,454.75,432.9,13.62K,-0.43%,,,,,,,,
19-02-2018,441.8,463.5,464.75,440,16.57K,-3.53%,,,,,,,,
16-02-2018,457.95,479.2,484.45,455,9.65K,-2.88%,,,,,,,,
15-02-2018,471.55,484.6,494.65,465.95,15.83K,-3.40%,,,,,,,,
14-02-2018,488.15,507.95,507.95,480.1,24.69K,-1.13%,,,,,,,,
12-02-2018,493.75,470,500,470,32.61K,4.89%,,,,,,,,
09-02-2018,470.75,466.9,478,446.15,16.83K,-3.83%,,,,,,,,
08-02-2018,489.5,464.7,498,456.9,40.21K,5.96%,,,,,,,,
07-02-2018,461.95,425,470,425,64.77K,12.62%,,,,,,,,
06-02-2018,410.2,393,420,385.25,72.08K,-7.40%,,,,,,,,
05-02-2018,443,460,460,405,40.63K,-5.70%,,,,,,,,
02-02-2018,469.8,489,489.25,464,21.70K,-5.11%,,,,,,,,
01-02-2018,495.1,492.3,546.25,490,98.69K,0.66%,,,,,,,,
31-01-2018,491.85,489.3,503.5,489.3,8.42K,0.41%,,,,,,,,
30-01-2018,489.85,503.45,503.45,489,9.60K,-2.70%,,,,,,,,
29-01-2018,503.45,501.8,513,501.8,7.21K,0.38%,,,,,,,,
25-01-2018,501.55,508,515.2,496,6.43K,-1.10%,,,,,,,,
24-01-2018,507.15,509.9,515,500.25,8.19K,-0.59%,,,,,,,,
23-01-2018,510.15,515,522,509.9,5.53K,0.05%,,,,,,,,
22-01-2018,509.9,512,527.3,503.1,15.12K,-0.39%,,,,,,,,
19-01-2018,511.9,509.8,517.35,507.55,7.85K,-0.22%,,,,,,,,
18-01-2018,513.05,522.3,536.85,510.1,20.87K,-1.95%,,,,,,,,
17-01-2018,523.25,531,543.45,517.4,32.46K,-1.36%,,,,,,,,
16-01-2018,530.45,536.6,555.65,528.4,15.45K,0.03%,,,,,,,,
15-01-2018,530.3,546,547.6,525.1,15.25K,-2.04%,,,,,,,,
12-01-2018,541.35,556,556,535,4.92K,0.09%,,,,,,,,
11-01-2018,540.85,549.3,554.9,538.05,10.00K,-0.23%,,,,,,,,
10-01-2018,542.1,550,553.9,540,12.46K,-1.75%,,,,,,,,
09-01-2018,551.75,559.8,559.8,547.05,16.83K,-0.18%,,,,,,,,
08-01-2018,552.75,559.15,560.3,551.15,39.68K,-0.59%,,,,,,,,
05-01-2018,556.05,554.15,563.05,552,12.11K,1.53%,,,,,,,,
04-01-2018,547.65,528.3,554.3,527.2,32.08K,3.67%,,,,,,,,
03-01-2018,528.25,544.2,544.25,521.8,27.40K,-2.53%,,,,,,,,
02-01-2018,541.95,547,553.4,538,29.14K,-0.36%,,,,,,,,
01-01-2018,543.9,552.85,570,540.75,9.08K,-0.94%,,,,,,,,
29-12-2017,549.05,552,561,544,8.09K,-0.82%,,,,,,,,
28-12-2017,553.6,554.1,562.1,551.25,8.50K,-0.21%,,,,,,,,
27-12-2017,554.75,567.3,567.3,547,20.70K,-1.45%,,,,,,,,
26-12-2017,562.9,560,574,559.5,22.18K,0.65%,,,,,,,,
22-12-2017,559.25,556.2,572.4,555.35,42.11K,0.88%,,,,,,,,
21-12-2017,554.35,537,564.6,537,60.63K,4.02%,,,,,,,,
20-12-2017,532.95,506,554,506,87.62K,5.83%,,,,,,,,
19-12-2017,503.6,517,517,500,18.32K,0.29%,,,,,,,,
18-12-2017,502.15,500,511.9,485.8,26.25K,-0.28%,,,,,,,,
15-12-2017,503.55,512,518.9,500.05,28.41K,-0.93%,,,,,,,,
14-12-2017,508.3,517.3,529.1,495.75,30.83K,-1.10%,,,,,,,,
13-12-2017,513.95,525.15,532.7,509,22.73K,-2.02%,,,,,,,,
12-12-2017,524.55,526,534.65,523.05,13.23K,-0.35%,,,,,,,,
11-12-2017,526.4,525.2,536.55,524,23.09K,0.97%,,,,,,,,
08-12-2017,521.35,524.95,529,519,18.73K,0.50%,,,,,,,,
07-12-2017,518.75,513,531,513,24.94K,1.65%,,,,,,,,
06-12-2017,510.35,521.7,528.4,508.15,18.91K,-2.16%,,,,,,,,
05-12-2017,521.6,517,533.9,515.45,17.70K,0.43%,,,,,,,,
04-12-2017,519.35,540,541,513.35,16.08K,-2.26%,,,,,,,,
01-12-2017,531.35,531,553.5,520.4,32.64K,2.13%,,,,,,,,
30-11-2017,520.25,523.2,526.35,517.6,7.06K,-0.87%,,,,,,,,
29-11-2017,524.8,520,535,520,8.01K,-0.78%,,,,,,,,
28-11-2017,528.9,540,540,525.4,7.60K,-1.59%,,,,,,,,
27-11-2017,537.45,532.35,542.7,532.3,14.22K,0.97%,,,,,,,,
24-11-2017,532.3,542.35,548.25,530.2,11.36K,-0.46%,,,,,,,,
23-11-2017,534.75,528,549,528,15.94K,0.31%,,,,,,,,
22-11-2017,533.1,538,543.45,528.5,14.79K,-0.74%,,,,,,,,
21-11-2017,537.05,546.8,553.3,533.1,20.01K,-1.07%,,,,,,,,
20-11-2017,542.85,538,564.5,532.05,55.90K,0.76%,,,,,,,,
17-11-2017,538.75,551,551,535.5,12.24K,-0.04%,,,,,,,,
16-11-2017,538.95,526.1,559,526.1,86.93K,3.44%,,,,,,,,
15-11-2017,521.05,486.15,563.15,484,196.98K,6.99%,,,,,,,,
14-11-2017,487,488.65,493.5,472.95,33.37K,-1.81%,,,,,,,,
13-11-2017,496,517,520,490,13.51K,-3.24%,,,,,,,,
10-11-2017,512.6,530,531.95,502.9,10.74K,-2.45%,,,,,,,,
09-11-2017,525.45,529.9,542.2,520.25,17.53K,-1.18%,,,,,,,,
08-11-2017,531.75,539,551.35,529.3,7.55K,-1.41%,,,,,,,,
07-11-2017,539.35,553.1,564.8,535.1,21.95K,-2.07%,,,,,,,,
06-11-2017,550.75,556.1,562.6,544.2,7.79K,-0.96%,,,,,,,,
03-11-2017,556.1,563.8,569,555,16.71K,0.07%,,,,,,,,
02-11-2017,555.7,534.2,574.9,534.2,57.94K,3.77%,,,,,,,,
01-11-2017,535.5,544.4,546.3,533.3,8.12K,-0.47%,,,,,,,,
31-10-2017,538.05,538.2,546.15,534,15.96K,0.63%,,,,,,,,
30-10-2017,534.7,538,556.2,527.85,39.81K,0.28%,,,,,,,,
27-10-2017,533.2,518.3,547.75,518.3,31.64K,2.88%,,,,,,,,
26-10-2017,518.25,526.5,530,515,9.26K,-1.49%,,,,,,,,
25-10-2017,526.1,528,538.85,523,16.35K,0.31%,,,,,,,,
24-10-2017,524.5,547.9,547.9,512,28.96K,0.23%,,,,,,,,
23-10-2017,523.3,543.9,544.05,517.5,15.70K,-3.17%,,,,,,,,
19-10-2017,540.45,540,545.25,537.85,8.24K,0.96%,,,,,,,,
18-10-2017,535.3,547.7,547.7,533,8.83K,-1.16%,,,,,,,,
17-10-2017,541.6,549.45,554.4,535.4,14.03K,-0.74%,,,,,,,,
16-10-2017,545.65,532,559,530.1,37.89K,1.46%,,,,,,,,
13-10-2017,537.8,546.35,549.25,536,13.37K,-0.65%,,,,,,,,
12-10-2017,541.3,549.95,556.75,537.15,26.66K,-0.66%,,,,,,,,
11-10-2017,544.9,550,565.95,540.8,28.56K,-1.93%,,,,,,,,
10-10-2017,555.6,555.9,566.6,554.4,31.35K,1.44%,,,,,,,,
09-10-2017,547.7,560,572,535,95.93K,-4.00%,,,,,,,,
06-10-2017,570.55,575,590.5,569,51.03K,0.15%,,,,,,,,
05-10-2017,569.7,574,588.25,566.5,36.34K,-1.81%,,,,,,,,
04-10-2017,580.2,575.25,603,563.75,109.01K,1.93%,,,,,,,,
03-10-2017,569.2,568,583.95,560,56.72K,3.52%,,,,,,,,
29-09-2017,549.85,558.55,570,548,21.80K,-0.47%,,,,,,,,
28-09-2017,552.45,557.6,563.6,542.2,29.79K,1.08%,,,,,,,,
27-09-2017,546.55,565.85,579.9,541.5,67.80K,-1.98%,,,,,,,,
26-09-2017,557.6,524,564,515.5,105.28K,6.65%,,,,,,,,
25-09-2017,522.85,573,573,519,93.97K,-9.33%,,,,,,,,
22-09-2017,576.65,584,609.75,570,88.95K,-2.60%,,,,,,,,
21-09-2017,592.05,598.8,616.25,575.35,89.68K,-0.82%,,,,,,,,
20-09-2017,596.95,612,623.3,587.95,44.42K,-1.94%,,,,,,,,
19-09-2017,608.75,621,628,605.25,41.26K,-0.62%,,,,,,,,
18-09-2017,612.55,606.3,628.5,595.3,119.99K,1.98%,,,,,,,,
15-09-2017,600.65,585.1,624.75,571,242.62K,1.92%,,,,,,,,
14-09-2017,589.35,555,598,554.45,192.81K,6.71%,,,,,,,,
13-09-2017,552.3,574.7,574.7,545.5,149.48K,-4.05%,,,,,,,,
12-09-2017,575.6,524,593.3,516,705.54K,12.04%,,,,,,,,
11-09-2017,513.75,439.8,515.85,439.8,445.31K,19.50%,,,,,,,,
08-09-2017,429.9,415,438.8,412.7,74.88K,4.52%,,,,,,,,
07-09-2017,411.3,419.6,419.6,409,27.72K,-0.41%,,,,,,,,
06-09-2017,413,407.45,423.9,402.85,43.61K,1.49%,,,,,,,,
05-09-2017,406.95,425,425.5,395,103.80K,-3.34%,,,,,,,,
04-09-2017,421,407.6,437,407.6,177.80K,3.87%,,,,,,,,
01-09-2017,405.3,405.95,409,393.4,55.55K,1.48%,,,,,,,,
31-08-2017,399.4,373.3,413,370,241.03K,8.08%,,,,,,,,
30-08-2017,369.55,350,379.85,350,86.55K,6.85%,,,,,,,,
29-08-2017,345.85,341.45,348.9,336,9.49K,0.99%,,,,,,,,
28-08-2017,342.45,345.65,350,340.05,10.15K,-0.58%,,,,,,,,
24-08-2017,344.45,344.15,347,339.3,25.92K,0.75%,,,,,,,,
23-08-2017,341.9,348.9,348.9,341.05,30.03K,0.97%,,,,,,,,
22-08-2017,338.6,347,348.8,336.3,22.18K,-1.53%,,,,,,,,
21-08-2017,343.85,350,358,341.05,22.16K,-0.15%,,,,,,,,
18-08-2017,344.35,330,346.45,327.05,34.02K,3.05%,,,,,,,,
17-08-2017,334.15,335.25,339.1,331.8,10.93K,-0.48%,,,,,,,,
16-08-2017,335.75,331,341,329.2,19.70K,3.96%,,,,,,,,
14-08-2017,322.95,321.7,326.6,318.8,14.05K,4.31%,,,,,,,,
11-08-2017,309.6,307.05,322.2,301.75,25.67K,-1.24%,,,,,,,,
10-08-2017,313.5,332.75,332.75,306,45.17K,-6.72%,,,,,,,,
09-08-2017,336.1,356.95,359.9,333.45,40.01K,-2.45%,,,,,,,,
08-08-2017,344.55,363.5,365.3,342.65,32.44K,-4.12%,,,,,,,,
07-08-2017,359.35,337,372.6,326.65,123.63K,8.24%,,,,,,,,
04-08-2017,332,335.9,338.8,321.95,34.47K,-0.67%,,,,,,,,
03-08-2017,334.25,347.9,352.35,331,20.35K,-2.83%,,,,,,,,
02-08-2017,344,352,352,342.55,7.75K,-1.88%,,,,,,,,
01-08-2017,350.6,356.55,365,348.8,8.63K,-0.44%,,,,,,,,
31-07-2017,352.15,347.7,359,343.5,22.84K,1.62%,,,,,,,,
28-07-2017,346.55,345.65,351,343.2,9.88K,-0.36%,,,,,,,,
27-07-2017,347.8,360,360,345,26.18K,-2.15%,,,,,,,,
26-07-2017,355.45,356.85,360.85,353.75,10.93K,0.20%,,,,,,,,
25-07-2017,354.75,360.9,362.3,351.5,32.54K,-0.50%,,,,,,,,
24-07-2017,356.55,364.4,369,355,27.71K,-2.03%,,,,,,,,
21-07-2017,363.95,367,372,360.2,45.88K,-0.42%,,,,,,,,
20-07-2017,365.5,358,382.4,353.3,101.38K,2.50%,,,,,,,,
19-07-2017,356.6,362,363.2,354.45,18.12K,-1.22%,,,,,,,,
18-07-2017,361,369.9,373.95,358.55,26.09K,-1.54%,,,,,,,,
17-07-2017,366.65,371,376,364,40.91K,0.20%,,,,,,,,
14-07-2017,365.9,370.95,382.9,360,90.15K,0.22%,,,,,,,,
13-07-2017,365.1,358.3,370,356.35,52.73K,2.64%,,,,,,,,
12-07-2017,355.7,351.55,369,347.25,69.82K,1.41%,,,,,,,,
11-07-2017,350.75,368.6,373.7,348.1,72.67K,-3.97%,,,,,,,,
10-07-2017,365.25,373.5,382.8,359,146.36K,-1.31%,,,,,,,,
07-07-2017,370.1,350,388.9,350,582.94K,7.84%,,,,,,,,
06-07-2017,343.2,289.9,343.3,289.9,440.26K,19.96%,,,,,,,,
05-07-2017,286.1,294,294.75,284.1,10.94K,-2.44%,,,,,,,,
04-07-2017,293.25,266.5,300.15,266.5,68.18K,5.94%,,,,,,,,
03-07-2017,276.8,260.1,278.8,260.1,7.89K,5.57%,,,,,,,,
30-06-2017,262.2,265,265,260.1,3.79K,-1.15%,,,,,,,,
29-06-2017,265.25,268.25,270.8,265,4.39K,0.70%,,,,,,,,
28-06-2017,263.4,262.1,268.3,262,17.22K,0.46%,,,,,,,,
27-06-2017,262.2,267.05,270.3,260.45,24.78K,-2.51%,,,,,,,,
23-06-2017,268.95,272.65,273.1,266.4,15.02K,-1.79%,,,,,,,,
22-06-2017,273.85,277.15,278.25,273,4.21K,-0.92%,,,,,,,,
21-06-2017,276.4,279.95,279.95,275.45,6.68K,-1.93%,,,,,,,,
20-06-2017,281.85,291.9,291.9,276.2,13.46K,1.40%,,,,,,,,
19-06-2017,277.95,284.3,284.3,276.55,13.57K,-1.42%,,,,,,,,
16-06-2017,281.95,280.9,287.05,280.3,12.35K,0.05%,,,,,,,,
15-06-2017,281.8,287.9,288.05,280.5,15.25K,-1.93%,,,,,,,,
14-06-2017,287.35,295,300,285,189.90K,5.10%,,,,,,,,
13-06-2017,273.4,270.6,274.4,269.9,8.28K,1.75%,,,,,,,,
12-06-2017,268.7,269.85,270.5,267,4.33K,-1.27%,,,,,,,,
09-06-2017,272.15,266.7,277.2,266.7,5.18K,1.85%,,,,,,,,
08-06-2017,267.2,267.65,271.15,264.8,4.31K,-0.17%,,,,,,,,
07-06-2017,267.65,268,270.7,261.95,3.89K,-0.34%,,,,,,,,
06-06-2017,268.55,270,272.35,267.8,4.51K,-0.52%,,,,,,,,
05-06-2017,269.95,274.9,274.9,269.25,4.65K,-0.99%,,,,,,,,
02-06-2017,272.65,278.95,278.95,265.5,5.38K,-0.16%,,,,,,,,
01-06-2017,273.1,278.8,281.2,272,8.01K,-0.42%,,,,,,,,
31-05-2017,274.25,286.6,289,272.1,7.69K,-2.49%,,,,,,,,
30-05-2017,281.25,289.8,289.8,280,7.91K,-0.09%,,,,,,,,
29-05-2017,281.5,285,288.9,278.6,16.59K,-0.93%,,,,,,,,
26-05-2017,284.15,279.95,285,276.95,11.50K,3.06%,,,,,,,,
25-05-2017,275.7,273,277.6,271.55,3.57K,2.04%,,,,,,,,
24-05-2017,270.2,275,283,266.5,9.06K,-1.66%,,,,,,,,
23-05-2017,274.75,279.1,282,262,11.26K,-1.86%,,,,,,,,
22-05-2017,279.95,285,287.85,278.85,5.95K,0.36%,,,,,,,,
19-05-2017,278.95,283,284.9,276.3,9.89K,-1.03%,,,,,,,,
18-05-2017,281.85,282.45,285.55,279.95,8.39K,-0.84%,,,,,,,,
17-05-2017,284.25,281.35,290,280.55,19.66K,1.12%,,,,,,,,
16-05-2017,281.1,288,288,280.1,8.65K,-1.39%,,,,,,,,
15-05-2017,285.05,278.7,289,276.6,17.37K,3.37%,,,,,,,,
12-05-2017,275.75,275.3,277.3,269.8,9.01K,0.38%,,,,,,,,
11-05-2017,274.7,280,280,272.3,6.71K,-1.20%,,,,,,,,
10-05-2017,278.05,280.6,281.1,277.25,3.00K,0.54%,,,,,,,,
09-05-2017,276.55,274.85,278.3,272.7,5.80K,0.89%,,,,,,,,
08-05-2017,274.1,277.35,278.3,272.55,5.34K,-0.27%,,,,,,,,
05-05-2017,274.85,277.7,279.55,273.9,14.91K,0.16%,,,,,,,,
04-05-2017,274.4,279,279,273.55,6.41K,-0.36%,,,,,,,,
03-05-2017,275.4,281,281,274.55,9.43K,-0.29%,,,,,,,,
02-05-2017,276.2,277,283.4,275.55,10.26K,-1.11%,,,,,,,,
28-04-2017,279.3,281.95,282.35,277.45,21.21K,-0.05%,,,,,,,,
27-04-2017,279.45,283.8,283.8,278.5,8.52K,-0.11%,,,,,,,,
26-04-2017,279.75,288,288,276.5,17.92K,-2.07%,,,,,,,,
25-04-2017,285.65,284.25,294,284.25,42.22K,0.85%,,,,,,,,
24-04-2017,283.25,285.05,286.85,280,18.78K,0.05%,,,,,,,,
21-04-2017,283.1,278.35,298.65,275.6,76.30K,2.93%,,,,,,,,
20-04-2017,275.05,275.85,284,272,36.22K,4.05%,,,,,,,,
19-04-2017,264.35,265.5,268.2,261.9,8.51K,0.11%,,,,,,,,
18-04-2017,264.05,268.35,271.2,262.6,5.38K,-1.12%,,,,,,,,
17-04-2017,267.05,271.5,271.5,266.2,5.55K,-0.69%,,,,,,,,
13-04-2017,268.9,269.7,273.15,265.2,4.57K,0.02%,,,,,,,,
12-04-2017,268.85,274.3,274.3,267.15,6.43K,-1.63%,,,,,,,,
11-04-2017,273.3,270.7,276.4,270.1,9.33K,1.62%,,,,,,,,
10-04-2017,268.95,278.45,279.4,266.7,11.28K,-2.27%,,,,,,,,
07-04-2017,275.2,280.55,281.6,273.9,14.43K,-2.55%,,,,,,,,
06-04-2017,282.4,281.9,286.15,279.1,8.08K,-0.81%,,,,,,,,
05-04-2017,284.7,280.65,289.3,279.9,19.01K,1.82%,,,,,,,,
03-04-2017,279.6,279,282.4,276.2,9.48K,0.54%,,,,,,,,
31-03-2017,278.1,276.75,282,275,21.52K,0.07%,,,,,,,,
30-03-2017,277.9,280,281.3,276.8,12.10K,0.83%,,,,,,,,
29-03-2017,275.6,280.4,280.4,274.5,13.54K,-1.38%,,,,,,,,
28-03-2017,279.45,279.45,284,278.45,18.07K,1.34%,,,,,,,,
27-03-2017,275.75,279.9,284,274.5,7.70K,-1.92%,,,,,,,,
24-03-2017,281.15,276.15,290.65,275.55,22.02K,1.70%,,,,,,,,
23-03-2017,276.45,277.3,279.9,274,17.93K,0.04%,,,,,,,,
22-03-2017,276.35,276.8,279.65,274,8.66K,-1.16%,,,,,,,,
21-03-2017,279.6,283.7,286,278.25,19.56K,-0.64%,,,,,,,,
20-03-2017,281.4,273.1,294.9,272.85,28.96K,4.05%,,,,,,,,
17-03-2017,270.45,277.1,281.4,269.25,10.01K,-2.77%,,,,,,,,
16-03-2017,278.15,271.4,284,271.4,43.37K,2.49%,,,,,,,,
15-03-2017,271.4,264.5,273.75,263.9,15.09K,3.12%,,,,,,,,
14-03-2017,263.2,277.95,277.95,262.1,5.03K,1.00%,,,,,,,,
10-03-2017,260.6,265.25,267.85,259,6.63K,-1.34%,,,,,,,,
09-03-2017,264.15,265.4,267.85,260.95,7.33K,-1.45%,,,,,,,,
08-03-2017,268.05,272.7,273,267,7.15K,-0.91%,,,,,,,,
07-03-2017,270.5,272.6,274,269.1,3.55K,-0.22%,,,,,,,,
06-03-2017,271.1,274.3,276.25,270,4.29K,-1.17%,,,,,,,,
03-03-2017,274.3,272.1,275.25,270.5,4.73K,-0.18%,,,,,,,,
02-03-2017,274.8,280.1,282.8,273.05,4.98K,-1.54%,,,,,,,,
01-03-2017,279.1,281.7,284,278,9.78K,-0.36%,,,,,,,,
28-02-2017,280.1,279.9,284,276.65,26.22K,0.85%,,,,,,,,
27-02-2017,277.75,272.95,279.8,271.55,32.90K,3.70%,,,,,,,,
23-02-2017,267.85,268.95,274.9,266.3,25.08K,-0.30%,,,,,,,,
22-02-2017,268.65,272.3,276.5,267.6,18.25K,-0.85%,,,,,,,,
21-02-2017,270.95,273.45,276.8,266,28.48K,-0.28%,,,,,,,,
20-02-2017,271.7,278.8,278.8,271.25,9.85K,-1.22%,,,,,,,,
17-02-2017,275.05,279,281.25,274.25,12.88K,-0.36%,,,,,,,,
16-02-2017,276.05,272.3,281,271.35,16.42K,2.28%,,,,,,,,
15-02-2017,269.9,275,279.95,268,12.76K,-1.91%,,,,,,,,
14-02-2017,275.15,285,285,274.05,22.92K,-2.29%,,,,,,,,
13-02-2017,281.6,281.65,287,280.05,26.62K,1.11%,,,,,,,,
10-02-2017,278.5,267.8,283.6,264.5,137.27K,4.17%,,,,,,,,
09-02-2017,267.35,268,281,263.3,111.01K,0.22%,,,,,,,,
08-02-2017,266.75,257.5,278.45,257.3,138.86K,4.77%,,,,,,,,
07-02-2017,254.6,262,262,253.35,4.63K,-2.43%,,,,,,,,
06-02-2017,260.95,256,265.15,250,17.83K,3.55%,,,,,,,,
03-02-2017,252,256,257,251,2.44K,-1.12%,,,,,,,,
02-02-2017,254.85,258,259.15,253,3.15K,0.43%,,,,,,,,
01-02-2017,253.75,244.5,258.5,239.5,6.20K,3.34%,,,,,,,,
31-01-2017,245.55,230,253.5,230,9.04K,-3.44%,,,,,,,,
30-01-2017,254.3,257.85,257.85,252.25,5.13K,-0.47%,,,,,,,,
27-01-2017,255.5,263.15,264.65,254.05,8.57K,-1.50%,,,,,,,,
25-01-2017,259.4,263.35,267.2,258.15,6.37K,-0.90%,,,,,,,,
24-01-2017,261.75,261.5,264.65,260.1,6.42K,0.54%,,,,,,,,
23-01-2017,260.35,259.5,262,256.1,7.50K,2.20%,,,,,,,,
20-01-2017,254.75,260.8,266,252,11.37K,-2.39%,,,,,,,,
19-01-2017,261,262.55,267,260.1,5.61K,-0.11%,,,,,,,,
18-01-2017,261.3,268.95,268.95,260.25,6.23K,-1.15%,,,,,,,,
17-01-2017,264.35,251.05,267.9,251.05,58.49K,3.22%,,,,,,,,
16-01-2017,256.1,255,260.8,252.4,8.78K,-0.52%,,,,,,,,
13-01-2017,257.45,254.95,261.5,250,23.53K,1.76%,,,,,,,,
12-01-2017,253,260.8,266,249.8,33.93K,-2.75%,,,,,,,,
11-01-2017,260.15,253.4,269,253,108.35K,5.49%,,,,,,,,
10-01-2017,246.6,244,249.3,244,5.67K,0.96%,,,,,,,,
09-01-2017,244.25,242.95,249.75,242.8,6.77K,1.06%,,,,,,,,
06-01-2017,241.7,249.8,250.7,240.5,15.91K,-2.30%,,,,,,,,
05-01-2017,247.4,238.25,257.25,229.65,81.04K,5.43%,,,,,,,,
04-01-2017,234.65,239.75,239.75,234,9.26K,-0.42%,,,,,,,,
03-01-2017,235.65,237,240.1,232.5,12.30K,-0.46%,,,,,,,,
02-01-2017,236.75,231.45,238,227.2,20.18K,2.62%,,,,,,,,
30-12-2016,230.7,234,236.6,229.75,9.59K,-1.33%,,,,,,,,
29-12-2016,233.8,224.1,242,223,51.50K,5.39%,,,,,,,,
28-12-2016,221.85,224,229,220,17.49K,-0.47%,,,,,,,,
27-12-2016,222.9,216,226,212.3,19.20K,4.04%,,,,,,,,
26-12-2016,214.25,220.7,220.7,213,9.58K,-3.45%,,,,,,,,
23-12-2016,221.9,220,226.5,217.1,9.15K,0.84%,,,,,,,,
22-12-2016,220.05,224,224.6,216.6,14.54K,-2.22%,,,,,,,,
21-12-2016,225.05,229.1,230.4,224.25,7.94K,-0.18%,,,,,,,,
20-12-2016,225.45,235.4,236,225,9.98K,-3.16%,,,,,,,,
19-12-2016,232.8,229.8,236,225.45,13.17K,1.37%,,,,,,,,
16-12-2016,229.65,233.75,234.9,227.6,8.92K,-0.28%,,,,,,,,
15-12-2016,230.3,230,237.9,225.05,21.43K,-0.84%,,,,,,,,
14-12-2016,232.25,243.9,244,229,20.54K,-3.61%,,,,,,,,
13-12-2016,240.95,244.5,255.9,240,21.52K,-0.04%,,,,,,,,
12-12-2016,241.05,245.5,248.5,236.75,14.29K,-2.53%,,,,,,,,
09-12-2016,247.3,246.95,254.7,243.55,47.54K,1.04%,,,,,,,,
08-12-2016,244.75,245,250,242,22.48K,1.45%,,,,,,,,
07-12-2016,241.25,245.7,256.2,238.8,44.24K,-1.29%,,,,,,,,
06-12-2016,244.4,246.5,257.85,242,69.40K,-0.12%,,,,,,,,
05-12-2016,244.7,225,249.75,222,84.76K,10.70%,,,,,,,,
02-12-2016,221.05,227.05,227.55,220,10.59K,-4.02%,,,,,,,,
01-12-2016,230.3,237,238.55,228.8,16.11K,-2.31%,,,,,,,,
30-11-2016,235.75,235.5,239.9,234.05,24.46K,1.20%,,,,,,,,
29-11-2016,232.95,232.5,241.35,231.55,36.16K,0.87%,,,,,,,,
28-11-2016,230.95,231,240.55,228.25,50.41K,-0.82%,,,,,,,,
25-11-2016,232.85,230,238,229.6,36.55K,2.85%,,,,,,,,
24-11-2016,226.4,215.05,230.9,213.45,51.65K,2.96%,,,,,,,,
23-11-2016,219.9,206.5,225.6,202.85,73.66K,8.25%,,,,,,,,
22-11-2016,203.15,201,205.05,196.05,23.28K,3.25%,,,,,,,,
21-11-2016,196.75,216,220.4,195,38.03K,-8.85%,,,,,,,,
18-11-2016,215.85,214,227.9,212.2,65.06K,1.08%,,,,,,,,
17-11-2016,213.55,211.05,220,209.4,16.71K,1.45%,,,,,,,,
16-11-2016,210.5,217,226,202.95,63.82K,-1.13%,,,,,,,,
15-11-2016,212.9,251.3,251.5,207.5,37.79K,-15.57%,,,,,,,,
11-11-2016,252.15,264.7,267.4,250,21.23K,-7.38%,,,,,,,,
10-11-2016,272.25,285,288,268,37.58K,0.26%,,,,,,,,
09-11-2016,271.55,225,276,225,60.93K,-0.77%,,,,,,,,
08-11-2016,273.65,280,284.1,271.8,21.61K,-1.48%,,,,,,,,
07-11-2016,277.75,278,286,273.5,34.04K,2.59%,,,,,,,,
04-11-2016,270.75,292,296.5,265,57.39K,-6.75%,,,,,,,,
03-11-2016,290.35,300.4,311,287,47.33K,-2.70%,,,,,,,,
02-11-2016,298.4,306.75,315,295.9,72.56K,-3.87%,,,,,,,,
01-11-2016,310.4,288.8,326.9,279.05,169.93K,9.24%,,,,,,,,
30-10-2016,284.15,287,287,280.1,10.17K,0.58%,,,,,,,,
28-10-2016,282.5,284.9,294,281,31.72K,-0.35%,,,,,,,,
27-10-2016,283.5,295.65,298,280.85,36.70K,-3.83%,,,,,,,,
26-10-2016,294.8,299.8,301.9,287,43.38K,1.11%,,,,,,,,
25-10-2016,291.55,296.9,305,287.6,103.42K,-1.59%,,,,,,,,
24-10-2016,296.25,283,313,274.2,296.18K,5.31%,,,,,,,,
21-10-2016,281.3,241.35,288,240.05,202.43K,17.14%,,,,,,,,
20-10-2016,240.15,246.9,247,239.5,6.93K,-1.25%,,,,,,,,
19-10-2016,243.2,249.35,249.35,240.2,18.81K,-2.43%,,,,,,,,
18-10-2016,249.25,252,252,246.4,17.85K,0.73%,,,,,,,,
17-10-2016,247.45,245.5,253.8,244.65,55.12K,1.31%,,,,,,,,
14-10-2016,244.25,235.45,246,226.4,62.81K,5.33%,,,,,,,,
13-10-2016,231.9,239.2,242.55,228.95,62.92K,-3.94%,,,,,,,,
10-10-2016,241.4,212,246.95,212,144.67K,15.20%,,,,,,,,
07-10-2016,209.55,213,213,208.1,1.62K,-1.67%,,,,,,,,
06-10-2016,213.1,213.95,217.2,210.55,14.38K,-0.68%,,,,,,,,
05-10-2016,214.55,216,217,213,12.74K,1.47%,,,,,,,,
04-10-2016,211.45,213.4,217.1,210.65,7.73K,-0.02%,,,,,,,,
03-10-2016,211.5,220,220,208,15.72K,-1.05%,,,,,,,,
30-09-2016,213.75,208.75,215.75,208.75,11.04K,3.29%,,,,,,,,
29-09-2016,206.95,219.75,221.4,204,18.94K,-4.43%,,,,,,,,
28-09-2016,216.55,221.3,223.05,215,7.46K,-1.48%,,,,,,,,
27-09-2016,219.8,224.65,226,218.85,5.32K,-0.79%,,,,,,,,
26-09-2016,221.55,224.45,229,220.8,21.14K,-0.56%,,,,,,,,
23-09-2016,222.8,228.45,228.6,221.5,13.51K,-2.90%,,,,,,,,
22-09-2016,229.45,232,234,227.5,8.08K,-0.37%,,,,,,,,
21-09-2016,230.3,230,233.1,227.85,13.74K,0.81%,,,,,,,,
20-09-2016,228.45,232.7,232.7,225.1,11.80K,0.18%,,,,,,,,
19-09-2016,228.05,222,230.7,222,19.14K,2.56%,,,,,,,,
16-09-2016,222.35,232.8,236.8,221,39.03K,-3.01%,,,,,,,,
15-09-2016,229.25,217.3,235,213.25,61.86K,6.06%,,,,,,,,
14-09-2016,216.15,208.5,217.25,208.45,18.99K,3.59%,,,,,,,,
12-09-2016,208.65,217,217,204,24.56K,-5.61%,,,,,,,,
09-09-2016,221.05,225.55,230,217.7,11.89K,-2.34%,,,,,,,,
08-09-2016,226.35,233.4,237.2,225.6,39.07K,-1.67%,,,,,,,,
07-09-2016,230.2,232,234.5,228,35.80K,0.33%,,,,,,,,
06-09-2016,229.45,224,240.7,224,61.86K,3.96%,,,,,,,,
02-09-2016,220.7,222.9,224.25,216.75,15.74K,0.48%,,,,,,,,
01-09-2016,219.65,225.2,230.2,214.9,45.49K,-0.77%,,,,,,,,
31-08-2016,221.35,213.8,227.4,212.5,148.46K,5.08%,,,,,,,,
30-08-2016,210.65,192.5,210.65,191.95,242.41K,10.00%,,,,,,,,
29-08-2016,191.5,188,202,187,69.50K,1.00%,,,,,,,,
26-08-2016,189.6,198,203,186.55,31.50K,-2.62%,,,,,,,,
25-08-2016,194.7,190.2,198,190.2,24.65K,2.58%,,,,,,,,
24-08-2016,189.8,196.05,203.4,188.5,151.97K,-2.62%,,,,,,,,
23-08-2016,194.9,180,203.5,174.5,237.35K,13.15%,,,,,,,,
22-08-2016,172.25,147,173.1,147,99.93K,19.41%,,,,,,,,
19-08-2016,144.25,144.45,146.5,143.1,28.54K,-0.10%,,,,,,,,
18-08-2016,144.4,141.35,146.5,141.35,43.90K,2.85%,,,,,,,,
17-08-2016,140.4,140.25,144.4,137.6,3.98K,1.37%,,,,,,,,
16-08-2016,138.5,140.6,143.95,137.1,8.52K,-2.67%,,,,,,,,
12-08-2016,142.3,145.7,145.7,141,4.73K,-0.91%,,,,,,,,
11-08-2016,143.6,146.1,148,142.4,3.05K,-2.38%,,,,,,,,
10-08-2016,147.1,153.9,155.5,146.4,15.85K,-2.87%,,,,,,,,
09-08-2016,151.45,152,163,148,61.60K,-0.43%,,,,,,,,
08-08-2016,152.1,148,154,147,6.03K,3.86%,,,,,,,,
05-08-2016,146.45,147.25,148.8,145.5,1.87K,-1.01%,,,,,,,,
04-08-2016,147.95,150.75,150.75,146.5,2.82K,-1.07%,,,,,,,,
03-08-2016,149.55,148,151.9,148,6.37K,3.49%,,,,,,,,
02-08-2016,144.5,145,146.3,144,4.97K,-0.96%,,,,,,,,
01-08-2016,145.9,149.45,150.95,133,2.92K,-0.17%,,,,,,,,
29-07-2016,146.15,147.95,147.95,145.2,4.78K,-0.17%,,,,,,,,
28-07-2016,146.4,148.5,148.5,146,4.16K,-1.48%,,,,,,,,
27-07-2016,148.6,146.8,149.9,146.2,3.02K,1.23%,,,,,,,,
26-07-2016,146.8,149.25,151.45,146,7.69K,-1.38%,,,,,,,,
25-07-2016,148.85,147.45,153.25,146.5,16.83K,1.64%,,,,,,,,
22-07-2016,146.45,147.7,150.9,146,13.31K,0.21%,,,,,,,,
21-07-2016,146.15,156,156.9,145,89.83K,-6.64%,,,,,,,,
20-07-2016,156.55,135,157.6,135,359.34K,19.19%,,,,,,,,
19-07-2016,131.35,133.95,134.8,131.25,0.86K,-1.68%,,,,,,,,
18-07-2016,133.6,134.9,136.9,133,4.28K,0.19%,,,,,,,,
15-07-2016,133.35,136,139,130,41.33K,0.08%,,,,,,,,
14-07-2016,133.25,133,135.6,133,0.35K,-0.52%,,,,,,,,
13-07-2016,133.95,134.15,134.15,133,0.12K,-0.78%,,,,,,,,
12-07-2016,135,134.3,137.35,131.5,1.85K,-0.55%,,,,,,,,
11-07-2016,135.75,137.05,138.55,133.5,1.32K,-2.34%,,,,,,,,
08-07-2016,139,137.05,140.95,137,3.38K,0.47%,,,,,,,,
07-07-2016,138.35,141,141,134.55,0.31K,-0.50%,,,,,,,,
05-07-2016,139.05,138.6,142.6,136,3.56K,2.09%,,,,,,,,
04-07-2016,136.2,139,139,136.05,1.29K,-0.77%,,,,,,,,
01-07-2016,137.25,138.25,139.1,135,3.25K,1.67%,,,,,,,,
30-06-2016,135,140,140.5,133.75,4.52K,-0.84%,,,,,,,,
29-06-2016,136.15,131.4,136.85,130,8.05K,5.71%,,,,,,,,
28-06-2016,128.8,127.5,129.8,127.1,0.28K,1.66%,,,,,,,,
27-06-2016,126.7,127.45,129.9,121.75,0.83K,0.68%,,,,,,,,
24-06-2016,125.85,117.75,127,117.65,2.62K,0.52%,,,,,,,,
23-06-2016,125.2,123.4,125.7,121.5,0.59K,1.17%,,,,,,,,
22-06-2016,123.75,128.5,128.5,123.1,2.91K,-1.16%,,,,,,,,
21-06-2016,125.2,126,127.2,124.5,1.37K,0.12%,,,,,,,,
20-06-2016,125.05,128.6,128.6,124.2,2.33K,-4.40%,,,,,,,,
17-06-2016,130.8,138.5,140,129.5,2.91K,-2.46%,,,,,,,,
16-06-2016,134.1,135,135,132.9,3.69K,-0.70%,,,,,,,,
15-06-2016,135.05,135,136.95,133,2.49K,-0.63%,,,,,,,,
14-06-2016,135.9,138,138,135,1.90K,-1.38%,,,,,,,,
13-06-2016,137.8,140.25,140.6,137,2.08K,-2.51%,,,,,,,,
10-06-2016,141.35,142.6,145,141.1,2.76K,-0.35%,,,,,,,,
09-06-2016,141.85,145.2,145.2,141.3,1.02K,-0.84%,,,,,,,,
08-06-2016,143.05,140.1,148.95,140.1,11.95K,2.07%,,,,,,,,
07-06-2016,140.15,140.25,141,138.65,1.65K,0.07%,,,,,,,,
06-06-2016,140.05,143.6,143.6,139.5,1.59K,-1.37%,,,,,,,,
03-06-2016,142,143.95,145,141.55,0.85K,-1.11%,,,,,,,,
02-06-2016,143.6,142.65,145,141.6,15.93K,0.31%,,,,,,,,
01-06-2016,143.15,144.9,145.5,142,6.03K,-0.76%,,,,,,,,
31-05-2016,144.25,159.4,159.4,143,7.82K,-8.41%,,,,,,,,
30-05-2016,157.5,149.5,159.95,148.25,7.38K,9.95%,,,,,,,,
27-05-2016,143.25,147,147,140.4,0.90K,-2.02%,,,,,,,,
26-05-2016,146.2,148.1,148.1,146.2,1.21K,-2.11%,,,,,,,,
25-05-2016,149.35,147.6,150,147.6,5.40K,0.30%,,,,,,,,
24-05-2016,148.9,155.3,155.3,147,1.41K,-4.24%,,,,,,,,
23-05-2016,155.5,160,160,155,0.30K,-3.42%,,,,,,,,
20-05-2016,161,163.1,164.5,160,0.42K,-0.68%,,,,,,,,
19-05-2016,162.1,168,168,162.1,0.06K,-3.51%,,,,,,,,
18-05-2016,168,170.5,173.8,168,4.70K,-1.35%,,,,,,,,
17-05-2016,170.3,172,173.9,170,0.78K,-0.23%,,,,,,,,
16-05-2016,170.7,166,174.5,166,5.15K,3.45%,,,,,,,,
13-05-2016,165,160,166.8,141,0.85K,1.23%,,,,,,,,
12-05-2016,163,160,166,134,2.06K,-0.31%,,,,,,,,
11-05-2016,163.5,161.6,165.9,161.6,1.07K,0.00%,,,,,,,,
10-05-2016,163.5,162,165.9,161.9,0.78K,-0.06%,,,,,,,,
09-05-2016,163.6,163.3,164.9,157.2,1.23K,2.25%,,,,,,,,
06-05-2016,160,160,163.8,157.1,2.12K,0.00%,,,,,,,,
05-05-2016,160,159,161.5,156.1,0.48K,1.27%,,,,,,,,
04-05-2016,158,160,160,156,0.05K,-1.56%,,,,,,,,
03-05-2016,160.5,163.6,163.6,160.5,0.31K,-0.86%,,,,,,,,
02-05-2016,161.9,154.7,163,154.7,3.27K,5.13%,,,,,,,,
29-04-2016,154,158.5,158.5,153.1,1.02K,-0.65%,,,,,,,,
28-04-2016,155,156.3,157.9,154.3,1.21K,-1.27%,,,,,,,,
27-04-2016,157,156,157.4,151.1,4.84K,0.96%,,,,,,,,
26-04-2016,155.5,155.5,156.5,151,1.83K,0.52%,,,,,,,,
25-04-2016,154.7,148.7,156,147,5.47K,2.18%,,,,,,,,
22-04-2016,151.4,150,151.4,147.1,0.71K,1.47%,,,,,,,,
21-04-2016,149.2,147.5,150.5,147.5,9.47K,0.74%,,,,,,,,
20-04-2016,148.1,146,148.5,146,2.53K,2.63%,,,,,,,,
18-04-2016,144.3,141.2,147,138,0.75K,1.41%,,,,,,,,
13-04-2016,142.3,142,144.5,141.4,0.41K,0.35%,,,,,,,,
12-04-2016,141.8,147,147,139.5,0.36K,1.72%,,,,,,,,
11-04-2016,139.4,143,143,138.8,0.84K,-1.20%,,,,,,,,
08-04-2016,141.1,140.1,143,140,0.43K,0.00%,,,,,,,,
07-04-2016,141.1,140.1,143.5,138.4,1.19K,-0.49%,,,,,,,,
06-04-2016,141.8,143.3,144,140.8,4.68K,-1.32%,,,,,,,,
05-04-2016,143.7,145.6,149.5,140.7,2.28K,-0.42%,,,,,,,,
04-04-2016,144.3,150,150,143,2.20K,-1.97%,,,,,,,,
01-04-2016,147.2,146.1,148.2,145,1.84K,-2.13%,,,,,,,,
31-03-2016,150.4,151.2,154.9,144,2.74K,-0.92%,,,,,,,,
30-03-2016,151.8,143,155,140.9,10.67K,7.74%,,,,,,,,
29-03-2016,140.9,140.1,141,140,0.82K,-0.91%,,,,,,,,
28-03-2016,142.2,140,142.4,139.2,8.41K,-0.49%,,,,,,,,
23-03-2016,142.9,140,144.8,140,2.28K,0.07%,,,,,,,,
22-03-2016,142.8,142,145,140.6,1.35K,2.15%,,,,,,,,
21-03-2016,139.8,137.1,140.5,137,2.03K,2.64%,,,,,,,,
18-03-2016,136.2,135.3,142.9,135.1,2.43K,-1.52%,,,,,,,,
17-03-2016,138.3,140.6,143,138.1,1.00K,-3.22%,,,,,,,,
16-03-2016,142.9,137.1,148,130,23.62K,2.95%,,,,,,,,
15-03-2016,138.8,141.1,141.1,135.1,0.74K,-2.18%,,,,,,,,
14-03-2016,141.9,139.3,142.3,138.2,1.26K,2.01%,,,,,,,,
11-03-2016,139.1,141.8,141.8,139,0.64K,-2.73%,,,,,,,,
10-03-2016,143,145,145,141,2.01K,1.71%,,,,,,,,
09-03-2016,140.6,142.9,142.9,139,0.50K,0.43%,,,,,,,,
08-03-2016,140,140.4,141.2,140,44.76K,0.43%,,,,,,,,
04-03-2016,139.4,141,142.3,138.3,0.71K,-1.90%,,,,,,,,
03-03-2016,142.1,143,143,139.1,2.74K,1.00%,,,,,,,,
02-03-2016,140.7,130,142,128.1,2.94K,11.67%,,,,,,,,
01-03-2016,126,124,126.5,122,0.97K,0.80%,,,,,,,,
29-02-2016,125,125,127.8,122.8,1.22K,1.38%,,,,,,,,
26-02-2016,123.3,122.6,125.5,122.5,0.50K,-0.40%,,,,,,,,
25-02-2016,123.8,122.7,124,121.5,1.46K,-0.80%,,,,,,,,
24-02-2016,124.8,124.6,125.5,122,0.50K,-1.03%,,,,,,,,
23-02-2016,126.1,125.5,127,123.7,25.58K,-0.79%,,,,,,,,
22-02-2016,127.1,130,130,126.4,1.09K,1.27%,,,,,,,,
19-02-2016,125.5,119.7,128,119.7,1.32K,0.40%,,,,,,,,
18-02-2016,125,121.5,125.5,120.5,1.92K,6.56%,,,,,,,,
17-02-2016,117.3,124,124,110.5,8.05K,-5.78%,,,,,,,,
16-02-2016,124.5,139.8,140.2,121.2,10.54K,-10.88%,,,,,,,,
15-02-2016,139.7,123,141.1,115.5,24.00K,14.51%,,,,,,,,
12-02-2016,122,121.4,127.2,101,14.42K,-2.87%,,,,,,,,
11-02-2016,125.6,137.5,142.5,122.2,3.55K,-10.22%,,,,,,,,
10-02-2016,139.9,147.1,147.1,139,3.14K,-4.89%,,,,,,,,
09-02-2016,147.1,145.5,149,145.4,1.47K,-0.81%,,,,,,,,
08-02-2016,148.3,145.7,149.1,143,2.60K,2.13%,,,,,,,,
05-02-2016,145.2,143,145.5,141.3,1.93K,3.49%,,,,,,,,
04-02-2016,140.3,142.7,154.7,138.2,7.58K,-1.47%,,,,,,,,
03-02-2016,142.4,145.4,145.4,141.5,1.86K,-4.17%,,,,,,,,
02-02-2016,148.6,147.1,152.5,146,3.07K,0.20%,,,,,,,,
01-02-2016,148.3,148.7,150,146.3,2.11K,0.41%,,,,,,,,
29-01-2016,147.7,146,150,146,1.27K,-2.19%,,,,,,,,
28-01-2016,151,146,151,146,0.19K,1.96%,,,,,,,,
27-01-2016,148.1,147.3,151,146,1.96K,-1.00%,,,,,,,,
25-01-2016,149.6,157.2,158,149,4.82K,-2.54%,,,,,,,,
22-01-2016,153.5,155.6,156,152,2.10K,-0.97%,,,,,,,,
21-01-2016,155,160,162,154.3,1.85K,-3.49%,,,,,,,,
20-01-2016,160.6,163,163,159,1.11K,-2.37%,,,,,,,,
19-01-2016,164.5,165,168.5,161,4.63K,-2.03%,,,,,,,,
18-01-2016,167.9,168.8,174.1,160.5,10.26K,-3.56%,,,,,,,,
15-01-2016,174.1,181.2,184.9,174,1.03K,-4.60%,,,,,,,,
14-01-2016,182.5,176,186.9,174.8,0.35K,1.84%,,,,,,,,
13-01-2016,179.2,186.3,186.3,175.5,0.81K,-3.97%,,,,,,,,
12-01-2016,186.6,188.1,188.1,183.5,0.81K,0.16%,,,,,,,,
11-01-2016,186.3,191.7,192.9,186.3,0.85K,-2.87%,,,,,,,,
08-01-2016,191.8,188.1,191.9,187.1,4.97K,2.40%,,,,,,,,
07-01-2016,187.3,189.7,189.7,185.5,4.66K,-1.52%,,,,,,,,
06-01-2016,190.2,193.6,195,189,3.41K,-1.71%,,,,,,,,
05-01-2016,193.5,191,196.9,187.1,5.60K,2.00%,,,,,,,,
04-01-2016,189.7,193,193.7,188.5,0.97K,-0.68%,,,,,,,,
01-01-2016,191,192.5,192.5,190.1,0.41K,0.37%,,,,,,,,
31-12-2015,190.3,191.5,191.9,189.6,1.90K,-1.14%,,,,,,,,
30-12-2015,192.5,190.9,194.5,190.9,2.94K,-0.77%,,,,,,,,
29-12-2015,194,193,194,191.2,2.10K,0.57%,,,,,,,,
28-12-2015,192.9,191,194.7,190.4,2.47K,1.31%,,,,,,,,
24-12-2015,190.4,189.4,192.1,189,0.87K,0.90%,,,,,,,,
23-12-2015,188.7,191,191.9,188.1,3.71K,-1.36%,,,,,,,,
22-12-2015,191.3,193,194,189,2.50K,-1.29%,,,,,,,,
21-12-2015,193.8,192.6,195,192.6,1.86K,0.99%,,,,,,,,
18-12-2015,191.9,193.3,196,191,1.60K,-1.89%,,,,,,,,
17-12-2015,195.6,195,200,192.1,6.18K,0.26%,,,,,,,,
16-12-2015,195.1,194.8,196.5,193,6.46K,0.52%,,,,,,,,
15-12-2015,194.1,194,200,193.8,1.45K,0.57%,,,,,,,,
14-12-2015,193,212,212.5,190.5,7.90K,-9.30%,,,,,,,,
11-12-2015,212.8,207.1,216,207.1,5.68K,2.21%,,,,,,,,
10-12-2015,208.2,204.5,210,199.9,17.97K,4.68%,,,,,,,,
09-12-2015,198.9,200.9,205.1,195,15.86K,0.71%,,,,,,,,
08-12-2015,197.5,195.1,202,192.4,8.32K,0.82%,,,,,,,,
07-12-2015,195.9,192.4,196.9,190,6.69K,3.11%,,,,,,,,
04-12-2015,190,186,192.9,186,5.57K,1.77%,,,,,,,,
03-12-2015,186.7,184.1,189.1,184.1,2.44K,1.74%,,,,,,,,
02-12-2015,183.5,185,185,180.8,1.28K,0.16%,,,,,,,,
01-12-2015,183.2,188,189.7,182,2.68K,-0.76%,,,,,,,,
30-11-2015,184.6,188,191,184,3.87K,-0.81%,,,,,,,,
27-11-2015,186.1,184,187.5,180.1,7.93K,0.76%,,,,,,,,
26-11-2015,184.7,184.6,185,181.9,6.67K,1.48%,,,,,,,,
24-11-2015,182,184,184,182,0.39K,0.22%,,,,,,,,
23-11-2015,181.6,184.2,185,180.1,15.51K,1.28%,,,,,,,,
20-11-2015,179.3,183.1,185,178.3,1.06K,-0.77%,,,,,,,,
19-11-2015,180.7,176.5,185,176.5,5.13K,1.23%,,,,,,,,
18-11-2015,178.5,178.1,182,176,1.52K,-0.45%,,,,,,,,
17-11-2015,179.3,173.5,181.5,173.3,2.53K,2.34%,,,,,,,,
16-11-2015,175.2,172.9,175.7,172,0.98K,1.92%,,,,,,,,
13-11-2015,171.9,173.1,175,170.9,1.95K,-2.83%,,,,,,,,
11-11-2015,176.9,179.2,184,172.5,0.75K,1.55%,,,,,,,,
10-11-2015,174.2,172.3,180,171.5,4.23K,0.52%,,,,,,,,
09-11-2015,173.3,169.7,175,166.2,1.42K,-0.74%,,,,,,,,
06-11-2015,174.6,176.4,178,173.5,3.30K,0.00%,,,,,,,,
05-11-2015,174.6,188.4,193.4,169.5,32.68K,-6.48%,,,,,,,,
04-11-2015,186.7,180,189,180,4.52K,4.77%,,,,,,,,
03-11-2015,178.2,179.8,180,175.5,1.77K,0.17%,,,,,,,,
02-11-2015,177.9,175.9,180.3,175.9,1.83K,1.60%,,,,,,,,
30-10-2015,175.1,174.6,177.9,174.1,0.50K,-0.23%,,,,,,,,
29-10-2015,175.5,178.5,178.5,175,2.52K,-0.96%,,,,,,,,
28-10-2015,177.2,175.5,179.7,175.5,0.96K,1.26%,,,,,,,,
27-10-2015,175,173,176.5,168.1,3.94K,2.28%,,,,,,,,
26-10-2015,171.1,176.6,176.6,166.2,6.83K,-1.89%,,,,,,,,
23-10-2015,174.4,180.8,180.8,173,5.12K,-1.80%,,,,,,,,
21-10-2015,177.6,184.5,185.1,175.9,2.52K,-1.88%,,,,,,,,
20-10-2015,181,183,184,180.1,2.28K,-0.77%,,,,,,,,
19-10-2015,182.4,182.2,183.9,180.3,0.95K,0.72%,,,,,,,,
16-10-2015,181.1,184.4,184.6,180.8,3.97K,-1.42%,,,,,,,,
15-10-2015,183.7,183.5,187.9,183,0.74K,1.38%,,,,,,,,
14-10-2015,181.2,185,186.8,180.3,5.66K,-2.48%,,,,,,,,
13-10-2015,185.8,188.6,189.3,182.5,2.53K,-0.48%,,,,,,,,
12-10-2015,186.7,191.8,193.1,186.1,1.90K,-2.10%,,,,,,,,
09-10-2015,190.7,193.1,197.3,189.5,9.77K,-0.94%,,,,,,,,
08-10-2015,192.5,195.1,195.1,192.5,0.48K,-1.79%,,,,,,,,
07-10-2015,196,203,203,194.5,4.55K,-3.07%,,,,,,,,
06-10-2015,202.2,198.2,205,197.2,3.77K,1.51%,,,,,,,,
05-10-2015,199.2,195.4,200,195.4,5.95K,1.58%,,,,,,,,
01-10-2015,196.1,197,199,194.1,4.08K,0.67%,,,,,,,,
30-09-2015,194.8,187,196,187,8.59K,3.18%,,,,,,,,
29-09-2015,188.8,187,191,185.5,9.03K,-0.21%,,,,,,,,
28-09-2015,189.2,193,197,188.3,3.36K,-2.37%,,,,,,,,
24-09-2015,193.8,198.4,200.5,191.1,8.05K,-0.72%,,,,,,,,
23-09-2015,195.2,182.5,196.2,182.5,6.70K,4.27%,,,,,,,,
22-09-2015,187.2,189,195,184.2,4.28K,-0.95%,,,,,,,,
21-09-2015,189,190.7,192.7,188.2,3.86K,-0.37%,,,,,,,,
18-09-2015,189.7,194.4,194.7,188.4,8.24K,0.69%,,,,,,,,
16-09-2015,188.4,199.1,203.6,184.9,29.83K,-3.83%,,,,,,,,
15-09-2015,195.9,199.9,205,193.5,100.76K,3.60%,,,,,,,,
14-09-2015,189.1,171.4,190,168,17.44K,12.03%,,,,,,,,
11-09-2015,168.8,172.2,172.5,168,4.67K,-1.34%,,,,,,,,
10-09-2015,171.1,169,172,165.5,5.10K,-0.29%,,,,,,,,
09-09-2015,171.6,170.3,173.6,168,10.45K,1.60%,,,,,,,,
08-09-2015,168.9,165,171.1,158.5,11.98K,4.32%,,,,,,,,
07-09-2015,161.9,161.9,165,159,3.98K,0.25%,,,,,,,,
04-09-2015,161.5,167,168,158.7,9.69K,-4.15%,,,,,,,,
03-09-2015,168.5,171,173.2,167.9,1.11K,-0.53%,,,,,,,,
02-09-2015,169.4,161.5,172,161.5,3.85K,3.86%,,,,,,,,
01-09-2015,163.1,164,166,161.7,6.21K,-2.04%,,,,,,,,
31-08-2015,166.5,161.7,169.9,159.3,5.60K,3.16%,,,,,,,,
28-08-2015,161.4,155.1,163,154,11.02K,4.60%,,,,,,,,
27-08-2015,154.3,158.3,161.3,152,10.18K,1.78%,,,,,,,,
26-08-2015,151.6,145,153.4,136,7.75K,5.06%,,,,,,,,
25-08-2015,144.3,150,150,139,18.39K,2.63%,,,,,,,,
24-08-2015,140.6,145,147.2,135,17.83K,-3.96%,,,,,,,,
21-08-2015,146.4,148.2,155,145,5.38K,-3.43%,,,,,,,,
20-08-2015,151.6,160.5,160.5,149.6,28.53K,-5.60%,,,,,,,,
19-08-2015,160.6,155,161.9,154.7,28.41K,5.94%,,,,,,,,
18-08-2015,151.6,150.4,154,146.5,18.44K,3.27%,,,,,,,,
17-08-2015,146.8,150,150,144.9,12.02K,-0.88%,,,,,,,,
14-08-2015,148.1,143.1,152,142.6,15.47K,5.63%,,,,,,,,
13-08-2015,140.2,154.7,160.9,134.8,36.35K,-8.31%,,,,,,,,
12-08-2015,152.9,187.9,187.9,146.5,43.58K,-16.49%,,,,,,,,
11-08-2015,183.1,189.4,189.5,181,12.90K,-3.53%,,,,,,,,
10-08-2015,189.8,193,194.7,189,8.81K,-0.84%,,,,,,,,
07-08-2015,191.4,191,195,188.7,4.82K,0.58%,,,,,,,,
06-08-2015,190.3,191,194.9,184,5.84K,1.06%,,,,,,,,
05-08-2015,188.3,184.1,195,184,17.55K,2.28%,,,,,,,,
04-08-2015,184.1,193.9,193.9,182.8,8.07K,-3.00%,,,,,,,,
03-08-2015,189.8,177.6,195.6,175.2,22.09K,8.64%,,,,,,,,
31-07-2015,174.7,177.7,178,174,2.99K,-0.06%,,,,,,,,
30-07-2015,174.8,179.7,181,174,4.10K,-0.85%,,,,,,,,
29-07-2015,176.3,182,183,175.1,2.29K,-1.51%,,,,,,,,
28-07-2015,179,174.3,185.8,174.3,7.49K,2.99%,,,,,,,,
27-07-2015,173.8,177.8,177.8,170.2,1.88K,-2.41%,,,,,,,,
24-07-2015,178.1,170.6,178.7,170,11.75K,4.58%,,,,,,,,
23-07-2015,170.3,175,178.9,169,5.55K,-1.33%,,,,,,,,
22-07-2015,172.6,172,173,167,5.45K,0.94%,,,,,,,,
21-07-2015,171,175.1,175.4,170.1,4.94K,-2.51%,,,,,,,,
20-07-2015,175.4,180.5,180.5,175,3.75K,-2.01%,,,,,,,,
17-07-2015,179,184,184.6,177.2,5.66K,-1.54%,,,,,,,,
16-07-2015,181.8,185,188,180.9,2.39K,-1.68%,,,,,,,,
15-07-2015,184.9,178.6,189,178.6,8.43K,4.88%,,,,,,,,
14-07-2015,176.3,179.9,179.9,175,3.26K,-0.40%,,,,,,,,
13-07-2015,177,179.7,179.9,176.5,1.06K,0.28%,,,,,,,,
10-07-2015,176.5,179,182,175.8,2.22K,-0.06%,,,,,,,,
09-07-2015,176.6,174.4,181,172.7,4.10K,1.44%,,,,,,,,
08-07-2015,174.1,174.7,176.2,171.3,4.07K,-2.63%,,,,,,,,
07-07-2015,178.8,181.9,183,178,4.11K,-0.50%,,,,,,,,
06-07-2015,179.7,180.9,182.4,178.1,15.39K,-4.31%,,,,,,,,
03-07-2015,187.8,182,193.2,180.8,12.31K,3.64%,,,,,,,,
02-07-2015,181.2,180,183.6,180,8.84K,1.17%,,,,,,,,
01-07-2015,179.1,169.2,185,169.2,16.20K,6.99%,,,,,,,,
30-06-2015,167.4,166,169,163,5.42K,1.64%,,,,,,,,
29-06-2015,164.7,170,170,160.3,6.81K,-5.13%,,,,,,,,
26-06-2015,173.6,178,179.7,173,4.61K,-2.31%,,,,,,,,
25-06-2015,177.7,179,181.2,177,9.72K,0.34%,,,,,,,,
24-06-2015,177.1,181,190,175,22.65K,1.20%,,,,,,,,
23-06-2015,175,179.3,179.3,174.4,2.02K,-1.74%,,,,,,,,
22-06-2015,178.1,182,182.1,176.4,1.43K,1.48%,,,,,,,,
19-06-2015,175.5,181.7,183,175.3,3.25K,-2.34%,,,,,,,,
18-06-2015,179.7,182,183.9,178.5,2.85K,0.11%,,,,,,,,
17-06-2015,179.5,182,183.4,178.9,3.19K,0.22%,,,,,,,,
16-06-2015,179.1,185.4,185.4,177.8,4.19K,-0.56%,,,,,,,,
15-06-2015,180.1,183,187.2,179,6.09K,-0.06%,,,,,,,,
12-06-2015,180.2,179.4,186,175,16.80K,-0.39%,,,,,,,,
11-06-2015,180.9,185,197,177.1,14.16K,-0.55%,,,,,,,,
10-06-2015,181.9,170,183.8,170,11.40K,8.27%,,,,,,,,
09-06-2015,168,178,178,167.1,6.59K,-3.50%,,,,,,,,
08-06-2015,174.1,185,185,173,11.33K,-6.04%,,,,,,,,
05-06-2015,185.3,186.6,187,184,5.54K,-0.27%,,,,,,,,
04-06-2015,185.8,188.5,190,184.6,6.71K,-2.42%,,,,,,,,
03-06-2015,190.4,205.5,205.5,188.1,16.49K,-8.15%,,,,,,,,
02-06-2015,207.3,212.6,212.6,207,4.12K,-2.58%,,,,,,,,
01-06-2015,212.8,214.3,215,210.1,2.66K,-0.23%,,,,,,,,
29-05-2015,213.3,209.9,218,207.7,4.82K,1.96%,,,,,,,,
28-05-2015,209.2,214.4,214.4,203.3,6.45K,-1.13%,,,,,,,,
27-05-2015,211.6,211.6,213.6,209.4,5.65K,-0.89%,,,,,,,,
26-05-2015,213.5,213.5,214,212.5,3.69K,-0.23%,,,,,,,,
25-05-2015,214,215.5,215.5,212.5,17.16K,-0.28%,,,,,,,,
22-05-2015,214.6,216.1,216.1,214,4.00K,-0.14%,,,,,,,,
21-05-2015,214.9,215.5,218,213.6,9.14K,0.14%,,,,,,,,
20-05-2015,214.6,206.5,216,206.5,40.11K,3.52%,,,,,,,,
19-05-2015,207.3,207,214.8,205.9,119.89K,-12.57%,,,,,,,,
18-05-2015,237.1,248,258,229.2,43.39K,-4.40%,,,,,,,,
15-05-2015,248,234.3,250.9,231.5,18.32K,7.41%,,,,,,,,
14-05-2015,230.9,232.2,232.5,228.9,3.67K,-1.16%,,,,,,,,
13-05-2015,233.6,229.3,235,227.7,16.38K,2.82%,,,,,,,,
12-05-2015,227.2,225,228.4,219,4.69K,0.58%,,,,,,,,
11-05-2015,225.9,221.3,227,221.3,3.32K,2.50%,,,,,,,,
08-05-2015,220.4,222.9,225.9,219,7.03K,0.59%,,,,,,,,
07-05-2015,219.1,217.4,223,213.6,8.96K,0.64%,,,,,,,,
06-05-2015,217.7,228,240.9,215,35.03K,-6.61%,,,,,,,,
05-05-2015,233.1,221.2,234.4,221.2,8.95K,4.95%,,,,,,,,
04-05-2015,222.1,211,224,211,5.15K,4.42%,,,,,,,,
30-04-2015,212.7,214,217.5,209.1,9.12K,-1.89%,,,,,,,,
29-04-2015,216.8,214,222,214,4.05K,1.64%,,,,,,,,
28-04-2015,213.3,218.5,224.9,211,14.38K,-1.39%,,,,,,,,
27-04-2015,216.3,228.4,228.4,212.3,11.01K,-4.88%,,,,,,,,
24-04-2015,227.4,223,241,220.6,9.61K,-4.49%,,,,,,,,
23-04-2015,238.1,240,243,235.5,9.52K,0.17%,,,,,,,,
22-04-2015,237.7,246,254.7,235,14.16K,-1.70%,,,,,,,,
21-04-2015,241.8,230.3,244,230,14.01K,3.96%,,,,,,,,
20-04-2015,232.6,239.5,242.3,228,9.84K,-3.20%,,,,,,,,
17-04-2015,240.3,252.9,253.8,239,9.78K,-4.45%,,,,,,,,
16-04-2015,251.5,260.7,261.8,245,13.92K,-2.71%,,,,,,,,
15-04-2015,258.5,273,277,255,29.06K,-4.15%,,,,,,,,
13-04-2015,269.7,258,272,257.4,37.80K,5.89%,,,,,,,,
10-04-2015,254.7,243,257.8,243,36.94K,4.90%,,,,,,,,
09-04-2015,242.8,243.6,254,240.1,33.73K,0.66%,,,,,,,,
08-04-2015,241.2,222,243,221.3,30.81K,9.99%,,,,,,,,
07-04-2015,219.3,224.2,224.2,219,7.20K,-0.68%,,,,,,,,
06-04-2015,220.8,222.7,224,219,8.21K,0.36%,,,,,,,,
01-04-2015,220,220,223.8,217.9,7.82K,0.59%,,,,,,,,
31-03-2015,218.7,222.5,223.9,215,5.42K,-1.58%,,,,,,,,
30-03-2015,222.2,226.8,226.8,218.7,13.44K,5.31%,,,,,,,,
27-03-2015,211,224.9,224.9,205,11.16K,-3.17%,,,,,,,,
26-03-2015,217.9,223.5,225.2,216,21.40K,-2.90%,,,,,,,,
25-03-2015,224.4,230,232,222.6,7.60K,-2.65%,,,,,,,,
24-03-2015,230.5,217,234.7,217,37.21K,6.66%,,,,,,,,
23-03-2015,216.1,230.5,232.4,215.1,22.04K,-4.08%,,,,,,,,
20-03-2015,225.3,243,243,225,16.55K,-4.45%,,,,,,,,
19-03-2015,235.8,230.4,244.8,230.1,14.05K,3.24%,,,,,,,,
18-03-2015,228.4,229,232.7,225.5,3.27K,-0.04%,,,,,,,,
17-03-2015,228.5,232,234,225.6,5.67K,-1.13%,,,,,,,,
16-03-2015,231.1,235.7,237.8,230,7.49K,-1.95%,,,,,,,,
13-03-2015,235.7,251.35,251.35,233.2,15.20K,-3.99%,,,,,,,,
12-03-2015,245.5,246,253.4,244,4.89K,-0.12%,,,,,,,,
11-03-2015,245.8,250,254.1,244,9.26K,-1.52%,,,,,,,,
10-03-2015,249.6,251,258.6,246,17.88K,0.12%,,,,,,,,
09-03-2015,249.3,240,260,235,37.69K,2.76%,,,,,,,,
05-03-2015,242.6,240.1,252,240.1,13.45K,0.29%,,,,,,,,
04-03-2015,241.9,254.2,259.7,240.1,36.86K,-3.24%,,,,,,,,
03-03-2015,250,238,253,235.8,62.70K,5.75%,,,,,,,,
02-03-2015,236.4,216.3,244.9,216.3,134.95K,10.42%,,,,,,,,
28-02-2015,214.1,219,228,211,12.52K,-0.23%,,,,,,,,
27-02-2015,214.6,214.9,218,214,13.28K,2.09%,,,,,,,,
26-02-2015,210.2,214.5,220.2,208,14.47K,-2.91%,,,,,,,,
25-02-2015,216.5,221,224,212.1,12.27K,-1.81%,,,,,,,,
24-02-2015,220.5,226.2,229.8,217.6,28.75K,-1.39%,,,,,,,,
23-02-2015,223.6,214.9,227.9,210.7,39.06K,4.73%,,,,,,,,
20-02-2015,213.5,204,218.3,201.4,38.64K,4.61%,,,,,,,,
19-02-2015,204.1,203.5,207,202.8,13.35K,0.44%,,,,,,,,
18-02-2015,203.2,208.6,208.6,202.1,24.93K,1.40%,,,,,,,,
16-02-2015,200.4,203,205.3,199.2,14.69K,-1.67%,,,,,,,,
13-02-2015,203.8,206.65,209.15,201.2,11.00K,-1.00%,,,,,,,,
12-02-2015,205.85,207.2,211,203.9,12.37K,1.03%,,,,,,,,
11-02-2015,203.75,210,213.2,202,13.55K,-2.72%,,,,,,,,
10-02-2015,209.45,206.1,216,202,13.79K,-0.31%,,,,,,,,
09-02-2015,210.1,216,222.3,206.2,23.95K,-4.72%,,,,,,,,
06-02-2015,220.5,209.8,237.5,209.8,145.48K,6.19%,,,,,,,,
05-02-2015,207.65,215.95,217.4,206,9.95K,-2.74%,,,,,,,,
04-02-2015,213.5,216.15,223,211,26.19K,-0.65%,,,,,,,,
03-02-2015,214.9,211.75,221,208.55,46.45K,5.37%,,,,,,,,
02-02-2015,203.95,195.1,205.3,192.6,7.46K,3.37%,,,,,,,,
30-01-2015,197.3,204.55,205,196.3,7.39K,-2.71%,,,,,,,,
29-01-2015,202.8,203.75,207,202,6.74K,-0.93%,,,,,,,,
28-01-2015,204.7,205.6,210.5,202,19.49K,0.99%,,,,,,,,
27-01-2015,202.7,210.5,212.55,200.25,11.70K,-2.76%,,,,,,,,
23-01-2015,208.45,205,216,205,40.04K,3.30%,,,,,,,,
22-01-2015,201.8,208,208.85,200.1,10.21K,-2.65%,,,,,,,,
21-01-2015,207.3,213.05,215.5,203.5,11.04K,-2.61%,,,,,,,,
20-01-2015,212.85,216,221.05,211.5,36.90K,1.53%,,,,,,,,
19-01-2015,209.65,215,219.45,207,32.94K,0.72%,,,,,,,,
16-01-2015,208.15,208.6,214.35,203.1,80.96K,0.75%,,,,,,,,
15-01-2015,206.6,186.75,212.15,177.35,157.74K,16.86%,,,,,,,,
14-01-2015,176.8,176.95,182.95,174,11.81K,0.63%,,,,,,,,
13-01-2015,175.7,180.6,182,174,12.86K,-3.73%,,,,,,,,
12-01-2015,182.5,185.95,186.35,180.3,9.60K,0.63%,,,,,,,,
09-01-2015,181.35,189.75,192,180.1,11.90K,-4.50%,,,,,,,,
08-01-2015,189.9,185,200,185,10.50K,4.17%,,,,,,,,
07-01-2015,182.3,190,190,178.1,13.26K,-2.85%,,,,,,,,
06-01-2015,187.65,199.5,199.5,186.1,22.15K,-5.85%,,,,,,,,
05-01-2015,199.3,205.8,207.8,194.95,40.26K,0.13%,,,,,,,,
02-01-2015,199.05,195,207.65,192.15,117.74K,6.22%,,,,,,,,
01-01-2015,187.4,181,187.4,181,8.33K,4.99%,,,,,,,,
31-12-2014,178.5,176.7,178.5,170,56.17K,5.00%,,,,,,,,
30-12-2014,170,170,170,167,36.83K,4.97%,,,,,,,,
29-12-2014,161.95,159.9,161.95,156,4.78K,4.99%,,,,,,,,
26-12-2014,154.25,150,155.65,144.1,17.46K,4.05%,,,,,,,,
24-12-2014,148.25,145,152,142.1,12.68K,-0.10%,,,,,,,,
23-12-2014,148.4,154.05,154.5,148.4,15.90K,-4.99%,,,,,,,,
22-12-2014,156.2,160.1,165,155.8,18.74K,-4.76%,,,,,,,,
19-12-2014,164,165.8,168.9,161.4,5.03K,-0.43%,,,,,,,,
18-12-2014,164.7,160,166.6,152,10.58K,3.78%,,,,,,,,
17-12-2014,158.7,165,167.6,158.4,22.93K,-4.80%,,,,,,,,
16-12-2014,166.7,175.3,175.3,166.7,13.52K,-4.99%,,,,,,,,
15-12-2014,175.45,183.95,187.5,173.25,25.59K,-3.12%,,,,,,,,
12-12-2014,181.1,175,181.1,175,91.30K,4.99%,,,,,,,,
11-12-2014,172.5,166,173.75,162,7.33K,3.05%,,,,,,,,
10-12-2014,167.4,166.9,172,164.05,8.27K,1.27%,,,,,,,,
09-12-2014,165.3,168,176.7,160.25,61.14K,-1.99%,,,,,,,,
08-12-2014,168.65,175.1,175.1,168.65,22.87K,-4.99%,,,,,,,,
05-12-2014,177.5,183,187.9,177.25,16.92K,-4.85%,,,,,,,,
04-12-2014,186.55,187,194.35,184,8.15K,0.78%,,,,,,,,
03-12-2014,185.1,193.8,195.95,181,42.74K,-2.48%,,,,,,,,
02-12-2014,189.8,201,201,189.75,19.56K,-4.96%,,,,,,,,
01-12-2014,199.7,201.55,220.7,199.7,13.76K,-5.00%,,,,,,,,
28-11-2014,210.2,214.5,214.5,204,13.61K,0.12%,,,,,,,,
27-11-2014,209.95,211,219.7,206.3,9.38K,-0.92%,,,,,,,,
26-11-2014,211.9,196.5,217.1,196.5,71.63K,2.47%,,,,,,,,
25-11-2014,206.8,218,220,206.75,24.32K,-4.96%,,,,,,,,
24-11-2014,217.6,228,230,216.85,34.34K,-4.67%,,,,,,,,
21-11-2014,228.25,235,239.95,225,8.80K,-1.47%,,,,,,,,
20-11-2014,231.65,230,244,224.2,32.05K,-0.54%,,,,,,,,
19-11-2014,232.9,232.75,248,232.75,104.81K,-4.94%,,,,,,,,
18-11-2014,245,245.5,255,245,155.55K,-4.98%,,,,,,,,
17-11-2014,257.85,257.85,257.85,257.85,5.11K,-4.99%,,,,,,,,
14-11-2014,271.4,271.4,271.4,271.4,4.68K,-4.99%,,,,,,,,
13-11-2014,285.65,308,309.9,285.65,43.20K,-4.99%,,,,,,,,
12-11-2014,300.65,300.65,300.65,293,31.80K,4.99%,,,,,,,,
11-11-2014,286.35,270,286.35,265,16.82K,4.99%,,,,,,,,
10-11-2014,272.75,281,281,266.1,14.41K,-2.59%,,,,,,,,
07-11-2014,280,279.8,283,266.1,13.32K,0.96%,,,,,,,,
05-11-2014,277.35,287,289,270.05,10.06K,-1.54%,,,,,,,,
03-11-2014,281.7,290,294.9,273.15,11.53K,-2.02%,,,,,,,,
31-10-2014,287.5,270.15,289.05,266.55,16.72K,4.43%,,,,,,,,
30-10-2014,275.3,285,285,272.6,4.40K,-2.57%,,,,,,,,
29-10-2014,282.55,271,287.95,268.25,13.48K,2.23%,,,,,,,,
28-10-2014,276.4,260.05,284.7,258.1,14.05K,1.79%,,,,,,,,
27-10-2014,271.55,286,288.7,271.55,6.75K,-4.99%,,,,,,,,
23-10-2014,285.8,290,290,280,4.14K,2.11%,,,,,,,,
22-10-2014,279.9,277.4,282.3,257.05,19.55K,4.09%,,,,,,,,
21-10-2014,268.9,279,286,268.5,25.45K,-4.85%,,,,,,,,
20-10-2014,282.6,300.2,308.9,281.75,13.18K,-4.70%,,,,,,,,
17-10-2014,296.55,275,300.2,271.7,24.16K,3.71%,,,,,,,,
16-10-2014,285.95,308.95,308.95,285.95,25.70K,-4.98%,,,,,,,,
14-10-2014,300.95,300,302.8,290,47.52K,4.35%,,,,,,,,
13-10-2014,288.4,280.4,288.4,280.4,24.83K,4.99%,,,,,,,,
10-10-2014,274.7,267.5,274.7,267.5,26.17K,4.99%,,,,,,,,
09-10-2014,261.65,244,261.65,243,7.18K,5.00%,,,,,,,,
08-10-2014,249.2,255,258.5,246.55,9.96K,-51.86%,,,,,,,,
07-10-2014,517.67,549.75,549.75,514.83,20.31K,-4.47%,,,,,,,,
01-10-2014,541.9,552.5,559.5,525,15.83K,-0.04%,,,,,,,,
30-09-2014,542.12,537.5,542.4,505.07,18.07K,4.94%,,,,,,,,
29-09-2014,516.58,524,526.5,498,14.05K,2.94%,,,,,,,,
26-09-2014,501.85,473.45,519,473.45,18.16K,0.70%,,,,,,,,
25-09-2014,498.35,517.5,540,498.35,8.47K,-5.00%,,,,,,,,
24-09-2014,524.58,558.5,564.9,513.48,22.49K,-2.95%,,,,,,,,
23-09-2014,540.5,534.5,541.48,525,34.47K,4.81%,,,,,,,,
22-09-2014,515.7,500,515.7,500,41.94K,5.00%,,,,,,,,
19-09-2014,491.15,490.75,491.15,475.27,19.75K,5.00%,,,,,,,,
18-09-2014,467.77,452.5,467.77,446,19.60K,5.00%,,,,,,,,
17-09-2014,445.5,443.5,455,425,26.66K,1.92%,,,,,,,,
16-09-2014,437.1,440.95,441,410,59.78K,4.07%,,,,,,,,
15-09-2014,420,419.9,420,416,38.68K,5.00%,,,,,,,,
12-09-2014,400,415.3,415.3,377.5,10.43K,1.13%,,,,,,,,
11-09-2014,395.52,357.88,395.52,357.88,32.42K,5.00%,,,,,,,,
10-09-2014,376.7,376.7,376.7,376.7,9.86K,-5.00%,,,,,,,,
09-09-2014,396.52,417.5,422.45,396.52,11.10K,-5.00%,,,,,,,,
08-09-2014,417.38,410.5,422.57,405.02,44.64K,3.70%,,,,,,,,
05-09-2014,402.48,380,402.48,380,44.94K,5.00%,,,,,,,,
04-09-2014,383.32,382.45,383.32,357.5,31.15K,5.00%,,,,,,,,
03-09-2014,365.07,364.02,365.07,360,23.52K,5.00%,,,,,,,,
02-09-2014,347.7,347.7,347.7,340,14.35K,5.00%,,,,,,,,
01-09-2014,331.15,330,331.15,321.5,10.50K,4.99%,,,,,,,,
28-08-2014,315.4,304,315.4,300.5,18.97K,4.99%,,,,,,,,
27-08-2014,300.4,312.5,312.5,295,17.73K,-1.60%,,,,,,,,
26-08-2014,305.27,305.3,305.3,292.5,161.35K,4.99%,,,,,,,,
25-08-2014,290.77,290.77,290.77,290.77,18.52K,4.99%,,,,,,,,
22-08-2014,276.95,276.95,276.95,276.95,3.65K,5.00%,,,,,,,,
21-08-2014,263.77,263.77,263.77,263.77,2.82K,5.00%,,,,,,,,
20-08-2014,251.22,251.22,251.22,251.22,0.80K,4.99%,,,,,,,,
19-08-2014,239.28,239.28,239.28,239.28,1.51K,4.99%,,,,,,,,
18-08-2014,227.9,227.9,227.9,227.9,1.48K,5.00%,,,,,,,,
14-08-2014,217.05,207.55,217.05,202.75,16.40K,5.00%,,,,,,,,
13-08-2014,206.72,199.95,207.68,190.5,16.94K,4.51%,,,,,,,,
12-08-2014,197.8,195,201.5,195,2.49K,0.60%,,,,,,,,
11-08-2014,196.62,207.5,211.5,195.5,5.86K,-3.14%,,,,,,,,
08-08-2014,203,210.1,211,202.97,10.29K,-4.98%,,,,,,,,
07-08-2014,213.65,210.75,222.45,210.75,3.50K,-2.55%,,,,,,,,
06-08-2014,219.25,210,220.97,210,7.41K,4.10%,,,,,,,,
05-08-2014,210.62,209.97,215,204.5,4.43K,1.26%,,,,,,,,
04-08-2014,208,205,211.72,204.75,7.91K,3.15%,,,,,,,,
01-08-2014,201.65,195,202.5,187.55,10.51K,3.65%,,,,,,,,
31-07-2014,194.55,198.45,198.45,185,4.59K,2.18%,,,,,,,,
30-07-2014,190.4,185.5,191,182.88,3.60K,0.21%,,,,,,,,
28-07-2014,190,195,195,187,5.66K,-2.33%,,,,,,,,
25-07-2014,194.53,200,201.5,192.5,5.07K,-3.76%,,,,,,,,
24-07-2014,202.12,196.95,204.4,195,7.59K,3.39%,,,,,,,,
23-07-2014,195.5,195,199.5,185,17.10K,0.71%,,,,,,,,
22-07-2014,194.12,194.25,194.25,193,26.44K,4.93%,,,,,,,,
21-07-2014,185,185,185,185,0.56K,4.99%,,,,,,,,
18-07-2014,176.2,182.05,182.05,173,5.18K,-2.88%,,,,,,,,
17-07-2014,181.43,184.5,184.57,178.5,4.07K,3.20%,,,,,,,,
16-07-2014,175.8,172.28,175.8,172.28,1.13K,4.99%,,,,,,,,
15-07-2014,167.45,164.8,167.6,162.47,2.23K,4.91%,,,,,,,,
14-07-2014,159.62,167.5,167.5,158.88,2.49K,-4.54%,,,,,,,,
11-07-2014,167.22,168.03,170.5,167.22,1.92K,-5.00%,,,,,,,,
10-07-2014,176.03,178.5,185,169.85,5.86K,-1.54%,,,,,,,,
09-07-2014,178.78,178.78,178.78,178.78,3.00K,-5.00%,,,,,,,,
08-07-2014,188.18,183.5,191.18,183.5,19.79K,3.36%,,,,,,,,
07-07-2014,182.07,179.12,182.07,175.53,4.82K,4.98%,,,,,,,,
04-07-2014,173.43,166.5,173.43,166.5,7.06K,4.99%,,,,,,,,
03-07-2014,165.18,162.75,168.97,162.75,2.14K,1.65%,,,,,,,,
02-07-2014,162.5,157.12,164,157.12,3.66K,-1.05%,,,,,,,,
01-07-2014,164.22,157.5,164.25,156.5,2.13K,3.97%,,,,,,,,
30-06-2014,157.95,160,162.5,154.1,12.19K,-2.62%,,,,,,,,
27-06-2014,162.2,169,169,160,6.73K,-2.31%,,,,,,,,
26-06-2014,166.03,169.1,173.72,163.5,18.70K,0.34%,,,,,,,,
25-06-2014,165.47,160.6,165.47,158.55,11.73K,4.99%,,,,,,,,
24-06-2014,157.6,159,161.25,153,21.18K,1.70%,,,,,,,,
23-06-2014,154.97,160,161,146.05,28.27K,0.81%,,,,,,,,
20-06-2014,153.72,149.75,153.72,149,17.35K,4.98%,,,,,,,,
19-06-2014,146.43,142.5,146.43,142.5,31.02K,4.99%,,,,,,,,
18-06-2014,139.47,139.47,139.47,133.28,33.23K,4.98%,,,,,,,,
17-06-2014,132.85,130,132.85,130,2.86K,4.99%,,,,,,,,
16-06-2014,126.53,125.5,132.2,123.53,11.83K,-1.19%,,,,,,,,
13-06-2014,128.05,132,134.75,126.12,25.13K,-3.12%,,,,,,,,
12-06-2014,132.18,127.53,133.5,123.2,7.04K,2.61%,,,,,,,,
11-06-2014,128.82,131,133.45,126.78,28.04K,-3.45%,,,,,,,,
10-06-2014,133.43,135.5,135.95,129.5,24.73K,2.28%,,,,,,,,
09-06-2014,130.45,130,130.45,125.5,45.30K,4.99%,,,,,,,,
06-06-2014,124.25,124.25,124.25,120,50.31K,4.99%,,,,,,,,
05-06-2014,118.35,118,118.35,117,25.11K,4.99%,,,,,,,,
04-06-2014,112.72,112.72,112.72,108.5,81.44K,4.97%,,,,,,,,
03-06-2014,107.38,107.38,107.38,107.38,19.18K,4.99%,,,,,,,,
02-06-2014,102.28,102.28,102.28,102.28,34.47K,4.99%,,,,,,,,
30-05-2014,97.42,96.12,99,92.75,10.70K,0.02%,,,,,,,,
29-05-2014,97.4,95.7,97.97,91.6,27.66K,3.48%,,,,,,,,
28-05-2014,94.12,93.45,95.5,92,9.87K,3.32%,,,,,,,,
27-05-2014,91.1,93,94.95,88.5,7.35K,-0.98%,,,,,,,,
26-05-2014,92,95.5,98.5,91.12,12.59K,-2.08%,,,,,,,,
23-05-2014,93.95,97.5,99.5,91.5,19.15K,2.81%,,,,,,,,
22-05-2014,91.38,84.62,92,84.62,8.63K,7.99%,,,,,,,,
21-05-2014,84.62,81.12,86.95,81.12,15.41K,5.74%,,,,,,,,
20-05-2014,80.03,83,83.95,80,2.03K,0.08%,,,,,,,,
19-05-2014,79.97,73.03,80,73.03,8.04K,8.76%,,,,,,,,
16-05-2014,73.53,72.6,78.5,72.6,8.84K,-1.46%,,,,,,,,
15-05-2014,74.62,73.5,75.5,73.3,4.77K,-0.55%,,,,,,,,
14-05-2014,75.03,76.42,76.42,74,1.63K,0.87%,,,,,,,,
13-05-2014,74.38,74.5,75.47,72.12,4.18K,0.51%,,,,,,,,
12-05-2014,74,76,76,73.8,5.55K,-3.01%,,,,,,,,
09-05-2014,76.3,76.95,78.28,76.2,8.33K,-0.04%,,,,,,,,
08-05-2014,76.33,75,79,75,3.75K,5.65%,,,,,,,,
07-05-2014,72.25,73.25,73.9,71.5,1.49K,-0.96%,,,,,,,,
06-05-2014,72.95,74,74,71.67,3.66K,-3.25%,,,,,,,,
05-05-2014,75.4,76,77,74.67,8.15K,-2.61%,,,,,,,,
02-05-2014,77.42,78.75,78.75,75.28,1.92K,-0.53%,,,,,,,,
30-04-2014,77.83,81,83,77.12,5.42K,-2.86%,,,,,,,,
29-04-2014,80.12,76.97,80.95,75.17,6.13K,3.67%,,,,,,,,
28-04-2014,77.28,76.5,80.35,74.83,18.71K,-0.28%,,,,,,,,
25-04-2014,77.5,76.5,79.83,76.03,6.59K,1.27%,,,,,,,,
23-04-2014,76.53,74.5,79.5,74.5,10.57K,-1.78%,,,,,,,,
22-04-2014,77.92,78.5,81,77.78,17.82K,-4.80%,,,,,,,,
21-04-2014,81.85,81.5,84.55,80.55,13.62K,1.24%,,,,,,,,
17-04-2014,80.85,80,82.7,78,27.47K,2.63%,,,,,,,,
16-04-2014,78.78,76.83,82.5,76.83,33.12K,-2.56%,,,,,,,,
15-04-2014,80.85,85.12,88,80.85,5.03K,-4.99%,,,,,,,,
11-04-2014,85.1,85.1,85.1,81.3,67.76K,5.00%,,,,,,,,
10-04-2014,81.05,81.05,81.05,81.05,3.08K,4.99%,,,,,,,,
09-04-2014,77.2,77.2,77.2,77.2,4.23K,4.99%,,,,,,,,
07-04-2014,73.53,73.53,73.53,66.53,5.78K,5.00%,,,,,,,,
04-04-2014,70.03,74,74,70.03,29.37K,-4.98%,,,,,,,,
03-04-2014,73.7,80.45,80.45,73.7,84.02K,-5.00%,,,,,,,,
02-04-2014,77.58,77.35,77.58,76.55,38.94K,4.98%,,,,,,,,
01-04-2014,73.9,73.5,73.9,71.88,21.07K,4.97%,,,,,,,,
31-03-2014,70.4,70.4,70.4,70.4,7.72K,5.00%,,,,,,,,
28-03-2014,67.05,65.95,67.05,65.95,20.30K,4.96%,,,,,,,,
27-03-2014,63.88,66.4,66.4,62.38,15.92K,0.28%,,,,,,,,
26-03-2014,63.7,62.4,63.7,61.4,34.70K,4.99%,,,,,,,,
25-03-2014,60.67,59.9,60.67,59.7,23.21K,4.97%,,,,,,,,
24-03-2014,57.8,55.33,57.8,55.12,17.85K,5.00%,,,,,,,,
22-03-2014,55.05,55.42,55.98,55,3.04K,-0.09%,,,,,,,,
21-03-2014,55.1,55.95,56.38,53.75,14.74K,0.18%,,,,,,,,
20-03-2014,55,57.42,57.42,54.4,56.07K,0.55%,,,,,,,,
19-03-2014,54.7,53.25,54.7,53.25,16.13K,4.99%,,,,,,,,
18-03-2014,52.1,52.5,52.73,50.52,20.25K,0.39%,,,,,,,,
14-03-2014,51.9,50.5,52.48,50.5,13.09K,1.67%,,,,,,,,
13-03-2014,51.05,51.95,52.98,50.77,8.26K,-0.23%,,,,,,,,
12-03-2014,51.17,50.5,52,50.02,7.58K,0.67%,,,,,,,,
11-03-2014,50.83,53.98,54.45,50.65,34.00K,-4.63%,,,,,,,,
10-03-2014,53.3,48.55,53.3,48.55,49.95K,4.98%,,,,,,,,
07-03-2014,50.77,53.5,55,50.77,45.03K,-4.96%,,,,,,,,
06-03-2014,53.42,57.98,58.48,52.92,165.33K,-4.09%,,,,,,,,
05-03-2014,55.7,55.7,55.7,54,90.72K,5.00%,,,,,,,,
04-03-2014,53.05,51.95,53.05,50,99.34K,5.01%,,,,,,,,
03-03-2014,50.52,50.52,50.52,50,28.06K,4.99%,,,,,,,,
28-02-2014,48.12,48.12,48.12,46,89.80K,4.95%,,,,,,,,
26-02-2014,45.85,45.85,45.85,45.85,4.41K,4.99%,,,,,,,,
25-02-2014,43.67,43.67,43.67,43.67,13.55K,4.98%,,,,,,,,
24-02-2014,41.6,41.6,41.6,40.52,75.83K,5.00%,,,,,,,,
21-02-2014,39.62,39.3,39.62,38.9,85.00K,4.95%,,,,,,,,
20-02-2014,37.75,37.35,37.83,36.5,76.59K,4.80%,,,,,,,,
19-02-2014,36.02,36.02,36.02,35,113.31K,4.92%,,,,,,,,
18-02-2014,34.33,34.3,34.33,34.3,33.37K,4.98%,,,,,,,,
17-02-2014,32.7,32.7,32.7,32.7,0.66K,4.98%,,,,,,,,
14-02-2014,31.15,31.02,31.15,31.02,0.21K,-3.92%,,,,,,,,
13-02-2014,32.42,32.7,32.73,32.15,0.76K,1.06%,,,,,,,,
12-02-2014,32.08,30.9,32.42,30.9,0.74K,3.48%,,,,,,,,
11-02-2014,31,30.3,31,30.3,0.66K,0.00%,,,,,,,,
07-02-2014,31,31,31,31,0.20K,0.81%,,,,,,,,
04-02-2014,30.75,30.5,30.75,30.5,0.90K,0.82%,,,,,,,,
03-02-2014,30.5,30.5,30.5,30.5,0.26K,0.00%,,,,,,,,
31-01-2014,30.5,30.5,30.52,30.5,0.52K,-4.54%,,,,,,,,
29-01-2014,31.95,30,31.95,30,0.49K,4.93%,,,,,,,,
27-01-2014,30.45,31.4,31.4,30.38,0.04K,-3.12%,,,,,,,,
24-01-2014,31.43,30.62,33,30.62,2.14K,-1.23%,,,,,,,,
23-01-2014,31.82,32.25,32.25,31.5,0.97K,-1.33%,,,,,,,,
22-01-2014,32.25,32.25,32.25,32.25,0.20K,-2.27%,,,,,,,,
20-01-2014,33,32.55,33.25,32.1,1.00K,1.48%,,,,,,,,
17-01-2014,32.52,32.98,33.25,32.27,3.79K,0.06%,,,,,,,,
16-01-2014,32.5,33.92,33.95,31.52,2.97K,-0.46%,,,,,,,,
15-01-2014,32.65,33,33.67,32.05,10.24K,1.78%,,,,,,,,
14-01-2014,32.08,32.45,32.6,32.08,1.42K,-4.95%,,,,,,,,
13-01-2014,33.75,33.5,34,32.73,2.69K,0.75%,,,,,,,,
10-01-2014,33.5,32.77,33.5,32.77,0.29K,-2.84%,,,,,,,,
09-01-2014,34.48,34,34.48,34,0.01K,1.41%,,,,,,,,
08-01-2014,34,32.45,34,32.45,0.37K,0.00%,,,,,,,,
06-01-2014,34,34,34,34,0.01K,0.00%,,,,,,,,
02-01-2014,34,34.45,34.45,34,0.27K,-1.22%,,,,,,,,
01-01-2014,34.42,33.75,34.42,33.75,1.10K,2.75%,,,,,,,,
31-12-2013,33.5,32,33.5,32,3.89K,-0.36%,,,,,,,,
30-12-2013,33.62,33.7,33.7,31.38,0.07K,4.74%,,,,,,,,
27-12-2013,32.1,32.75,32.75,32.1,0.25K,-4.75%,,,,,,,,
26-12-2013,33.7,32.1,33.7,32.1,0.84K,4.98%,,,,,,,,
23-12-2013,32.1,32.05,32.1,32.05,3.35K,2.65%,,,,,,,,
20-12-2013,31.27,31.27,31.27,31.27,0.29K,-0.89%,,,,,,,,
19-12-2013,31.55,30.02,31.55,30.02,1.20K,-0.16%,,,,,,,,
17-12-2013,31.6,31.95,32.08,31.6,4.61K,-1.10%,,,,,,,,
12-12-2013,31.95,31.95,31.95,31.95,0.06K,0.00%,,,,,,,,
11-12-2013,31.95,32.48,32.48,31.95,0.10K,3.06%,,,,,,,,
10-12-2013,31,31,31,31,3.00K,2.82%,,,,,,,,
09-12-2013,30.15,30.15,30.15,30.15,0.02K,-4.29%,,,,,,,,
05-12-2013,31.5,31.5,31.5,31.5,0.19K,-0.94%,,,,,,,,
03-12-2013,31.8,31.45,31.8,31.45,0.98K,2.58%,,,,,,,,
02-12-2013,31,31.5,31.5,31,1.00K,-1.59%,,,,,,,,
29-11-2013,31.5,31.5,31.5,31.5,0.35K,0.00%,,,,,,,,
28-11-2013,31.5,31.5,31.5,31.5,0.58K,1.78%,,,,,,,,
27-11-2013,30.95,30.95,30.95,30.95,0.20K,4.92%,,,,,,,,
26-11-2013,29.5,29.5,29.5,29.5,1.50K,-4.84%,,,,,,,,
25-11-2013,31,30.77,31,30.77,0.25K,-2.67%,,,,,,,,
22-11-2013,31.85,31.52,31.85,31.52,0.40K,1.18%,,,,,,,,
20-11-2013,31.48,31,31.5,31,0.22K,-1.25%,,,,,,,,
19-11-2013,31.88,31.88,31.88,31.88,0.04K,4.52%,,,,,,,,
18-11-2013,30.5,31.25,31.25,30.5,0.40K,-2.24%,,,,,,,,
14-11-2013,31.2,29.05,31.2,29.05,1.05K,4.24%,,,,,,,,
08-11-2013,29.93,29.93,29.93,29.93,0.07K,5.02%,,,,,,,,
31-10-2013,28.5,28.5,28.5,28.5,0.02K,-3.39%,,,,,,,,
30-10-2013,29.5,29.3,29.5,29.3,0.20K,-2.90%,,,,,,,,
29-10-2013,30.38,30.38,30.38,30.38,0.01K,-4.62%,,,,,,,,
25-10-2013,31.85,31.85,31.85,31.85,0.01K,-4.93%,,,,,,,,
24-10-2013,33.5,33.5,33.5,33.5,0.01K,3.46%,,,,,,,,
23-10-2013,32.38,32.38,32.38,32.38,0.01K,4.96%,,,,,,,,
22-10-2013,30.85,30.75,30.85,30.75,2.43K,4.93%,,,,,,,,
21-10-2013,29.4,29.4,29.4,29.4,1.41K,5.00%,,,,,,,,
18-10-2013,28,27.95,28,27.95,0.11K,-1.51%,,,,,,,,
17-10-2013,28.43,28.43,28.43,28.43,2.58K,-1.73%,,,,,,,,
15-10-2013,28.93,28.93,28.93,28.93,8.03K,5.01%,,,,,,,,
14-10-2013,27.55,27.55,27.55,27.55,0.10K,4.95%,,,,,,,,
09-10-2013,26.25,26.25,26.25,26.25,0.62K,5.00%,,,,,,,,
07-10-2013,25,25,25.12,24.77,0.55K,-3.47%,,,,,,,,
04-10-2013,25.9,25.9,25.9,25.9,0.11K,4.94%,,,,,,,,
03-10-2013,24.68,24.5,24.68,24.5,2.80K,5.02%,,,,,,,,
01-10-2013,23.5,23.5,23.5,23.5,0.20K,4.12%,,,,,,,,
20-09-2013,22.57,22.57,22.57,22.57,0.05K,4.98%,,,,,,,,
19-09-2013,21.5,23.5,23.5,21.5,0.11K,-4.53%,,,,,,,,
18-09-2013,22.52,22.52,22.52,22.52,0.00K,4.84%,,,,,,,,
13-09-2013,21.48,21.48,21.48,21.48,0.05K,4.88%,,,,,,,,
12-09-2013,20.48,20.48,20.48,20.48,0.04K,5.03%,,,,,,,,
29-08-2013,19.5,19.5,19.5,19.5,0.01K,-9.30%,,,,,,,,
28-08-2013,21.5,23.68,23.68,21.5,0.02K,-4.66%,,,,,,,,
27-08-2013,22.55,24.75,24.75,22.55,0.11K,-4.33%,,,,,,,,
22-08-2013,23.57,25.05,25.05,23.57,0.51K,-4.96%,,,,,,,,
21-08-2013,24.8,24.8,24.8,24.8,1.00K,-0.52%,,,,,,,,
20-08-2013,24.93,24.93,24.93,24.93,0.00K,4.97%,,,,,,,,
19-08-2013,23.75,23.27,23.75,22.88,0.12K,-1.25%,,,,,,,,
12-08-2013,24.05,24.05,24.05,24.05,0.04K,-4.94%,,,,,,,,
08-08-2013,25.3,25.25,25.3,25.25,1.20K,4.98%,,,,,,,,
07-08-2013,24.1,26.1,26.1,24.1,0.22K,-4.55%,,,,,,,,
06-08-2013,25.25,25.25,25.25,25.25,0.02K,-4.79%,,,,,,,,
05-08-2013,26.52,26.55,28.85,26.15,0.68K,-3.56%,,,,,,,,
02-08-2013,27.5,25.52,27.5,25.52,0.22K,4.68%,,,,,,,,
01-08-2013,26.27,26.27,26.27,26.27,0.50K,-1.05%,,,,,,,,
30-07-2013,26.55,26.52,26.55,26.52,5.80K,-1.67%,,,,,,,,
26-07-2013,27,27,27,27,0.10K,-2.00%,,,,,,,,
24-07-2013,27.55,27.55,27.55,27.55,0.40K,0.00%,,,,,,,,
19-07-2013,27.55,27.55,27.55,27.55,0.33K,-0.97%,,,,,,,,
16-07-2013,27.82,27.82,27.82,27.82,0.25K,-0.64%,,,,,,,,
15-07-2013,28,28,28,28,0.40K,4.48%,,,,,,,,
12-07-2013,26.8,26.8,26.8,26.8,0.22K,-4.63%,,,,,,,,
11-07-2013,28.1,27.27,28.1,27.27,0.28K,4.97%,,,,,,,,
10-07-2013,26.77,26.77,26.77,26.77,0.08K,-4.05%,,,,,,,,
09-07-2013,27.9,27.9,27.9,27.9,0.50K,5.01%,,,,,,,,
03-07-2013,26.57,26.57,26.57,26.57,0.40K,-5.11%,,,,,,,,
01-07-2013,28,28,28,28,0.88K,-0.43%,,,,,,,,
28-06-2013,28.12,27.62,28.12,27.62,0.66K,-2.97%,,,,,,,,
21-06-2013,28.98,34.45,34.45,28.98,0.40K,-13.49%,,,,,,,,
12-06-2013,33.5,28,33.5,28,0.15K,19.64%,,,,,,,,
11-06-2013,28,28,28,28,1.20K,0.00%,,,,,,,,
10-06-2013,28,27.27,30.95,27.27,2.30K,-6.67%,,,,,,,,
06-06-2013,30,28.65,30,28.65,0.45K,-3.29%,,,,,,,,
04-06-2013,31.02,31.02,31.02,31.02,6.00K,2.99%,,,,,,,,
31-05-2013,30.12,30.12,30.12,30.12,0.20K,-5.43%,,,,,,,,
28-05-2013,31.85,31.45,33,31.45,2.03K,-0.25%,,,,,,,,
27-05-2013,31.93,30.73,32.45,30.6,1.77K,8.24%,,,,,,,,
22-05-2013,29.5,26.15,29.98,26.15,0.18K,12.30%,,,,,,,,
21-05-2013,26.27,23.57,31.25,23.57,0.37K,-9.41%,,,,,,,,
17-05-2013,29,29,29,29,1.45K,1.51%,,,,,,,,
16-05-2013,28.57,28.02,28.57,28.02,2.60K,-1.55%,,,,,,,,
15-05-2013,29.02,29.5,29.5,29.02,8.33K,-4.00%,,,,,,,,
14-05-2013,30.23,30.25,30.25,30.23,0.21K,5.88%,,,,,,,,
13-05-2013,28.55,28.75,28.75,28.55,0.30K,-4.90%,,,,,,,,
10-05-2013,30.02,30.02,30.02,30.02,0.40K,1.59%,,,,,,,,
09-05-2013,29.55,28.5,29.55,28.5,0.38K,4.12%,,,,,,,,
07-05-2013,28.38,29,29,28.38,0.65K,2.83%,,,,,,,,
23-04-2013,27.6,27.6,27.6,27.6,0.50K,-5.64%,,,,,,,,
18-04-2013,29.25,29.25,29.25,29.25,0.40K,-0.07%,,,,,,,,
17-04-2013,29.27,30,30,29.27,0.40K,-12.57%,,,,,,,,
15-04-2013,33.48,33.9,33.9,33.48,0.04K,17.47%,,,,,,,,
10-04-2013,28.5,28.5,28.5,28.5,2.00K,0.00%,,,,,,,,
09-04-2013,28.5,28.5,28.5,28.45,4.44K,0.00%,,,,,,,,
08-04-2013,28.5,28.5,28.5,28.5,0.04K,-0.52%,,,,,,,,
05-04-2013,28.65,28.5,30.52,28.5,0.71K,0.46%,,,,,,,,
04-04-2013,28.52,29.75,29.75,28.5,3.99K,-3.16%,,,,,,,,
03-04-2013,29.45,31.4,31.4,29.38,0.39K,-6.30%,,,,,,,,
02-04-2013,31.43,31.43,31.43,31.43,0.20K,0.90%,,,,,,,,
01-04-2013,31.15,32.05,32.05,30.6,2.27K,-2.60%,,,,,,,,
28-03-2013,31.98,29.02,32.45,29.02,2.18K,9.52%,,,,,,,,
26-03-2013,29.2,28.32,31.5,28.32,0.08K,-1.25%,,,,,,,,
25-03-2013,29.57,29.5,30.57,29.5,2.15K,-3.84%,,,,,,,,
22-03-2013,30.75,30.18,31.5,30.18,0.48K,-0.65%,,,,,,,,
21-03-2013,30.95,30.85,33,29.5,3.68K,1.98%,,,,,,,,
20-03-2013,30.35,31.95,31.95,30.35,0.10K,-1.46%,,,,,,,,
19-03-2013,30.8,33.48,33.48,30.8,0.40K,-6.53%,,,,,,,,
18-03-2013,32.95,30.68,33.35,30.68,0.01K,2.58%,,,,,,,,
15-03-2013,32.12,32.5,32.5,30.75,1.43K,3.55%,,,,,,,,
14-03-2013,31.02,30.52,31.02,30.52,0.01K,-0.10%,,,,,,,,
13-03-2013,31.05,32.25,32.25,31.02,0.69K,-3.87%,,,,,,,,
12-03-2013,32.3,30.93,32.33,30.93,0.22K,-0.55%,,,,,,,,
11-03-2013,32.48,30.5,33.45,30.5,2.95K,0.40%,,,,,,,,
08-03-2013,32.35,32.48,32.48,31.05,0.04K,4.86%,,,,,,,,
07-03-2013,30.85,30.85,30.85,30.85,0.80K,-7.86%,,,,,,,,
06-03-2013,33.48,33.48,33.48,33.48,0.00K,9.23%,,,,,,,,
05-03-2013,30.65,30.65,30.65,30.65,0.00K,-3.31%,,,,,,,,
04-03-2013,31.7,32.98,32.98,31.02,1.96K,-2.22%,,,,,,,,
01-03-2013,32.42,32,33.42,30.88,1.61K,-1.25%,,,,,,,,
28-02-2013,32.83,33.45,33.45,31.6,1.46K,0.71%,,,,,,,,
27-02-2013,32.6,33.38,33.4,32.58,4.73K,1.87%,,,,,,,,
26-02-2013,32,31.52,33,31.52,2.17K,-3.26%,,,,,,,,
25-02-2013,33.08,33.8,33.85,32.65,0.12K,0.39%,,,,,,,,
22-02-2013,32.95,32.42,33.9,32.35,5.23K,1.45%,,,,,,,,
21-02-2013,32.48,32.7,33.35,32.27,5.75K,-0.06%,,,,,,,,
20-02-2013,32.5,33.95,33.95,32.27,0.16K,-2.40%,,,,,,,,
19-02-2013,33.3,32.5,33.5,32.5,2.59K,1.06%,,,,,,,,
18-02-2013,32.95,32.5,32.98,31.12,3.12K,1.32%,,,,,,,,
15-02-2013,32.52,32.75,33.98,31.77,2.31K,4.50%,,,,,,,,
14-02-2013,31.12,31.12,31.12,31.12,0.44K,-4.74%,,,,,,,,
13-02-2013,32.67,31.5,33.05,30.8,3.63K,3.06%,,,,,,,,
11-02-2013,31.7,32.73,32.73,31.7,0.20K,-3.94%,,,,,,,,
08-02-2013,33,33.45,33.45,33,0.01K,1.54%,,,,,,,,
07-02-2013,32.5,32.85,32.85,32.5,10.61K,-1.37%,,,,,,,,
06-02-2013,32.95,32,33,32,8.94K,-0.15%,,,,,,,,
05-02-2013,33,32,33,32,0.12K,1.79%,,,,,,,,
04-02-2013,32.42,33.88,33.88,32.27,1.21K,-3.51%,,,,,,,,
01-02-2013,33.6,33.6,33.6,33.6,0.00K,4.35%,,,,,,,,
31-01-2013,32.2,32.38,33.6,32.2,11.69K,-2.87%,,,,,,,,
30-01-2013,33.15,33.98,33.98,32.52,0.03K,-0.99%,,,,,,,,
29-01-2013,33.48,33,33.48,32.42,2.56K,-1.38%,,,,,,,,
28-01-2013,33.95,33.5,33.95,33.5,2.40K,1.34%,,,,,,,,
25-01-2013,33.5,33.55,33.6,32.75,2.71K,0.30%,,,,,,,,
24-01-2013,33.4,33.17,33.4,32,3.18K,0.97%,,,,,,,,
23-01-2013,33.08,33.5,33.7,33,9.33K,-0.96%,,,,,,,,
22-01-2013,33.4,32.52,34,32.52,2.23K,0.30%,,,,,,,,
21-01-2013,33.3,33.88,33.88,32.8,1.21K,-1.48%,,,,,,,,
18-01-2013,33.8,33.98,33.98,33.8,0.00K,0.84%,,,,,,,,
17-01-2013,33.52,33,34.08,32.7,2.09K,-0.68%,,,,,,,,
16-01-2013,33.75,34,34.2,33.58,22.17K,-0.24%,,,,,,,,
15-01-2013,33.83,32.67,34,32.67,1.82K,1.68%,,,,,,,,
14-01-2013,33.27,32.85,33.65,32.85,0.63K,0.67%,,,,,,,,
11-01-2013,33.05,33.5,33.85,32.7,2.94K,-1.70%,,,,,,,,
10-01-2013,33.62,33.02,34.08,33,2.23K,0.30%,,,,,,,,
09-01-2013,33.52,34.25,34.25,33.52,2.68K,-1.12%,,,,,,,,
08-01-2013,33.9,33,34,33,6.65K,2.67%,,,,,,,,
07-01-2013,33.02,33.88,33.88,32.15,2.55K,1.60%,,,,,,,,
04-01-2013,32.5,33.5,33.5,32.5,0.06K,-0.61%,,,,,,,,
03-01-2013,32.7,32.75,32.75,32.55,0.50K,-0.55%,,,,,,,,
02-01-2013,32.88,33.25,33.25,32.5,3.70K,-1.11%,,,,,,,,
31-12-2012,33.25,32.5,33.25,32.5,0.10K,3.74%,,,,,,,,
28-12-2012,32.05,31.1,33.3,31.1,7.66K,2.63%,,,,,,,,
27-12-2012,31.23,31.23,31.23,31.23,0.19K,-1.17%,,,,,,,,
26-12-2012,31.6,32.33,32.33,31.25,1.40K,0.32%,,,,,,,,
24-12-2012,31.5,32.12,32.12,31.5,0.10K,-3.76%,,,,,,,,
21-12-2012,32.73,32.5,32.88,31.62,0.09K,3.25%,,,,,,,,
20-12-2012,31.7,33,33.42,31.55,1.27K,-2.82%,,,,,,,,
19-12-2012,32.62,32.42,33.23,31.55,6.17K,0.62%,,,,,,,,
17-12-2012,32.42,33,33,31.5,1.04K,1.53%,,,,,,,,
14-12-2012,31.93,32.1,33.23,31.55,2.98K,-2.21%,,,,,,,,
13-12-2012,32.65,31.77,32.98,31.55,8.82K,1.40%,,,,,,,,
12-12-2012,32.2,33,33,31.9,1.76K,-0.68%,,,,,,,,
11-12-2012,32.42,31.8,32.95,31.8,1.19K,-1.82%,,,,,,,,
10-12-2012,33.02,31.52,33.4,31.5,4.10K,2.87%,,,,,,,,
07-12-2012,32.1,32.98,33,32.08,1.20K,-0.99%,,,,,,,,
06-12-2012,32.42,31.82,32.95,31.7,1.83K,0.22%,,,,,,,,
05-12-2012,32.35,32.98,32.98,32.3,0.71K,-0.09%,,,,,,,,
04-12-2012,32.38,31.52,32.95,31.52,2.39K,-1.13%,,,,,,,,
03-12-2012,32.75,32.1,33.48,32.1,0.47K,-0.82%,,,,,,,,
30-11-2012,33.02,33,33.5,32.85,0.68K,0.67%,,,,,,,,
29-11-2012,32.8,32,33.48,31.8,1.08K,0.92%,,,,,,,,
27-11-2012,32.5,33.12,33.12,32,0.65K,-2.31%,,,,,,,,
26-11-2012,33.27,33.92,33.92,31.93,0.30K,3.23%,,,,,,,,
23-11-2012,32.23,32,32.95,31.85,1.47K,-0.37%,,,,,,,,
22-11-2012,32.35,32.5,32.5,32.25,0.17K,-0.61%,,,,,,,,
21-11-2012,32.55,33.38,33.38,32.5,3.07K,-0.37%,,,,,,,,
20-11-2012,32.67,32.55,33.55,32.5,2.09K,0.37%,,,,,,,,
19-11-2012,32.55,33.75,33.75,32.5,8.29K,-1.21%,,,,,,,,
16-11-2012,32.95,32.5,33.77,32.5,2.70K,-0.60%,,,,,,,,
15-11-2012,33.15,31.7,34,31.55,1.56K,-1.19%,,,,,,,,
13-11-2012,33.55,34.08,34.2,33.15,1.90K,1.91%,,,,,,,,
12-11-2012,32.92,32.8,32.92,32.12,5.64K,1.14%,,,,,,,,
09-11-2012,32.55,33.7,34,32.5,3.67K,-1.96%,,,,,,,,
08-11-2012,33.2,34.9,35.55,33,29.55K,1.37%,,,,,,,,
07-11-2012,32.75,30.5,33.7,29.88,16.38K,6.33%,,,,,,,,
06-11-2012,30.8,29.12,31.48,29.12,1.44K,-1.28%,,,,,,,,
05-11-2012,31.2,31.25,31.25,31.2,0.16K,1.30%,,,,,,,,
02-11-2012,30.8,29.07,31.93,29.07,2.07K,0.98%,,,,,,,,
01-11-2012,30.5,30.5,30.5,30.5,0.30K,-2.56%,,,,,,,,
31-10-2012,31.3,31.15,32.38,29.88,3.12K,5.39%,,,,,,,,
30-10-2012,29.7,31.25,31.25,29.35,0.01K,-2.24%,,,,,,,,
29-10-2012,30.38,31,31.95,30.1,0.22K,-2.00%,,,,,,,,
26-10-2012,31,31.5,31.5,31,2.66K,0.32%,,,,,,,,
25-10-2012,30.9,31.82,31.82,30.3,1.01K,1.08%,,,,,,,,
23-10-2012,30.57,30.32,31.3,30.32,0.03K,1.66%,,,,,,,,
22-10-2012,30.07,30.25,32.9,29.8,12.58K,-0.17%,,,,,,,,
19-10-2012,30.12,29,31.4,28.55,2.86K,-0.86%,,,,,,,,
18-10-2012,30.38,30.43,32,30,2.97K,2.12%,,,,,,,,
17-10-2012,29.75,35.1,35.1,29.3,5.03K,-5.76%,,,,,,,,
16-10-2012,31.57,32.25,32.62,31.57,0.17K,-2.86%,,,,,,,,
15-10-2012,32.5,32.25,33.45,31.55,3.14K,0.00%,,,,,,,,
12-10-2012,32.5,32.52,33,32.05,1.53K,-2.26%,,,,,,,,
11-10-2012,33.25,32.75,33.98,32.5,1.31K,-1.92%,,,,,,,,
10-10-2012,33.9,35.5,35.5,33.33,2.33K,-1.51%,,,,,,,,
09-10-2012,34.42,32.33,35,32.2,12.81K,7.23%,,,,,,,,
08-10-2012,32.1,30.68,32.15,30.05,1.55K,4.73%,,,,,,,,
05-10-2012,30.65,32.25,32.25,30.62,2.16K,-5.26%,,,,,,,,
04-10-2012,32.35,31.5,32.42,31.05,1.30K,1.95%,,,,,,,,
03-10-2012,31.73,32.08,32.08,30.5,1.67K,1.60%,,,,,,,,
01-10-2012,31.23,32.55,33.02,30.6,1.82K,1.07%,,,,,,,,
28-09-2012,30.9,33.4,33.4,30.77,0.42K,0.49%,,,,,,,,
27-09-2012,30.75,30.75,30.75,30.75,0.02K,1.49%,,,,,,,,
26-09-2012,30.3,33.12,33.12,30.3,0.46K,-4.87%,,,,,,,,
25-09-2012,31.85,33.95,33.95,31.85,0.20K,-0.93%,,,,,,,,
24-09-2012,32.15,29.02,33.95,29.02,0.38K,5.83%,,,,,,,,
21-09-2012,30.38,34.48,34.48,30.38,0.01K,-4.85%,,,,,,,,
20-09-2012,31.93,31.93,31.93,31.93,0.01K,2.83%,,,,,,,,
18-09-2012,31.05,32.2,32.2,31,3.21K,-2.97%,,,,,,,,
17-09-2012,32,33.45,33.45,30.7,1.24K,2.99%,,,,,,,,
14-09-2012,31.07,30.07,32.35,30.05,3.02K,-1.83%,,,,,,,,
12-09-2012,31.65,31.25,32.5,31.23,4.27K,1.05%,,,,,,,,
11-09-2012,31.32,31.75,32.48,31.32,0.61K,-2.43%,,,,,,,,
10-09-2012,32.1,34,34,32.1,2.43K,-0.71%,,,,,,,,
07-09-2012,32.33,32.25,33.5,31.65,6.49K,3.29%,,,,,,,,
06-09-2012,31.3,32,32.73,31.25,0.64K,1.13%,,,,,,,,
05-09-2012,30.95,31.98,31.98,30.88,0.42K,-3.43%,,,,,,,,
04-09-2012,32.05,31.8,32.55,31.52,4.00K,0.16%,,,,,,,,
03-09-2012,32,32.3,32.3,31.07,2.82K,5.54%,,,,,,,,
31-08-2012,30.32,33.2,33.2,29.43,1.72K,-2.19%,,,,,,,,
30-08-2012,31,29.75,31,29.75,0.09K,2.48%,,,,,,,,
29-08-2012,30.25,34.35,34.35,30.25,0.24K,-3.82%,,,,,,,,
28-08-2012,31.45,31.5,31.88,31,2.51K,0.58%,,,,,,,,
27-08-2012,31.27,32.42,32.42,30.5,2.95K,-3.49%,,,,,,,,
24-08-2012,32.4,32.92,32.92,32.4,0.10K,1.98%,,,,,,,,
23-08-2012,31.77,31.57,32.85,30.5,12.47K,0.63%,,,,,,,,
22-08-2012,31.57,31.48,31.95,28.75,1.31K,9.31%,,,,,,,,
21-08-2012,28.88,30.05,31.43,28.05,0.91K,2.23%,,,,,,,,
17-08-2012,28.25,31.25,31.25,28.25,0.82K,-2.75%,,,,,,,,
16-08-2012,29.05,29.05,29.05,29.05,0.00K,-0.51%,,,,,,,,
14-08-2012,29.2,32.38,32.38,29.02,12.01K,-1.91%,,,,,,,,
13-08-2012,29.77,32.42,32.42,29.7,0.06K,-3.25%,,,,,,,,
10-08-2012,30.77,32.2,32.2,29.43,6.83K,-0.42%,,,,,,,,
09-08-2012,30.9,33.05,35,29.77,12.78K,-3.38%,,,,,,,,
08-08-2012,31.98,33.2,33.2,30.77,1.59K,0.88%,,,,,,,,
07-08-2012,31.7,30.5,32.02,30.5,5.73K,5.32%,,,,,,,,
06-08-2012,30.1,29.82,32.12,29.82,0.01K,-3.37%,,,,,,,,
03-08-2012,31.15,31.98,31.98,29.85,3.87K,-1.27%,,,,,,,,
02-08-2012,31.55,32.45,32.45,30.5,0.46K,3.95%,,,,,,,,
01-08-2012,30.35,29.02,32.12,28.32,14.96K,-0.49%,,,,,,,,
31-07-2012,30.5,30.5,30.5,30.5,0.40K,-3.54%,,,,,,,,
30-07-2012,31.62,32.23,32.23,30.52,2.18K,4.53%,,,,,,,,
27-07-2012,30.25,32.33,32.33,30.07,0.23K,-3.04%,,,,,,,,
26-07-2012,31.2,32.23,32.5,31,9.45K,-1.67%,,,,,,,,
25-07-2012,31.73,32.4,32.4,31.73,0.00K,0.16%,,,,,,,,
24-07-2012,31.68,30,32.12,29.18,0.60K,0.09%,,,,,,,,
23-07-2012,31.65,32.33,32.33,29.62,0.01K,6.39%,,,,,,,,
20-07-2012,29.75,32.33,32.33,29.75,0.12K,-3.41%,,,,,,,,
19-07-2012,30.8,31,31.7,30.75,3.51K,-2.38%,,,,,,,,
18-07-2012,31.55,32.98,32.98,31.45,5.97K,-5.68%,,,,,,,,
17-07-2012,33.45,31.82,33.8,31.77,0.39K,1.98%,,,,,,,,
16-07-2012,32.8,33.98,33.98,31.62,4.01K,-2.03%,,,,,,,,
13-07-2012,33.48,34.25,34.33,32.27,9.12K,3.02%,,,,,,,,
12-07-2012,32.5,32.1,33.88,32.1,0.87K,-2.20%,,,,,,,,
11-07-2012,33.23,33.3,33.95,33.05,2.07K,1.87%,,,,,,,,
10-07-2012,32.62,33.48,33.7,32.08,2.61K,-1.60%,,,,,,,,
09-07-2012,33.15,31.07,33.75,31,3.10K,2.00%,,,,,,,,
06-07-2012,32.5,32.95,33.4,32.35,1.89K,0.00%,,,,,,,,
05-07-2012,32.5,31.52,33,31.52,2.67K,-1.96%,,,,,,,,
04-07-2012,33.15,31.18,33.23,30.88,9.54K,6.32%,,,,,,,,
03-07-2012,31.18,29.75,31.25,29.75,2.04K,2.84%,,,,,,,,
02-07-2012,30.32,30.25,33,30,1.26K,1.13%,,,,,,,,
29-06-2012,29.98,31,31.25,29.65,0.96K,-1.64%,,,,,,,,
28-06-2012,30.48,30,31.38,29.5,2.43K,0.33%,,,,,,,,
27-06-2012,30.38,31.85,31.85,30.35,0.04K,-0.16%,,,,,,,,
26-06-2012,30.43,31.5,31.5,30.27,1.02K,-2.15%,,,,,,,,
25-06-2012,31.1,32,32.98,31.07,1.57K,0.16%,,,,,,,,
22-06-2012,31.05,31.9,31.9,31.05,0.30K,-2.60%,,,,,,,,
21-06-2012,31.88,32,32.5,30.52,5.58K,-1.39%,,,,,,,,
20-06-2012,32.33,35.9,35.9,30,2.62K,4.29%,,,,,,,,
19-06-2012,31,31,31,31,0.01K,0.75%,,,,,,,,
18-06-2012,30.77,31.48,31.48,30.52,0.13K,-2.69%,,,,,,,,
15-06-2012,31.62,32,32,31,4.41K,1.61%,,,,,,,,
14-06-2012,31.12,31.95,31.95,30.8,0.56K,-2.69%,,,,,,,,
13-06-2012,31.98,30.7,32.25,29.62,10.99K,5.72%,,,,,,,,
12-06-2012,30.25,28.57,30.35,28.15,4.25K,3.24%,,,,,,,,
11-06-2012,29.3,29.3,30,28.52,3.39K,4.57%,,,,,,,,
08-06-2012,28.02,27.5,29.5,27.5,1.41K,-0.36%,,,,,,,,
07-06-2012,28.12,29.48,29.48,28.12,0.08K,-2.26%,,,,,,,,
06-06-2012,28.77,27.25,29.95,27.25,1.56K,0.95%,,,,,,,,
05-06-2012,28.5,27.5,28.5,27.5,1.89K,1.79%,,,,,,,,
04-06-2012,28,27.25,28.95,27.25,3.66K,-1.82%,,,,,,,,
01-06-2012,28.52,29.95,29.95,27.25,0.64K,-4.87%,,,,,,,,
30-05-2012,29.98,31,31,28.98,6.44K,3.20%,,,,,,,,
29-05-2012,29.05,27.77,31.3,27.77,12.19K,11.30%,,,,,,,,
28-05-2012,26.1,29.43,29.43,26.1,0.24K,-3.51%,,,,,,,,
25-05-2012,27.05,29.68,29.68,25.5,0.54K,4.04%,,,,,,,,
24-05-2012,26,25.38,26.02,25.38,0.02K,-6.81%,,,,,,,,
23-05-2012,27.9,29,29,27.9,0.00K,2.95%,,,,,,,,
21-05-2012,27.1,28.45,28.45,25.27,5.29K,8.18%,,,,,,,,
18-05-2012,25.05,29,29,25.05,0.04K,-6.53%,,,,,,,,
17-05-2012,26.8,28.45,28.45,25.43,1.03K,2.37%,,,,,,,,
16-05-2012,26.18,29,29,26.05,2.06K,-0.08%,,,,,,,,
15-05-2012,26.2,26.25,26.25,26.2,0.10K,-6.36%,,,,,,,,
14-05-2012,27.98,24.18,29.2,24.12,1.06K,6.39%,,,,,,,,
11-05-2012,26.3,24.02,29.32,24.02,2.34K,-7.72%,,,,,,,,
10-05-2012,28.5,29.38,29.38,26.5,5.21K,5.48%,,,,,,,,
09-05-2012,27.02,29.45,29.45,27,0.18K,-5.19%,,,,,,,,
07-05-2012,28.5,28.48,28.5,26.75,1.75K,0.00%,,,,,,,,
04-05-2012,28.5,28.5,30.5,28.5,1.48K,0.18%,,,,,,,,
03-05-2012,28.45,27.07,29.88,27.02,1.05K,-4.37%,,,,,,,,
02-05-2012,29.75,30.5,30.5,29.75,1.30K,-2.30%,,,,,,,,
30-04-2012,30.45,30.45,30.45,30.45,0.00K,3.47%,,,,,,,,
27-04-2012,29.43,31.25,31.25,28.7,1.17K,-1.41%,,,,,,,,
25-04-2012,29.85,30.98,30.98,29,0.45K,-0.57%,,,,,,,,
24-04-2012,30.02,29.57,30.98,29.57,1.54K,-2.37%,,,,,,,,
23-04-2012,30.75,32.5,32.5,30.75,2.79K,1.89%,,,,,,,,
20-04-2012,30.18,28.73,32.23,27.57,18.66K,7.79%,,,,,,,,
19-04-2012,28,28.27,28.4,27.5,1.73K,-1.41%,,,,,,,,
18-04-2012,28.4,28.5,28.5,28,2.86K,1.43%,,,,,,,,
17-04-2012,28,27.23,28.5,27.23,1.07K,5.46%,,,,,,,,
16-04-2012,26.55,27.98,27.98,25.65,0.60K,-0.75%,,,,,,,,
13-04-2012,26.75,27.18,27.68,26.38,0.52K,2.69%,,,,,,,,
12-04-2012,26.05,26.18,27.23,25.85,2.57K,-4.86%,,,,,,,,
11-04-2012,27.38,27.5,29,26.02,0.76K,1.15%,,,,,,,,
10-04-2012,27.07,27.75,27.75,27,0.07K,-1.56%,,,,,,,,
09-04-2012,27.5,28.3,28.3,27,0.03K,0.18%,,,,,,,,
04-04-2012,27.45,27.88,27.88,26.15,0.36K,1.22%,,,,,,,,
03-04-2012,27.12,28.95,29.25,26.82,3.02K,-6.26%,,,,,,,,
02-04-2012,28.93,28.93,28.93,28.93,0.00K,1.58%,,,,,,,,
30-03-2012,28.48,26.5,29,25.23,3.10K,12.79%,,,,,,,,
28-03-2012,25.25,27.75,27.75,24.32,1.25K,-2.51%,,,,,,,,
26-03-2012,25.9,25.98,26,25.75,0.60K,-3.90%,,,,,,,,
23-03-2012,26.95,23.85,28.32,23.85,0.98K,9.69%,,,,,,,,
22-03-2012,24.57,27.93,27.93,24.57,2.37K,-1.99%,,,,,,,,
21-03-2012,25.07,26.27,26.43,25.07,0.21K,-0.99%,,,,,,,,
20-03-2012,25.32,25.55,26.4,25.07,0.79K,-4.38%,,,,,,,,
19-03-2012,26.48,26.82,26.82,25.1,1.94K,0.19%,,,,,,,,
16-03-2012,26.43,27,27,25.7,1.30K,-3.01%,,,,,,,,
15-03-2012,27.25,29,29,26.15,1.78K,2.44%,,,,,,,,
14-03-2012,26.6,29,29,26,1.01K,3.30%,,,,,,,,
13-03-2012,25.75,26.05,27.18,25.52,5.74K,-4.63%,,,,,,,,
12-03-2012,27,27.48,27.48,26,0.26K,2.16%,,,,,,,,
09-03-2012,26.43,27,28.35,25.9,2.09K,-5.54%,,,,,,,,
07-03-2012,27.98,26.15,28.4,26.15,0.03K,-0.07%,,,,,,,,
06-03-2012,28,28,28,28,0.35K,0.07%,,,,,,,,
05-03-2012,27.98,28.5,28.5,27.4,1.21K,-7.50%,,,,,,,,
03-03-2012,30.25,25.85,30.25,25.85,0.01K,7.16%,,,,,,,,
02-03-2012,28.23,28.23,28.23,28.23,0.00K,4.56%,,,,,,,,
01-03-2012,27,27.95,27.95,27,0.45K,-3.50%,,,,,,,,
29-02-2012,27.98,29.68,29.68,27,1.72K,3.90%,,,,,,,,
28-02-2012,26.93,27.02,29.5,26.3,3.22K,-7.14%,,,,,,,,
27-02-2012,29,29.55,30,27.45,2.26K,-1.53%,,,,,,,,
24-02-2012,29.45,30.45,30.45,29.45,0.02K,1.97%,,,,,,,,
23-02-2012,28.88,28.52,29.02,27.55,5.48K,0.38%,,,,,,,,
22-02-2012,28.77,28.35,30.23,28.35,1.27K,-1.81%,,,,,,,,
21-02-2012,29.3,30.52,30.52,28.8,1.21K,-3.93%,,,,,,,,
17-02-2012,30.5,28.05,32.5,28.05,3.92K,6.16%,,,,,,,,
16-02-2012,28.73,28.5,29.85,28.25,2.23K,1.23%,,,,,,,,
15-02-2012,28.38,29.98,29.98,26.85,1.67K,-4.28%,,,,,,,,
14-02-2012,29.65,29.15,29.65,29.15,0.13K,-1.17%,,,,,,,,
13-02-2012,30,31,31,29,1.41K,2.81%,,,,,,,,
10-02-2012,29.18,30,30,28.9,2.19K,-2.51%,,,,,,,,
09-02-2012,29.93,30.5,31.18,29.8,1.80K,1.46%,,,,,,,,
08-02-2012,29.5,32.12,32.12,28.02,0.41K,1.30%,,,,,,,,
07-02-2012,29.12,29.5,29.88,28.57,1.54K,-2.93%,,,,,,,,
06-02-2012,30,29.5,31,29.5,2.93K,0.60%,,,,,,,,
03-02-2012,29.82,29.98,34.95,29.38,6.34K,2.12%,,,,,,,,
02-02-2012,29.2,30.1,30.1,29.05,1.30K,-1.02%,,,,,,,,
01-02-2012,29.5,30.25,30.8,29.25,6.43K,-4.47%,,,,,,,,
31-01-2012,30.88,30.88,30.88,30.88,0.00K,-0.06%,,,,,,,,
30-01-2012,30.9,31,31,30.9,0.08K,3.00%,,,,,,,,
27-01-2012,30,29.2,31,29.2,0.53K,2.56%,,,,,,,,
25-01-2012,29.25,33.65,33.65,28.5,0.69K,-2.50%,,,,,,,,
24-01-2012,30,28.5,30.25,28.5,2.82K,5.19%,,,,,,,,
23-01-2012,28.52,28.1,30.15,28.1,1.05K,-3.26%,,,,,,,,
20-01-2012,29.48,29.7,29.7,29.48,0.20K,3.69%,,,,,,,,
19-01-2012,28.43,29.68,29.68,27.43,0.42K,1.28%,,,,,,,,
18-01-2012,28.07,29.98,29.98,26,1.69K,0.18%,,,,,,,,
17-01-2012,28.02,27.12,29.2,27.12,5.10K,-1.68%,,,,,,,,
16-01-2012,28.5,28.5,28.5,27.5,0.28K,2.22%,,,,,,,,
13-01-2012,27.88,28.5,29.35,27.05,1.69K,1.38%,,,,,,,,
12-01-2012,27.5,27.5,27.5,27.5,0.40K,-1.96%,,,,,,,,
11-01-2012,28.05,29.18,29.18,27.43,1.14K,-4.10%,,,,,,,,
10-01-2012,29.25,25.75,29.55,25.75,0.99K,4.84%,,,,,,,,
09-01-2012,27.9,29.27,29.27,26.25,9.13K,-4.78%,,,,,,,,
07-01-2012,29.3,26.48,29.3,26.48,0.10K,4.64%,,,,,,,,
06-01-2012,28,28,28,28,0.00K,2.08%,,,,,,,,
05-01-2012,27.43,28.5,28.5,26.3,2.15K,-3.42%,,,,,,,,
04-01-2012,28.4,29.45,29.5,27,21.12K,15.45%,,,,,,,,
03-01-2012,24.6,25.23,25.25,24.27,2.26K,0.82%,,,,,,,,
02-01-2012,24.4,25.45,25.45,23.8,1.04K,-4.13%,,,,,,,,
30-12-2011,25.45,28,28,23.62,0.03K,7.84%,,,,,,,,
29-12-2011,23.6,23.4,23.62,23.35,0.40K,-9.06%,,,,,,,,
28-12-2011,25.95,25.95,25.95,25.95,0.00K,4.22%,,,,,,,,
27-12-2011,24.9,24.93,24.93,24.9,0.29K,3.75%,,,,,,,,
26-12-2011,24,23.07,25.95,23.07,0.75K,-2.04%,,,,,,,,
23-12-2011,24.5,23.27,26.45,23.27,0.91K,-6.31%,,,,,,,,
21-12-2011,26.15,26.57,26.57,24,0.01K,11.28%,,,,,,,,
20-12-2011,23.5,26,26,23.5,1.76K,-7.84%,,,,,,,,
19-12-2011,25.5,29.95,29.95,25.48,0.04K,-0.08%,,,,,,,,
16-12-2011,25.52,29.9,29.9,25.27,1.77K,-6.59%,,,,,,,,
15-12-2011,27.32,25.52,27.77,25.52,2.64K,-0.73%,,,,,,,,
14-12-2011,27.52,29.93,29.93,27.52,0.01K,2.30%,,,,,,,,
12-12-2011,26.9,29.32,29.32,26.5,2.59K,-8.10%,,,,,,,,
09-12-2011,29.27,28.98,29.48,28.98,0.01K,4.54%,,,,,,,,
07-12-2011,28,29.98,29.98,28,0.06K,1.45%,,,,,,,,
05-12-2011,27.6,29.48,29.48,27.55,0.12K,-5.87%,,,,,,,,
02-12-2011,29.32,29.9,29.9,27.5,0.20K,6.35%,,,,,,,,
30-11-2011,27.57,29.75,29.75,27.5,1.35K,0.25%,,,,,,,,
29-11-2011,27.5,26,29.98,26,2.08K,3.70%,,,,,,,,
28-11-2011,26.52,30,30,25.8,0.40K,2.08%,,,,,,,,
25-11-2011,25.98,28.4,28.4,25.65,1.15K,0.00%,,,,,,,,
24-11-2011,25.98,25.68,27.7,25.65,1.23K,-1.70%,,,,,,,,
23-11-2011,26.43,27.98,27.98,26.4,0.05K,-1.93%,,,,,,,,
22-11-2011,26.95,28.23,28.23,26.25,6.19K,0.75%,,,,,,,,
21-11-2011,26.75,27.95,27.95,26.32,1.70K,-2.55%,,,,,,,,
18-11-2011,27.45,26.35,27.85,26.05,1.40K,0.18%,,,,,,,,
17-11-2011,27.4,27.35,29.95,27,4.84K,-5.45%,,,,,,,,
16-11-2011,28.98,30.32,30.32,27.12,2.64K,1.51%,,,,,,,,
15-11-2011,28.55,28.98,29.57,28.5,2.03K,-2.33%,,,,,,,,
14-11-2011,29.23,31,31,29,5.53K,-2.57%,,,,,,,,
11-11-2011,30,31,31,29.25,1.93K,0.77%,,,,,,,,
09-11-2011,29.77,29.32,30.9,29.32,4.28K,-1.81%,,,,,,,,
08-11-2011,30.32,30.5,30.75,29.6,1.08K,-0.20%,,,,,,,,
04-11-2011,30.38,30.5,30.65,29.85,0.01K,2.12%,,,,,,,,
03-11-2011,29.75,29.75,29.75,29.75,1.01K,-0.60%,,,,,,,,
02-11-2011,29.93,31.5,31.5,29.93,0.51K,-2.51%,,,,,,,,
01-11-2011,30.7,32.55,32.55,29.75,1.71K,0.72%,,,,,,,,
31-10-2011,30.48,31.48,31.48,29.5,11.96K,0.93%,,,,,,,,
28-10-2011,30.2,32,32,30.07,0.10K,-2.52%,,,,,,,,
26-10-2011,30.98,30.98,30.98,30.98,0.01K,2.41%,,,,,,,,
24-10-2011,30.25,30,31,29.77,0.22K,2.37%,,,,,,,,
21-10-2011,29.55,32.45,32.45,29.25,1.47K,-5.23%,,,,,,,,
20-10-2011,31.18,30.05,31.18,30.05,0.12K,-0.54%,,,,,,,,
19-10-2011,31.35,31.48,31.48,29.5,0.69K,3.70%,,,,,,,,
18-10-2011,30.23,29.38,30.73,29.38,0.05K,-2.48%,,,,,,,,
17-10-2011,31,32.45,32.45,29.27,1.80K,2.41%,,,,,,,,
14-10-2011,30.27,31.98,31.98,29.62,1.11K,2.96%,,,,,,,,
13-10-2011,29.4,30.35,30.35,29.4,1.00K,-3.61%,,,,,,,,
12-10-2011,30.5,32.3,32.3,29.3,1.16K,1.73%,,,,,,,,
11-10-2011,29.98,29.82,30.98,29.75,0.77K,-3.76%,,,,,,,,
10-10-2011,31.15,32.45,32.45,30.25,1.83K,3.76%,,,,,,,,
07-10-2011,30.02,31.45,31.52,30.02,1.35K,-1.25%,,,,,,,,
05-10-2011,30.4,33.2,33.2,30,2.90K,-4.79%,,,,,,,,
04-10-2011,31.93,31,32.7,31,4.20K,-0.28%,,,,,,,,
03-10-2011,32.02,30,32.45,30,11.54K,7.63%,,,,,,,,
30-09-2011,29.75,28.73,30,28.07,1.45K,3.55%,,,,,,,,
29-09-2011,28.73,29,29,28.73,0.58K,-1.17%,,,,,,,,
28-09-2011,29.07,29.8,29.8,28.73,0.02K,-2.61%,,,,,,,,
27-09-2011,29.85,29.85,29.85,29.85,0.10K,6.15%,,,,,,,,
26-09-2011,28.12,30.45,30.45,28,0.76K,-3.70%,,,,,,,,
23-09-2011,29.2,30.73,30.73,28.5,0.66K,-5.81%,,,,,,,,
22-09-2011,31,31,31,31,0.02K,3.26%,,,,,,,,
21-09-2011,30.02,32.5,32.5,30,0.45K,0.07%,,,,,,,,
20-09-2011,30,30,31.43,29.15,1.70K,0.00%,,,,,,,,
19-09-2011,30,33.75,33.75,28.75,5.33K,-2.28%,,,,,,,,
16-09-2011,30.7,32.48,32.48,29.5,0.88K,1.99%,,,,,,,,
15-09-2011,30.1,32.45,32.45,28.55,2.43K,-2.84%,,,,,,,,
14-09-2011,30.98,29.68,31,29.65,0.53K,-2.82%,,,,,,,,
13-09-2011,31.88,29.57,31.88,29.35,1.00K,7.88%,,,,,,,,
12-09-2011,29.55,29.57,32.35,29.5,1.64K,-6.19%,,,,,,,,
09-09-2011,31.5,32.48,32.48,31.5,3.28K,-0.63%,,,,,,,,
08-09-2011,31.7,31.65,32.48,31.5,3.06K,0.63%,,,,,,,,
07-09-2011,31.5,30.07,32.45,30.07,2.89K,1.68%,,,,,,,,
06-09-2011,30.98,30.6,32.38,30.6,1.77K,-3.79%,,,,,,,,
05-09-2011,32.2,30.1,32.42,30.1,0.30K,2.06%,,,,,,,,
02-09-2011,31.55,31.55,31.55,31.4,0.91K,0.00%,,,,,,,,
30-08-2011,31.55,29,31.57,29,2.20K,1.45%,,,,,,,,
29-08-2011,31.1,30.35,31.73,30.3,5.63K,2.47%,,,,,,,,
26-08-2011,30.35,30.4,30.45,30.35,3.30K,-4.71%,,,,,,,,
25-08-2011,31.85,30.55,31.85,30.52,9.32K,-0.84%,,,,,,,,
24-08-2011,32.12,30.52,32.45,30.52,0.29K,0.00%,,,,,,,,
23-08-2011,32.12,31.25,32.12,30.5,1.87K,4.22%,,,,,,,,
22-08-2011,30.82,28.5,30.82,28.5,0.28K,4.83%,,,,,,,,
19-08-2011,29.4,29,29.4,29,0.45K,-2.00%,,,,,,,,
18-08-2011,30,31.95,31.95,29.52,2.25K,-3.23%,,,,,,,,
17-08-2011,31,33,33,30.7,1.88K,-3.88%,,,,,,,,
16-08-2011,32.25,32.25,32.25,32.25,0.02K,0.78%,,,,,,,,
12-08-2011,32,33.3,33.3,32,0.01K,0.79%,,,,,,,,
11-08-2011,31.75,31.07,31.75,30.15,3.71K,0.22%,,,,,,,,
10-08-2011,31.68,30.07,31.68,30.07,0.75K,4.97%,,,,,,,,
09-08-2011,30.18,31,31.05,30,1.70K,-3.42%,,,,,,,,
08-08-2011,31.25,30.55,31.25,30.5,2.08K,-2.65%,,,,,,,,
05-08-2011,32.1,32.02,32.95,31.88,6.47K,-4.24%,,,,,,,,
04-08-2011,33.52,34.5,34.5,33.5,2.84K,-1.41%,,,,,,,,
03-08-2011,34,34.52,34.52,34,0.33K,-2.72%,,,,,,,,
02-08-2011,34.95,34.5,34.95,34.5,0.28K,-0.14%,,,,,,,,
01-08-2011,35,34.88,35.05,34.88,2.67K,-0.06%,,,,,,,,
29-07-2011,35.02,34.12,35.02,34.12,1.18K,1.45%,,,,,,,,
28-07-2011,34.52,35,35,34.52,0.79K,-1.43%,,,,,,,,
27-07-2011,35.02,34.92,35.02,34.92,2.23K,0.11%,,,,,,,,
26-07-2011,34.98,35.35,35.35,34.98,1.43K,-2.37%,,,,,,,,
25-07-2011,35.83,36.73,36.73,35,1.77K,2.31%,,,,,,,,
22-07-2011,35.02,35,35.8,34.05,2.03K,-2.04%,,,,,,,,
21-07-2011,35.75,34.27,35.77,34.27,0.30K,0.00%,,,,,,,,
20-07-2011,35.75,36.88,36.88,34.33,0.53K,0.00%,,,,,,,,
19-07-2011,35.75,33.77,36.3,33.77,5.60K,1.13%,,,,,,,,
18-07-2011,35.35,35.75,36.25,35.3,1.28K,-0.42%,,,,,,,,
15-07-2011,35.5,34.52,36.12,34.52,1.42K,0.00%,,,,,,,,
14-07-2011,35.5,36.02,36.02,35.5,0.72K,-2.74%,,,,,,,,
13-07-2011,36.5,36,36.52,36,0.21K,1.11%,,,,,,,,
12-07-2011,36.1,36.1,36.1,36.1,1.50K,-0.69%,,,,,,,,
11-07-2011,36.35,37.95,37.95,36.35,1.49K,0.28%,,,,,,,,
08-07-2011,36.25,37.38,37.38,36.25,0.63K,-2.63%,,,,,,,,
07-07-2011,37.23,37.23,37.23,36.45,0.58K,2.00%,,,,,,,,
06-07-2011,36.5,36.5,36.5,36.5,0.50K,-2.35%,,,,,,,,
05-07-2011,37.38,36.08,37.38,36.08,1.59K,2.41%,,,,,,,,
04-07-2011,36.5,36.27,36.5,36.27,0.07K,-1.35%,,,,,,,,
01-07-2011,37,36.45,37,36.25,0.46K,0.00%,,,,,,,,
30-06-2011,37,36.48,37.12,36.48,4.47K,0.41%,,,,,,,,
29-06-2011,36.85,36.05,36.85,35.75,4.86K,-0.54%,,,,,,,,
28-06-2011,37.05,37.23,37.5,36.48,4.16K,0.14%,,,,,,,,
27-06-2011,37,36.85,37.6,36.85,16.87K,1.37%,,,,,,,,
24-06-2011,36.5,36.12,36.5,35.1,5.56K,0.00%,,,,,,,,
23-06-2011,36.5,36.1,36.5,36,4.24K,0.00%,,,,,,,,
22-06-2011,36.5,36.48,36.5,36.1,4.54K,-0.05%,,,,,,,,
21-06-2011,36.52,36.5,37.95,36.5,2.46K,-0.68%,,,,,,,,
20-06-2011,36.77,36.48,36.85,36.48,0.72K,0.27%,,,,,,,,
17-06-2011,36.67,37.12,37.12,36.38,4.52K,-0.84%,,,,,,,,
16-06-2011,36.98,36.5,37.17,36.48,2.70K,-1.18%,,,,,,,,
15-06-2011,37.42,37,37.48,37,1.99K,0.32%,,,,,,,,
14-06-2011,37.3,37.25,37.62,37.12,8.42K,-0.32%,,,,,,,,
13-06-2011,37.42,37.48,37.5,36.55,9.50K,0.51%,,,,,,,,
10-06-2011,37.23,37.75,37.75,36.88,4.09K,-0.05%,,,,,,,,
09-06-2011,37.25,37,37.55,36.5,6.21K,0.68%,,,,,,,,
08-06-2011,37,35.12,37.65,35.12,1.95K,-1.54%,,,,,,,,
07-06-2011,37.58,37,37.67,36.83,9.28K,-0.45%,,,,,,,,
06-06-2011,37.75,38,38,37.12,6.03K,1.40%,,,,,,,,
03-06-2011,37.23,37,37.73,37,14.35K,-0.32%,,,,,,,,
02-06-2011,37.35,36,37.75,36,20.41K,0.27%,,,,,,,,
01-06-2011,37.25,32.58,37.95,32.55,62.48K,15.97%,,,,,,,,
31-05-2011,32.12,31.5,35,31.5,24.69K,7.07%,,,,,,,,
30-05-2011,30,30.95,30.95,29.25,0.90K,3.88%,,,,,,,,
27-05-2011,28.88,30.7,30.7,28.62,0.74K,-2.50%,,,,,,,,
26-05-2011,29.62,29.75,29.98,29.3,2.13K,3.75%,,,,,,,,
25-05-2011,28.55,30,30,28.3,1.30K,-4.83%,,,,,,,,
24-05-2011,30,29.95,30,29.57,0.51K,-1.41%,,,,,,,,
23-05-2011,30.43,31.75,32.25,29.55,0.91K,-1.20%,,,,,,,,
20-05-2011,30.8,32.1,32.1,29,0.10K,4.83%,,,,,,,,
19-05-2011,29.38,29.75,30.1,29.38,0.82K,0.62%,,,,,,,,
18-05-2011,29.2,29.75,31.73,29,1.73K,-1.91%,,,,,,,,
17-05-2011,29.77,29.77,29.77,29.77,0.12K,-1.52%,,,,,,,,
16-05-2011,30.23,30.75,31,29.75,0.21K,1.17%,,,,,,,,
13-05-2011,29.88,29.77,30.75,29.75,7.74K,0.37%,,,,,,,,
12-05-2011,29.77,29.77,29.77,29.77,0.05K,-3.34%,,,,,,,,
11-05-2011,30.8,31.7,31.7,29.62,2.06K,0.65%,,,,,,,,
10-05-2011,30.6,31.18,31.18,29.93,0.24K,-1.13%,,,,,,,,
09-05-2011,30.95,31.23,31.23,30.95,0.01K,2.76%,,,,,,,,
06-05-2011,30.12,30.75,31.43,30,0.15K,-2.68%,,,,,,,,
05-05-2011,30.95,29.93,30.95,29.93,0.90K,3.79%,,,,,,,,
04-05-2011,29.82,30.25,31.8,29.52,2.74K,-4.73%,,,,,,,,
03-05-2011,31.3,31.52,31.73,30.12,2.95K,-1.48%,,,,,,,,
02-05-2011,31.77,31.77,31.77,31.75,0.30K,0.13%,,,,,,,,
29-04-2011,31.73,33.1,33.1,30.82,4.09K,0.57%,,,,,,,,
28-04-2011,31.55,31.5,31.55,31.5,0.25K,-0.79%,,,,,,,,
27-04-2011,31.8,32.75,32.75,31.75,2.95K,-2.90%,,,,,,,,
26-04-2011,32.75,31.77,32.92,31.77,7.73K,1.55%,,,,,,,,
25-04-2011,32.25,33.5,33.5,31.93,1.93K,-0.31%,,,,,,,,
21-04-2011,32.35,34.48,34.48,32.25,2.47K,-4.57%,,,,,,,,
20-04-2011,33.9,32.02,33.98,32.02,2.64K,4.37%,,,,,,,,
19-04-2011,32.48,32.5,32.9,31.75,1.04K,-1.43%,,,,,,,,
18-04-2011,32.95,31.1,33.25,31.1,4.93K,1.85%,,,,,,,,
15-04-2011,32.35,33.25,33.5,32.33,2.36K,-2.27%,,,,,,,,
13-04-2011,33.1,31.55,33.5,31.55,1.85K,2.16%,,,,,,,,
11-04-2011,32.4,32.5,32.5,30.62,0.34K,1.19%,,,,,,,,
08-04-2011,32.02,32,33.5,32,7.40K,-3.64%,,,,,,,,
07-04-2011,33.23,33.5,33.67,32.5,1.66K,0.39%,,,,,,,,
06-04-2011,33.1,33.23,33.5,32.77,5.68K,2.00%,,,,,,,,
05-04-2011,32.45,31.27,32.48,31.27,1.66K,2.20%,,,,,,,,
04-04-2011,31.75,30.35,32,30,3.57K,6.26%,,,,,,,,
01-04-2011,29.88,30.5,30.5,29.18,0.97K,1.91%,,,,,,,,
31-03-2011,29.32,30.45,30.68,29.12,307.16K,-1.61%,,,,,,,,
30-03-2011,29.8,28.8,29.95,28.8,0.99K,3.47%,,,,,,,,
29-03-2011,28.8,28.32,29.55,28,10.38K,0.35%,,,,,,,,
28-03-2011,28.7,29.8,30.45,28.5,1.50K,-0.24%,,,,,,,,
25-03-2011,28.77,29,29.82,28.5,24.20K,0.07%,,,,,,,,
24-03-2011,28.75,28.1,28.75,28.1,4.10K,1.41%,,,,,,,,
23-03-2011,28.35,29.73,29.73,28.3,3.30K,-2.31%,,,,,,,,
22-03-2011,29.02,28.02,30,28.02,11.38K,2.73%,,,,,,,,
21-03-2011,28.25,29.82,29.82,28.25,0.46K,-3.25%,,,,,,,,
18-03-2011,29.2,30.43,30.43,28.38,6.26K,-0.95%,,,,,,,,
17-03-2011,29.48,29.9,29.9,28.65,0.03K,1.66%,,,,,,,,
16-03-2011,29,29.75,30.75,29,0.67K,-1.69%,,,,,,,,
14-03-2011,29.5,31.25,31.5,29.48,0.84K,-2.41%,,,,,,,,
11-03-2011,30.23,29.23,31.2,29.23,1.33K,0.00%,,,,,,,,
10-03-2011,30.23,30.65,32,30.18,4.33K,-1.21%,,,,,,,,
09-03-2011,30.6,31.95,32.5,30,1.57K,1.83%,,,,,,,,
08-03-2011,30.05,29.32,30.48,29.32,1.14K,2.74%,,,,,,,,
07-03-2011,29.25,31,31,29.2,1.80K,-5.65%,,,,,,,,
04-03-2011,31,30.1,32.45,30.05,12.60K,1.71%,,,,,,,,
03-03-2011,30.48,29.8,31.18,29.8,2.36K,0.43%,,,,,,,,
01-03-2011,30.35,30.77,30.77,29.75,4.52K,-2.10%,,,,,,,,
28-02-2011,31,28.55,31.75,28.55,2.59K,4.66%,,,,,,,,
25-02-2011,29.62,30,31.23,28.27,6.49K,-2.50%,,,,,,,,
24-02-2011,30.38,31.98,31.98,30.02,3.53K,-1.84%,,,,,,,,
23-02-2011,30.95,33.2,33.2,30.77,12.22K,-8.30%,,,,,,,,
22-02-2011,33.75,35,36.2,33.75,8.66K,-3.63%,,,,,,,,
21-02-2011,35.02,38.5,40.55,34.5,3.55K,-1.35%,,,,,,,,
18-02-2011,35.5,37.7,37.7,35.5,0.50K,0.00%,,,,,,,,
17-02-2011,35.5,36.45,36.45,34.83,1.71K,0.85%,,,,,,,,
16-02-2011,35.2,37,37,35.05,2.55K,-1.54%,,,,,,,,
15-02-2011,35.75,35.75,35.75,35.75,0.20K,-1.79%,,,,,,,,
14-02-2011,36.4,39.33,39.33,35.12,5.76K,4.00%,,,,,,,,
11-02-2011,35,34.5,35,33.5,4.08K,4.95%,,,,,,,,
10-02-2011,33.35,33.15,33.35,33.15,0.99K,-4.93%,,,,,,,,
09-02-2011,35.08,37.52,37.52,34.05,20.23K,-6.50%,,,,,,,,
08-02-2011,37.52,37.52,37.52,37.5,0.70K,-1.91%,,,,,,,,
07-02-2011,38.25,37.55,39.73,37.55,3.75K,-1.67%,,,,,,,,
04-02-2011,38.9,38.02,39.8,38.02,3.19K,2.69%,,,,,,,,
03-02-2011,37.88,37,38.5,37,1.23K,-0.58%,,,,,,,,
02-02-2011,38.1,38.5,40.4,37.5,4.59K,0.26%,,,,,,,,
01-02-2011,38,38.15,38.15,37.77,0.46K,-2.61%,,,,,,,,
31-01-2011,39.02,37,39.25,35.88,3.88K,2.23%,,,,,,,,
28-01-2011,38.17,39.92,39.92,37.8,3.67K,-2.80%,,,,,,,,
27-01-2011,39.27,39.15,40,39.15,1.19K,-1.82%,,,,,,,,
25-01-2011,40,41,41,39.6,1.56K,-0.20%,,,,,,,,
24-01-2011,40.08,40.75,40.75,39.62,0.70K,0.58%,,,,,,,,
21-01-2011,39.85,40,40,39.45,1.05K,-0.25%,,,,,,,,
20-01-2011,39.95,39.73,40.25,39.08,8.38K,1.73%,,,,,,,,
19-01-2011,39.27,40.5,40.5,38.6,1.45K,0.18%,,,,,,,,
18-01-2011,39.2,38.1,39.98,38.1,4.35K,-1.75%,,,,,,,,
17-01-2011,39.9,40.75,41.35,39.5,4.55K,-1.97%,,,,,,,,
14-01-2011,40.7,39.1,42.25,38.12,2.45K,-0.25%,,,,,,,,
13-01-2011,40.8,42,42.42,40.62,0.67K,-0.90%,,,,,,,,
12-01-2011,41.17,42,42,40.25,3.26K,1.03%,,,,,,,,
11-01-2011,40.75,40.77,40.8,40.75,2.83K,-0.20%,,,,,,,,
10-01-2011,40.83,42,42,40.52,5.67K,-3.32%,,,,,,,,
07-01-2011,42.23,43.45,43.48,42,5.90K,-1.40%,,,,,,,,
06-01-2011,42.83,42.65,43.17,42.65,1.38K,-1.31%,,,,,,,,
05-01-2011,43.4,44.23,45,43.33,1.46K,-1.59%,,,,,,,,
04-01-2011,44.1,44.95,45.75,44.1,10.86K,-1.45%,,,,,,,,
03-01-2011,44.75,44.5,45.95,44.23,31.69K,1.59%,,,,,,,,
31-12-2010,44.05,44.3,44.5,43.62,3.45K,1.45%,,,,,,,,
30-12-2010,43.42,43.7,43.75,43.25,1.65K,0.39%,,,,,,,,
29-12-2010,43.25,43.3,44.75,42.5,14.21K,0.63%,,,,,,,,
28-12-2010,42.98,42.5,43.2,42.38,3.44K,1.42%,,,,,,,,
27-12-2010,42.38,43.35,43.35,42.38,1.59K,-1.17%,,,,,,,,
24-12-2010,42.88,41.12,43.23,41.12,1.86K,0.85%,,,,,,,,
23-12-2010,42.52,42.17,43.48,42.17,3.11K,0.83%,,,,,,,,
22-12-2010,42.17,42.35,43,42,1.37K,0.17%,,,,,,,,
21-12-2010,42.1,41.8,42.45,41.8,0.91K,1.08%,,,,,,,,
20-12-2010,41.65,42.25,42.75,41,2.99K,-1.42%,,,,,,,,
16-12-2010,42.25,41.88,42.55,41.33,3.70K,-0.19%,,,,,,,,
15-12-2010,42.33,42.98,42.98,41.27,5.19K,-0.45%,,,,,,,,
14-12-2010,42.52,41.75,42.98,41.75,9.08K,3.51%,,,,,,,,
13-12-2010,41.08,39.38,42.5,38.35,17.64K,6.65%,,,,,,,,
10-12-2010,38.52,37.5,40.45,37,15.07K,-1.28%,,,,,,,,
09-12-2010,39.02,40.9,41.88,38.85,8.83K,-5.79%,,,,,,,,
08-12-2010,41.42,41.33,42.5,41.33,1.85K,-1.19%,,,,,,,,
07-12-2010,41.92,42.33,42.5,41.5,4.13K,-1.25%,,,,,,,,
06-12-2010,42.45,42.52,43.83,42.3,12.02K,-0.31%,,,,,,,,
03-12-2010,42.58,44.25,44.25,42.27,3.93K,-2.90%,,,,,,,,
02-12-2010,43.85,41.25,46.5,41.25,27.54K,-1.42%,,,,,,,,
01-12-2010,44.48,43.5,44.48,43.5,4.14K,4.10%,,,,,,,,
30-11-2010,42.73,41.35,43,40.77,17.23K,1.50%,,,,,,,,
29-11-2010,42.1,41.65,42.92,41.65,2.92K,1.15%,,,,,,,,
26-11-2010,41.62,43.25,44.5,41.33,17.53K,-4.76%,,,,,,,,
25-11-2010,43.7,43.17,44.5,43.17,3.79K,-0.34%,,,,,,,,
24-11-2010,43.85,43.55,44.45,43.38,19.76K,0.57%,,,,,,,,
23-11-2010,43.6,45.25,45.25,43.3,27.85K,-4.22%,,,,,,,,
22-11-2010,45.52,46,46.45,45.2,17.49K,-1.09%,,,,,,,,
19-11-2010,46.02,47.5,47.5,45.75,34.19K,-2.91%,,,,,,,,
18-11-2010,47.4,46,48,44.45,100.52K,4.94%,,,,,,,,
16-11-2010,45.17,48.25,49.25,44.85,65.15K,-5.36%,,,,,,,,
15-11-2010,47.73,49.92,49.92,46.55,32.39K,-1.12%,,,,,,,,
12-11-2010,48.27,49,51.55,47.65,171.14K,2.16%,,,,,,,,
11-11-2010,47.25,49,49.25,46.77,35.45K,-3.47%,,,,,,,,
10-11-2010,48.95,46.05,49.62,46.05,109.85K,2.51%,,,,,,,,
09-11-2010,47.75,45.45,51.9,44.65,306.50K,5.99%,,,,,,,,
08-11-2010,45.05,45.45,45.45,44.15,10.50K,0.96%,,,,,,,,
05-11-2010,44.62,46.25,46.25,44.35,4.39K,0.95%,,,,,,,,
04-11-2010,44.2,43.5,44.75,43.5,9.87K,0.45%,,,,,,,,
03-11-2010,44,43.25,44.5,43.25,9.45K,0.18%,,,,,,,,
02-11-2010,43.92,43.77,44.4,43.77,3.45K,-0.18%,,,,,,,,
01-11-2010,44,45.33,46.98,42.5,6.04K,1.15%,,,,,,,,
29-10-2010,43.5,43.52,45.25,43.25,25.59K,-2.07%,,,,,,,,
28-10-2010,44.42,45,45.45,43.75,40.48K,-1.55%,,,,,,,,
27-10-2010,45.12,45,45.65,44.58,20.52K,-0.11%,,,,,,,,
26-10-2010,45.17,47,47.25,45,21.94K,-4.14%,,,,,,,,
25-10-2010,47.12,47.38,48.75,46.58,51.73K,-0.55%,,,,,,,,
22-10-2010,47.38,43.75,49.65,43.75,269.40K,8.42%,,,,,,,,
21-10-2010,43.7,43.17,46.23,42.9,174.28K,1.09%,,,,,,,,
20-10-2010,43.23,43.75,43.75,43,15.85K,-1.53%,,,,,,,,
19-10-2010,43.9,44,44.85,43.5,22.51K,1.39%,,,,,,,,
18-10-2010,43.3,43,44,43,40.04K,2.12%,,,,,,,,
15-10-2010,42.4,41.5,42.67,41.5,16.79K,0.12%,,,,,,,,
14-10-2010,42.35,44.95,44.95,41.95,50.28K,-0.07%,,,,,,,,
13-10-2010,42.38,42.5,42.92,42.25,53.75K,0.78%,,,,,,,,
12-10-2010,42.05,41.55,42.27,41.55,27.28K,0.17%,,,,,,,,
11-10-2010,41.98,43.05,43.05,41.5,76.77K,0.60%,,,,,,,,
08-10-2010,41.73,40.48,43.5,40.48,164.90K,4.06%,,,,,,,,
07-10-2010,40.1,40.1,41.05,39.75,79.57K,0.75%,,,,,,,,
06-10-2010,39.8,37.58,40.12,37.58,47.62K,3.16%,,,,,,,,
05-10-2010,38.58,39.95,39.95,37.5,15.55K,-1.91%,,,,,,,,
04-10-2010,39.33,39,40,38.5,30.62K,1.76%,,,,,,,,
01-10-2010,38.65,40.12,40.9,38.38,117.12K,1.71%,,,,,,,,
30-09-2010,38,37.25,38.2,36.88,23.52K,2.07%,,,,,,,,
29-09-2010,37.23,36.95,37.75,36.95,7.40K,1.44%,,,,,,,,
28-09-2010,36.7,37.5,37.7,36.62,14.03K,0.08%,,,,,,,,
27-09-2010,36.67,36.75,37.4,36.62,10.21K,-0.16%,,,,,,,,
24-09-2010,36.73,37,37.92,36.55,21.18K,-1.13%,,,,,,,,
23-09-2010,37.15,37.25,38.2,36.75,15.36K,-0.99%,,,,,,,,
22-09-2010,37.52,39.23,39.23,37.25,15.56K,-1.32%,,,,,,,,
21-09-2010,38.02,38,39.98,37.62,94.39K,1.79%,,,,,,,,
20-09-2010,37.35,36.75,37.7,36.5,15.62K,2.27%,,,,,,,,
17-09-2010,36.52,36.42,36.85,35.9,11.02K,1.50%,,,,,,,,
16-09-2010,35.98,35.62,36.5,35.62,6.33K,-0.39%,,,,,,,,
15-09-2010,36.12,36.3,36.7,35.85,14.33K,-1.71%,,,,,,,,
14-09-2010,36.75,37.05,37.05,36.12,9.92K,-1.34%,,,,,,,,
13-09-2010,37.25,38.12,38.12,37.17,10.45K,0.05%,,,,,,,,
09-09-2010,37.23,37.3,38.3,37,48.31K,-0.05%,,,,,,,,
08-09-2010,37.25,36.58,37.45,36.5,11.63K,0.27%,,,,,,,,
07-09-2010,37.15,37,37.45,36.67,12.42K,0.62%,,,,,,,,
06-09-2010,36.92,35.55,37.25,35.55,13.11K,0.74%,,,,,,,,
03-09-2010,36.65,36.5,36.92,36.27,4.87K,0.83%,,,,,,,,
02-09-2010,36.35,37.15,37.15,36.2,8.63K,-1.76%,,,,,,,,
01-09-2010,37,38.48,39.45,36.58,123.68K,3.06%,,,,,,,,
31-08-2010,35.9,35.45,36,35.23,25.17K,0.48%,,,,,,,,
30-08-2010,35.73,35.88,36.12,35.58,27.55K,0.93%,,,,,,,,
27-08-2010,35.4,35.3,36.15,35.3,10.09K,0.71%,,,,,,,,
26-08-2010,35.15,35.3,35.9,35.02,37.44K,-1.54%,,,,,,,,
25-08-2010,35.7,36,36.1,35.5,11.07K,-0.97%,,,,,,,,
24-08-2010,36.05,35.3,36.25,35.3,12.72K,0.28%,,,,,,,,
23-08-2010,35.95,35,36.2,34.75,22.88K,2.66%,,,,,,,,
20-08-2010,35.02,35.25,35.58,34.8,9.98K,-0.65%,,,,,,,,
19-08-2010,35.25,35,35.7,35,18.05K,1.73%,,,,,,,,
18-08-2010,34.65,34.25,34.88,34.12,8.75K,0.79%,,,,,,,,
17-08-2010,34.38,34.95,34.95,34.15,7.60K,0.38%,,,,,,,,
16-08-2010,34.25,33.77,35,33.77,14.45K,-0.87%,,,,,,,,
13-08-2010,34.55,35.98,35.98,34.02,14.30K,-2.04%,,,,,,,,
12-08-2010,35.27,36,36.38,35.12,32.61K,1.26%,,,,,,,,
11-08-2010,34.83,35,35.5,34.5,11.82K,-0.49%,,,,,,,,
10-08-2010,35,34.5,35.9,34.5,18.13K,0.00%,,,,,,,,
09-08-2010,35,34.5,35.6,34.2,18.02K,1.16%,,,,,,,,
06-08-2010,34.6,34.95,34.95,33.6,6.92K,0.73%,,,,,,,,
05-08-2010,34.35,33.55,34.6,33.55,10.73K,2.38%,,,,,,,,
04-08-2010,33.55,34.98,34.98,31.77,20.21K,3.23%,,,,,,,,
03-08-2010,32.5,33.3,34,32.3,13.45K,-1.01%,,,,,,,,
02-08-2010,32.83,33.92,33.92,32.83,8.01K,-0.36%,,,,,,,,
30-07-2010,32.95,33.5,34.1,32.83,4.24K,-0.51%,,,,,,,,
29-07-2010,33.12,33.73,33.73,33,3.15K,-0.90%,,,,,,,,
28-07-2010,33.42,33.5,34,33,5.95K,1.89%,,,,,,,,
27-07-2010,32.8,34,34,32.55,9.14K,-1.74%,,,,,,,,
26-07-2010,33.38,33.5,34.8,33.25,5.95K,-1.10%,,,,,,,,
23-07-2010,33.75,34.9,34.9,33.6,6.15K,-1.83%,,,,,,,,
22-07-2010,34.38,34.05,34.9,34.05,5.63K,-0.58%,,,,,,,,
21-07-2010,34.58,33.05,35,33.05,10.98K,0.58%,,,,,,,,
20-07-2010,34.38,35,35,34.27,12.22K,-0.78%,,,,,,,,
19-07-2010,34.65,35.4,35.7,34.4,8.81K,-0.77%,,,,,,,,
16-07-2010,34.92,35.38,35.38,34.52,6.83K,1.22%,,,,,,,,
15-07-2010,34.5,34,35,34,9.62K,0.58%,,,,,,,,
14-07-2010,34.3,34.85,36.48,34.12,15.53K,-4.11%,,,,,,,,
13-07-2010,35.77,36,36.75,35.5,22.07K,0.11%,,,,,,,,
12-07-2010,35.73,36.75,37,35.25,18.20K,-1.08%,,,,,,,,
09-07-2010,36.12,36.45,38.77,35.6,343.37K,5.06%,,,,,,,,
08-07-2010,34.38,33.38,35,32.55,21.20K,4.82%,,,,,,,,
07-07-2010,32.8,33.45,33.45,32.25,6.59K,0.61%,,,,,,,,
06-07-2010,32.6,33.3,33.5,32.45,4.56K,0.06%,,,,,,,,
05-07-2010,32.58,33.92,33.92,32.38,1.36K,0.71%,,,,,,,,
02-07-2010,32.35,33.48,33.48,31.82,7.76K,1.73%,,,,,,,,
01-07-2010,31.8,32.25,32.33,31.5,10.17K,-1.91%,,,,,,,,
30-06-2010,32.42,33.98,33.98,31.55,5.75K,0.28%,,,,,,,,
29-06-2010,32.33,32.75,32.95,32.25,1.74K,-0.52%,,,,,,,,
28-06-2010,32.5,34,34,32.05,3.33K,0.31%,,,,,,,,
25-06-2010,32.4,33.23,33.23,32.25,4.05K,-0.25%,,,,,,,,
24-06-2010,32.48,32.9,33.35,32.35,9.33K,-0.82%,,,,,,,,
23-06-2010,32.75,32.5,33.5,32.33,5.62K,1.61%,,,,,,,,
22-06-2010,32.23,31.75,32.65,31.62,4.54K,-0.68%,,,,,,,,
21-06-2010,32.45,32.25,32.73,31.75,11.82K,2.04%,,,,,,,,
18-06-2010,31.8,32.1,32.75,31.75,33.77K,-0.93%,,,,,,,,
17-06-2010,32.1,33.25,33.35,31.95,9.36K,-2.79%,,,,,,,,
16-06-2010,33.02,33.2,33.6,32.92,6.06K,-1.58%,,,,,,,,
15-06-2010,33.55,33.48,33.75,33,6.56K,2.13%,,,,,,,,
14-06-2010,32.85,32.75,33.62,32.55,12.19K,-1.71%,,,,,,,,
11-06-2010,33.42,33.45,33.65,33.15,7.52K,1.74%,,,,,,,,
10-06-2010,32.85,33,33.25,32.65,4.64K,1.45%,,,,,,,,
09-06-2010,32.38,32.9,33.23,32.08,2.28K,-2.47%,,,,,,,,
08-06-2010,33.2,32.5,33.9,32.5,1.96K,0.55%,,,,,,,,
07-06-2010,33.02,34,34,32.5,7.67K,-1.43%,,,,,,,,
04-06-2010,33.5,33.55,33.95,33.5,5.47K,0.24%,,,,,,,,
03-06-2010,33.42,35,35.42,33.3,9.89K,2.11%,,,,,,,,
02-06-2010,32.73,32.88,33.75,32.5,3.20K,-0.37%,,,,,,,,
01-06-2010,32.85,34.15,34.15,32.3,10.53K,-3.24%,,,,,,,,
31-05-2010,33.95,34.88,35.2,33.75,6.78K,-3.55%,,,,,,,,
28-05-2010,35.2,35,35.75,34.6,10.42K,1.35%,,,,,,,,
27-05-2010,34.73,34.75,35.25,34.17,5.80K,0.17%,,,,,,,,
26-05-2010,34.67,35,35.5,34.5,8.71K,0.93%,,,,,,,,
25-05-2010,34.35,35,36,33.8,16.29K,-1.91%,,,,,,,,
24-05-2010,35.02,36.92,36.95,34.77,36.65K,2.76%,,,,,,,,
21-05-2010,34.08,35.6,35.6,31.8,8.98K,-0.06%,,,,,,,,
20-05-2010,34.1,34.62,35,34,2.72K,-1.50%,,,,,,,,
19-05-2010,34.62,35.25,35.95,34.55,13.13K,-4.15%,,,,,,,,
18-05-2010,36.12,35.4,36.75,35.4,9.93K,0.19%,,,,,,,,
17-05-2010,36.05,35.75,36.23,35.27,5.60K,-1.50%,,,,,,,,
14-05-2010,36.6,36.05,37.8,35.5,19.19K,1.39%,,,,,,,,
13-05-2010,36.1,36.25,36.9,35.75,6.77K,0.70%,,,,,,,,
12-05-2010,35.85,36.02,36.75,35.8,7.58K,-0.64%,,,,,,,,
11-05-2010,36.08,37,37,35.88,7.25K,-1.42%,,,,,,,,
10-05-2010,36.6,35.73,36.98,35.73,15.90K,1.81%,,,,,,,,
07-05-2010,35.95,36.5,36.75,35.25,16.56K,-3.23%,,,,,,,,
06-05-2010,37.15,38.6,38.6,37,22.87K,-3.13%,,,,,,,,
05-05-2010,38.35,37,40.95,36.25,237.81K,0.79%,,,,,,,,
04-05-2010,38.05,38.75,39.2,37.77,18.95K,-2.31%,,,,,,,,
03-05-2010,38.95,37.75,39.42,37.38,37.44K,2.37%,,,,,,,,
30-04-2010,38.05,38.95,39,37.77,35.41K,0.08%,,,,,,,,
29-04-2010,38.02,35.92,39.17,35.75,80.14K,6.11%,,,,,,,,
28-04-2010,35.83,36.75,37,35.75,10.35K,-3.94%,,,,,,,,
27-04-2010,37.3,36,37.5,35.52,32.49K,3.96%,,,,,,,,
26-04-2010,35.88,36.62,36.62,35.75,8.96K,0.22%,,,,,,,,
23-04-2010,35.8,36.45,36.45,35.75,8.87K,-1.38%,,,,,,,,
22-04-2010,36.3,35.58,36.65,35.55,9.83K,0.69%,,,,,,,,
21-04-2010,36.05,35.12,36.9,35.12,13.78K,-0.41%,,,,,,,,
20-04-2010,36.2,36.12,37,35.95,20.47K,0.78%,,,,,,,,
19-04-2010,35.92,35.02,36.5,35,19.95K,-1.13%,,,,,,,,
16-04-2010,36.33,36.25,36.5,35.23,8.08K,0.22%,,,,,,,,
15-04-2010,36.25,37.4,37.4,36,15.16K,-0.74%,,,,,,,,
13-04-2010,36.52,36.3,36.9,36.23,9.42K,-0.76%,,,,,,,,
12-04-2010,36.8,36.05,37,36,20.70K,1.38%,,,,,,,,
09-04-2010,36.3,36.1,36.35,35.8,9.62K,1.60%,,,,,,,,
08-04-2010,35.73,36,36.75,35.55,14.73K,-0.53%,,,,,,,,
07-04-2010,35.92,36.4,36.5,35.75,7.27K,-0.08%,,,,,,,,
06-04-2010,35.95,35.5,36.15,35,11.48K,1.32%,,,,,,,,
05-04-2010,35.48,34.58,36.67,34.5,37.46K,2.78%,,,,,,,,
01-04-2010,34.52,33.6,34.58,33.6,6.85K,3.20%,,,,,,,,
31-03-2010,33.45,34,34,33.3,2.22K,-0.15%,,,,,,,,
30-03-2010,33.5,33.75,33.9,33.17,6.11K,-0.89%,,,,,,,,
29-03-2010,33.8,34.25,34.5,33.55,8.17K,-0.65%,,,,,,,,
26-03-2010,34.02,34.85,34.85,33.62,12.49K,-0.09%,,,,,,,,
25-03-2010,34.05,33.58,34.8,33.58,9.76K,-0.87%,,,,,,,,
23-03-2010,34.35,35.73,35.75,33.5,13.83K,-1.43%,,,,,,,,
22-03-2010,34.85,33.5,35.2,33.02,10.08K,0.23%,,,,,,,,
19-03-2010,34.77,35.25,35.45,34.75,10.24K,-1.31%,,,,,,,,
18-03-2010,35.23,34.75,35.48,34.75,3.55K,0.37%,,,,,,,,
17-03-2010,35.1,35.5,35.5,35,5.94K,-0.43%,,,,,,,,
16-03-2010,35.25,35,35.65,35,8.37K,-0.28%,,,,,,,,
15-03-2010,35.35,35.48,36,34.98,15.65K,-0.90%,,,,,,,,
12-03-2010,35.67,34.77,37.5,34.75,43.92K,2.41%,,,,,,,,
11-03-2010,34.83,35.48,35.9,34.75,6.77K,-2.63%,,,,,,,,
10-03-2010,35.77,34.08,36.48,34.08,5.60K,-0.42%,,,,,,,,
09-03-2010,35.92,37,37,35.08,13.93K,-0.50%,,,,,,,,
08-03-2010,36.1,36.5,37.25,35.83,19.16K,-0.41%,,,,,,,,
05-03-2010,36.25,34.25,38.73,33.55,177.10K,8.21%,,,,,,,,
04-03-2010,33.5,32.8,34.27,32.8,7.69K,-1.12%,,,,,,,,
03-03-2010,33.88,33.25,34,32.95,16.06K,4.18%,,,,,,,,
02-03-2010,32.52,32.08,33.1,31.75,21.95K,2.65%,,,,,,,,
26-02-2010,31.68,31.48,33,30.85,19.72K,1.54%,,,,,,,,
25-02-2010,31.2,31.9,31.9,31,12.58K,-1.73%,,,,,,,,
24-02-2010,31.75,31.98,32.5,31.68,8.16K,-1.40%,,,,,,,,
23-02-2010,32.2,33.02,33.67,31.75,17.48K,-3.82%,,,,,,,,
22-02-2010,33.48,34.48,35.25,33.33,8.76K,-2.53%,,,,,,,,
19-02-2010,34.35,36.12,36.12,33.85,16.63K,-5.19%,,,,,,,,
18-02-2010,36.23,34.25,37.5,34.25,114.89K,1.12%,,,,,,,,
17-02-2010,35.83,34.48,36.4,34.48,124.19K,4.61%,,,,,,,,
16-02-2010,34.25,33,37.75,32.6,354.33K,3.16%,,,,,,,,
15-02-2010,33.2,34,34.7,33.05,21.95K,0.45%,,,,,,,,
11-02-2010,33.05,34,34.25,33,5.89K,-2.02%,,,,,,,,
10-02-2010,33.73,34,34.35,33.02,4.38K,-1.14%,,,,,,,,
09-02-2010,34.12,33.02,34.73,32.08,5.40K,1.40%,,,,,,,,
08-02-2010,33.65,33.23,34.23,32.52,8.74K,-0.30%,,,,,,,,
06-02-2010,33.75,35,35,33.25,0.92K,2.65%,,,,,,,,
05-02-2010,32.88,34,34,32.6,13.12K,-4.06%,,,,,,,,
04-02-2010,34.27,35.5,35.5,34,17.98K,-0.32%,,,,,,,,
03-02-2010,34.38,34.75,37.45,33.75,133.11K,1.18%,,,,,,,,
02-02-2010,33.98,34.9,36.17,33,11.76K,-2.50%,,,,,,,,
01-02-2010,34.85,33.38,35.75,33,34.94K,4.40%,,,,,,,,
29-01-2010,33.38,32.05,34,31.65,24.51K,-2.17%,,,,,,,,
28-01-2010,34.12,33.58,34.55,33.58,8.28K,0.80%,,,,,,,,
27-01-2010,33.85,34.12,36.25,33.25,34.64K,-4.38%,,,,,,,,
25-01-2010,35.4,32.75,37.5,32.75,39.48K,3.96%,,,,,,,,
22-01-2010,34.05,32.83,35.55,32.52,52.39K,-2.38%,,,,,,,,
21-01-2010,34.88,36.2,36.2,34.25,48.91K,-3.38%,,,,,,,,
20-01-2010,36.1,36.5,36.7,36,21.38K,-0.63%,,,,,,,,
19-01-2010,36.33,37.42,37.73,36.08,52.63K,-1.76%,,,,,,,,
18-01-2010,36.98,37.73,38.8,36.33,90.41K,-0.86%,,,,,,,,
15-01-2010,37.3,38.95,39.25,37,60.74K,-2.99%,,,,,,,,
14-01-2010,38.45,38.42,39.35,38.02,69.26K,1.91%,,,,,,,,
13-01-2010,37.73,37.5,39.25,37.33,98.21K,-0.76%,,,,,,,,
12-01-2010,38.02,38.5,40.4,37.5,314.88K,0.58%,,,,,,,,
11-01-2010,37.8,36.95,39.4,35.25,948.36K,12.27%,,,,,,,,
08-01-2010,33.67,33,34.5,31.75,115.35K,4.14%,,,,,,,,
07-01-2010,32.33,30.98,32.5,30.35,82.65K,5.21%,,,,,,,,
06-01-2010,30.73,29.5,30.85,29.02,76.78K,2.84%,,,,,,,,
05-01-2010,29.88,28.98,30.15,28.6,100.09K,3.11%,,,,,,,,
04-01-2010,28.98,28.5,29.1,28.12,73.55K,4.36%,,,,,,,,
31-12-2009,27.77,26.43,28.12,25.5,72.64K,9.89%,,,,,,,,
30-12-2009,25.27,25.23,25.85,25.2,16.71K,-0.71%,,,,,,,,
29-12-2009,25.45,25.5,25.5,25.12,15.88K,0.71%,,,,,,,,
24-12-2009,25.27,25.5,25.75,25.05,57.84K,-0.90%,,,,,,,,
23-12-2009,25.5,25.5,26.4,25.32,22.60K,1.72%,,,,,,,,
22-12-2009,25.07,26,26,25.05,17.15K,-2.38%,,,,,,,,
21-12-2009,25.68,26,26.43,25.5,11.08K,-2.17%,,,,,,,,
18-12-2009,26.25,26.45,26.73,26,7.27K,-0.94%,,,,,,,,
17-12-2009,26.5,26.5,26.85,26.3,4.46K,-0.38%,,,,,,,,
16-12-2009,26.6,26.57,26.9,26.48,5.63K,-0.93%,,,,,,,,
15-12-2009,26.85,27.93,27.93,26.62,7.96K,-1.72%,,,,,,,,
14-12-2009,27.32,27.1,27.62,27,9.45K,-0.91%,,,,,,,,
11-12-2009,27.57,27.93,28.38,27.25,13.91K,0.07%,,,,,,,,
10-12-2009,27.55,27.68,28,27.48,10.00K,-0.07%,,,,,,,,
09-12-2009,27.57,27.15,27.85,27.15,7.95K,0.51%,,,,,,,,
08-12-2009,27.43,28.75,28.75,27,8.04K,0.48%,,,,,,,,
07-12-2009,27.3,27.68,28.2,27.2,18.81K,-1.16%,,,,,,,,
04-12-2009,27.62,28.15,28.15,27,20.44K,0.88%,,,,,,,,
03-12-2009,27.38,27.25,27.9,27.02,30.53K,1.78%,,,,,,,,
02-12-2009,26.9,26.75,27.52,26.55,25.55K,-0.11%,,,,,,,,
01-12-2009,26.93,26.5,27.23,26.5,19.18K,0.86%,,,,,,,,
30-11-2009,26.7,27.7,27.7,26,20.62K,0.19%,,,,,,,,
27-11-2009,26.65,26.5,26.9,25.05,75.26K,-0.74%,,,,,,,,
26-11-2009,26.85,26.7,27.85,26.7,54.22K,-1.65%,,,,,,,,
25-11-2009,27.3,28.25,28.5,26.85,47.07K,-2.92%,,,,,,,,
24-11-2009,28.12,28,28.48,27.75,88.67K,1.88%,,,,,,,,
23-11-2009,27.6,27.4,28.75,27,285.63K,6.89%,,,,,,,,
20-11-2009,25.82,24,25.95,24,53.87K,1.65%,,,,,,,,
19-11-2009,25.4,25.6,26.3,24.7,84.20K,0.87%,,,,,,,,
18-11-2009,25.18,24.48,25.5,23.7,99.16K,5.14%,,,,,,,,
17-11-2009,23.95,22.23,24.93,21.85,54.27K,7.98%,,,,,,,,
16-11-2009,22.18,21.5,22.45,21.5,6.15K,5.12%,,,,,,,,
13-11-2009,21.1,21.25,21.4,20.9,1.66K,0.48%,,,,,,,,
12-11-2009,21,21.25,21.25,21,0.31K,-2.78%,,,,,,,,
11-11-2009,21.6,21.12,21.7,20.8,2.05K,1.55%,,,,,,,,
10-11-2009,21.27,20.5,21.5,20.5,8.79K,4.78%,,,,,,,,
09-11-2009,20.3,20.5,20.7,20.25,1.60K,-1.55%,,,,,,,,
06-11-2009,20.62,19.95,20.7,19.32,5.72K,3.88%,,,,,,,,
05-11-2009,19.85,19.2,19.93,19.12,0.72K,3.66%,,,,,,,,
04-11-2009,19.15,19,19.73,18.05,3.55K,1.86%,,,,,,,,
03-11-2009,18.8,19.5,19.5,18,6.92K,-1.31%,,,,,,,,
30-10-2009,19.05,19,19.95,18.75,2.30K,2.97%,,,,,,,,
29-10-2009,18.5,19,20.2,18.4,24.72K,-5.37%,,,,,,,,
28-10-2009,19.55,19.02,20,19,3.69K,-1.26%,,,,,,,,
27-10-2009,19.8,21.15,21.95,19.75,6.26K,-6.38%,,,,,,,,
26-10-2009,21.15,21.18,21.18,21.05,3.20K,-1.08%,,,,,,,,
23-10-2009,21.38,21.93,22.48,21.12,8.86K,-2.91%,,,,,,,,
22-10-2009,22.02,22.25,22.75,21.57,10.42K,-1.92%,,,,,,,,
21-10-2009,22.45,22.75,23.23,22.4,6.93K,-1.97%,,,,,,,,
20-10-2009,22.9,23.9,24,22.6,4.60K,-0.65%,,,,,,,,
17-10-2009,23.05,22.75,23.48,22.73,4.23K,1.01%,,,,,,,,
16-10-2009,22.82,23.05,23.25,22.57,4.57K,-1.08%,,,,,,,,
15-10-2009,23.07,23,23.23,22.6,8.70K,1.63%,,,,,,,,
14-10-2009,22.7,22.95,23,22.1,1.62K,3.18%,,,,,,,,
12-10-2009,22,22,22.5,21.5,1.91K,-0.09%,,,,,,,,
09-10-2009,22.02,22,22.5,22,0.62K,1.15%,,,,,,,,
07-10-2009,21.77,21.12,22.7,21.12,2.59K,-1.05%,,,,,,,,
06-10-2009,22,21.3,22.25,21.25,2.50K,1.76%,,,,,,,,
05-10-2009,21.62,22,22.5,21.62,3.97K,-1.95%,,,,,,,,
01-10-2009,22.05,21.05,22.5,21.05,0.99K,-1.56%,,,,,,,,
30-09-2009,22.4,22.4,22.62,22,7.19K,0.90%,,,,,,,,
29-09-2009,22.2,23.25,23.25,22.12,4.85K,0.09%,,,,,,,,
25-09-2009,22.18,22.05,22.65,22.02,7.25K,1.51%,,,,,,,,
24-09-2009,21.85,21.95,22.4,21.82,3.05K,-2.11%,,,,,,,,
23-09-2009,22.32,22,22.35,21.3,33.84K,1.55%,,,,,,,,
22-09-2009,21.98,22,22,21.77,19.21K,-0.09%,,,,,,,,
18-09-2009,22,21.95,22.75,21.88,46.20K,-1.57%,,,,,,,,
17-09-2009,22.35,22.12,22.5,21.35,34.72K,1.82%,,,,,,,,
16-09-2009,21.95,21.25,22.35,21.25,1.39K,2.33%,,,,,,,,
15-09-2009,21.45,22,22.4,21.45,25.26K,-0.23%,,,,,,,,
14-09-2009,21.5,20.75,22.45,20.75,13.07K,0.23%,,,,,,,,
11-09-2009,21.45,20.75,22.95,20.75,7.60K,-3.16%,,,,,,,,
10-09-2009,22.15,22.32,22.98,22,8.03K,-3.28%,,,,,,,,
09-09-2009,22.9,23.5,23.5,22.1,17.68K,-3.38%,,,,,,,,
08-09-2009,23.7,23,25.75,23,90.80K,5.57%,,,,,,,,
07-09-2009,22.45,20.93,24.05,20.93,56.29K,11.97%,,,,,,,,
04-09-2009,20.05,20.9,21.45,19.77,10.27K,2.82%,,,,,,,,
03-09-2009,19.5,19.35,19.5,19.35,0.85K,2.36%,,,,,,,,
02-09-2009,19.05,20.2,20.2,19,5.21K,-0.78%,,,,,,,,
01-09-2009,19.2,20,20.88,19.2,9.44K,-4.10%,,,,,,,,
31-08-2009,20.02,20.45,20.98,20,6.44K,0.10%,,,,,,,,
28-08-2009,20,20.5,21,20,2.86K,-1.57%,,,,,,,,
27-08-2009,20.32,20.85,21.25,20.2,5.16K,-2.31%,,,,,,,,
26-08-2009,20.8,19,20.85,19,5.25K,7.22%,,,,,,,,
25-08-2009,19.4,19.5,19.85,19.25,1.55K,-0.51%,,,,,,,,
24-08-2009,19.5,18.77,20,18.75,5.92K,1.83%,,,,,,,,
21-08-2009,19.15,19.38,19.38,18.5,1.65K,-0.26%,,,,,,,,
20-08-2009,19.2,18.93,19.2,18.93,1.38K,1.43%,,,,,,,,
19-08-2009,18.93,18.38,19,18.23,3.24K,1.34%,,,,,,,,
18-08-2009,18.68,18.15,18.77,18.15,0.43K,6.44%,,,,,,,,
17-08-2009,17.55,17.95,18.82,17.5,6.81K,-3.04%,,,,,,,,
14-08-2009,18.1,17.62,18.75,17.12,3.89K,-3.47%,,,,,,,,
13-08-2009,18.75,18.07,18.75,18.07,0.35K,0.00%,,,,,,,,
12-08-2009,18.75,16.9,18.75,16.9,1.80K,1.46%,,,,,,,,
11-08-2009,18.48,18.98,18.98,18.48,1.04K,-3.65%,,,,,,,,
10-08-2009,19.18,19,19.18,18.07,4.29K,3.68%,,,,,,,,
07-08-2009,18.5,18,19.45,17.5,10.38K,-2.01%,,,,,,,,
06-08-2009,18.88,18.25,19,18.02,8.61K,2.16%,,,,,,,,
05-08-2009,18.48,19.25,19.25,18.25,8.77K,-5.13%,,,,,,,,
04-08-2009,19.48,19.2,20.25,19.05,27.20K,3.18%,,,,,,,,
03-08-2009,18.88,17.5,19.35,17.1,23.48K,6.37%,,,,,,,,
31-07-2009,17.75,18.98,18.98,17.5,5.57K,1.43%,,,,,,,,
30-07-2009,17.5,16.73,17.6,16.73,12.42K,9.38%,,,,,,,,
29-07-2009,16,16.5,17,16,4.20K,-4.08%,,,,,,,,
28-07-2009,16.68,16.75,16.75,16.2,1.70K,3.60%,,,,,,,,
27-07-2009,16.1,15.75,16.48,15.75,3.20K,2.03%,,,,,,,,
24-07-2009,15.78,15.65,16.48,15.6,3.70K,1.02%,,,,,,,,
23-07-2009,15.62,16,16.43,15.53,5.22K,-2.07%,,,,,,,,
22-07-2009,15.95,16,16,15.5,1.97K,4.25%,,,,,,,,
21-07-2009,15.3,16.35,16.35,15.3,3.72K,0.79%,,,,,,,,
20-07-2009,15.18,15.5,16.75,15,20.23K,-5.71%,,,,,,,,
17-07-2009,16.1,15.28,16.27,15.28,3.64K,-1.23%,,,,,,,,
16-07-2009,16.3,16.3,16.3,16.3,0.10K,5.16%,,,,,,,,
15-07-2009,15.5,14.5,15.5,14.5,2.40K,2.31%,,,,,,,,
13-07-2009,15.15,15.95,15.95,14.07,0.74K,-2.26%,,,,,,,,
10-07-2009,15.5,15.5,15.5,15.5,0.10K,5.30%,,,,,,,,
09-07-2009,14.72,15.5,15.5,14.62,2.01K,-7.83%,,,,,,,,
08-07-2009,15.97,14.68,16,14.68,2.99K,-0.19%,,,,,,,,
07-07-2009,16,16.07,16.07,16,0.02K,0.76%,,,,,,,,
06-07-2009,15.88,16.45,16.45,15.12,0.93K,1.28%,,,,,,,,
03-07-2009,15.68,15.1,16.5,15.1,2.81K,-0.25%,,,,,,,,
02-07-2009,15.72,15.7,15.72,15.7,0.70K,-1.75%,,,,,,,,
01-07-2009,16,15.68,16,15.68,1.19K,1.39%,,,,,,,,
30-06-2009,15.78,16.1,16.1,15.7,9.08K,2.80%,,,,,,,,
29-06-2009,15.35,15.35,15.35,15.05,2.53K,4.99%,,,,,,,,
25-06-2009,14.62,14.43,14.65,14.43,3.16K,-3.69%,,,,,,,,
24-06-2009,15.18,15.18,15.18,15.18,0.20K,2.57%,,,,,,,,
23-06-2009,14.8,15.75,15.75,14.75,2.20K,-4.33%,,,,,,,,
22-06-2009,15.47,15,15.7,14.7,3.87K,0.26%,,,,,,,,
19-06-2009,15.43,15.43,15.97,15.43,3.78K,-4.93%,,,,,,,,
18-06-2009,16.23,16.45,16.45,15.65,4.07K,2.85%,,,,,,,,
17-06-2009,15.78,16.52,16.52,15,14.26K,0.19%,,,,,,,,
16-06-2009,15.75,15.75,15.75,15.75,1.79K,5.00%,,,,,,,,
15-06-2009,15,14.68,15,14.53,15.57K,0.47%,,,,,,,,
12-06-2009,14.93,14.88,14.93,14.88,1.35K,0.54%,,,,,,,,
11-06-2009,14.85,14.65,14.85,14.65,1.22K,-1.66%,,,,,,,,
10-06-2009,15.1,15,15.12,14.72,6.49K,0.87%,,,,,,,,
09-06-2009,14.97,14.53,15,14.53,1.56K,0.27%,,,,,,,,
08-06-2009,14.93,15.85,15.88,14.5,8.28K,-1.65%,,,,,,,,
05-06-2009,15.18,15.5,15.5,15,11.40K,-2.06%,,,,,,,,
04-06-2009,15.5,15,15.5,14.75,4.11K,3.33%,,,,,,,,
03-06-2009,15,15.53,15.95,14.78,12.61K,-3.23%,,,,,,,,
02-06-2009,15.5,15.5,15.78,15.45,21.89K,-4.62%,,,,,,,,
01-06-2009,16.25,15.5,16.5,15.5,10.65K,2.52%,,,,,,,,
29-05-2009,15.85,15.5,15.88,15.12,5.06K,4.83%,,,,,,,,
28-05-2009,15.12,15.1,15.47,15.1,0.37K,1.14%,,,,,,,,
27-05-2009,14.95,14.2,15.15,14.2,3.32K,3.46%,,,,,,,,
26-05-2009,14.45,14.3,14.8,14.05,4.32K,2.34%,,,,,,,,
25-05-2009,14.12,14,14.22,13.68,8.57K,4.21%,,,,,,,,
22-05-2009,13.55,13.32,14.1,12.85,10.45K,0.37%,,,,,,,,
21-05-2009,13.5,13.5,13.65,13.5,1.70K,3.85%,,,,,,,,
20-05-2009,13,13.78,13.78,13,8.40K,-0.91%,,,,,,,,
19-05-2009,13.12,13.12,13.12,13.12,1.43K,4.96%,,,,,,,,
15-05-2009,12.5,12.4,13.2,12.25,2.26K,-2.19%,,,,,,,,
14-05-2009,12.78,12.75,12.95,12.3,1.00K,0.79%,,,,,,,,
13-05-2009,12.68,12.3,12.75,12.3,1.10K,1.04%,,,,,,,,
12-05-2009,12.55,12.12,12.93,12.12,0.97K,0.40%,,,,,,,,
11-05-2009,12.5,12.6,12.6,12.32,3.98K,-3.47%,,,,,,,,
08-05-2009,12.95,12.95,12.95,12.5,0.58K,-0.15%,,,,,,,,
07-05-2009,12.97,12.4,13,12.4,0.48K,-0.23%,,,,,,,,
06-05-2009,13,13.2,13.25,13,0.18K,1.96%,,,,,,,,
05-05-2009,12.75,12.3,12.78,12.05,1.22K,4.68%,,,,,,,,
04-05-2009,12.18,12.12,12.18,12.12,0.34K,-3.49%,,,,,,,,
29-04-2009,12.62,12.55,13.4,12.55,2.29K,-2.55%,,,,,,,,
28-04-2009,12.95,12.32,12.95,12.25,12.41K,2.61%,,,,,,,,
27-04-2009,12.62,13.25,13.25,12.62,0.84K,-3.81%,,,,,,,,
24-04-2009,13.12,12.5,13.22,12.07,1.51K,3.96%,,,,,,,,
23-04-2009,12.62,12.43,12.97,12.4,3.88K,-2.92%,,,,,,,,
22-04-2009,13,13.78,13.78,12.97,1.60K,-0.91%,,,,,,,,
21-04-2009,13.12,12.75,13.28,12.75,2.35K,3.72%,,,,,,,,
20-04-2009,12.65,12.5,12.65,12.5,3.54K,4.98%,,,,,,,,
17-04-2009,12.05,12.6,12.6,11.57,5.72K,0.42%,,,,,,,,
16-04-2009,12,13,13,12,20.40K,-4.38%,,,,,,,,
15-04-2009,12.55,11.78,12.6,11.75,2.63K,4.58%,,,,,,,,
13-04-2009,12,12,12,12,0.05K,3.90%,,,,,,,,
08-04-2009,11.55,11,11.57,10.7,6.67K,4.71%,,,,,,,,
06-04-2009,11.03,10.95,11.03,10.95,0.63K,5.05%,,,,,,,,
02-04-2009,10.5,10.5,10.5,10.5,0.24K,-1.13%,,,,,,,,
31-03-2009,10.62,10.45,10.62,10.12,0.74K,1.63%,,,,,,,,
30-03-2009,10.45,10.45,10.45,10.45,1.50K,-4.74%,,,,,,,,
27-03-2009,10.97,10.3,10.97,10.28,0.47K,1.57%,,,,,,,,
26-03-2009,10.8,10.32,10.82,10.32,0.28K,4.65%,,,,,,,,
25-03-2009,10.32,10.32,11.38,10.32,1.83K,-4.88%,,,,,,,,
24-03-2009,10.85,10.85,10.85,10.85,1.67K,4.83%,,,,,,,,
23-03-2009,10.35,10.75,10.75,10.35,2.24K,0.98%,,,,,,,,
20-03-2009,10.25,10.15,10.25,10.15,0.73K,1.49%,,,,,,,,
19-03-2009,10.1,10.12,10.12,10.1,0.04K,-0.98%,,,,,,,,
18-03-2009,10.2,10.2,10.2,10.2,0.50K,0.79%,,,,,,,,
17-03-2009,10.12,10.1,10.12,10.1,2.68K,-3.62%,,,,,,,,
16-03-2009,10.5,10.75,10.75,10.5,10.06K,-0.66%,,,,,,,,
13-03-2009,10.57,11,11,10.57,0.58K,0.00%,,,,,,,,
12-03-2009,10.57,11,11.25,10.57,3.71K,-2.58%,,,,,,,,
09-03-2009,10.85,10.85,10.85,10.85,0.10K,1.40%,,,,,,,,
05-03-2009,10.7,9.55,10.7,9.55,0.47K,5.73%,,,,,,,,
03-03-2009,10.12,10.12,10.12,10.12,0.03K,-6.73%,,,,,,,,
27-02-2009,10.85,10.2,10.85,10.2,0.90K,6.16%,,,,,,,,
25-02-2009,10.22,11.1,11.1,10.2,0.36K,2.20%,,,,,,,,
24-02-2009,10,10,10,9.75,0.54K,-1.96%,,,,,,,,
20-02-2009,10.2,9.8,10.2,9.8,0.35K,-5.12%,,,,,,,,
19-02-2009,10.75,10.65,10.75,10.65,1.22K,5.91%,,,,,,,,
18-02-2009,10.15,10.15,10.15,10.15,0.04K,0.50%,,,,,,,,
17-02-2009,10.1,10.1,10.1,10.1,0.60K,-4.08%,,,,,,,,
16-02-2009,10.53,10.53,11,10.53,0.16K,-3.22%,,,,,,,,
13-02-2009,10.88,10.72,11,10.72,1.00K,-1.54%,,,,,,,,
11-02-2009,11.05,11.05,11.05,11.05,0.24K,7.07%,,,,,,,,
10-02-2009,10.32,10.1,10.32,10.1,0.30K,-8.67%,,,,,,,,
09-02-2009,11.3,10.12,11.3,10.12,60.63K,3.01%,,,,,,,,
06-02-2009,10.97,10.93,11,10.93,0.02K,4.98%,,,,,,,,
04-02-2009,10.45,10.25,10.75,9.97,7.78K,3.77%,,,,,,,,
03-02-2009,10.07,10,10.07,10,0.52K,0.70%,,,,,,,,
02-02-2009,10,10.3,10.35,10,2.24K,-3.38%,,,,,,,,
30-01-2009,10.35,11.85,11.85,10.28,0.51K,-1.90%,,,,,,,,
29-01-2009,10.55,10.55,10.55,10.55,0.15K,-4.09%,,,,,,,,
28-01-2009,11,11.05,11.05,11,0.67K,0.27%,,,,,,,,
27-01-2009,10.97,10.12,11.25,10.12,1.44K,5.99%,,,,,,,,
23-01-2009,10.35,10.8,10.8,9.72,0.26K,-3.99%,,,,,,,,
21-01-2009,10.78,10,10.82,9.75,0.43K,-4.77%,,,,,,,,
20-01-2009,11.32,11.32,11.32,11.32,0.01K,12.08%,,,,,,,,
19-01-2009,10.1,10.5,10.5,10.05,1.15K,-3.81%,,,,,,,,
16-01-2009,10.5,10.5,10.5,10.5,0.01K,4.69%,,,,,,,,
15-01-2009,10.03,11.75,11.75,9.85,1.17K,-7.98%,,,,,,,,
14-01-2009,10.9,10,10.9,10,1.41K,3.81%,,,,,,,,
13-01-2009,10.5,10.38,10.6,10,5.03K,0.00%,,,,,,,,
12-01-2009,10.5,10.55,10.57,10.4,4.95K,-4.28%,,,,,,,,
09-01-2009,10.97,11.25,11.25,10.88,0.42K,-2.75%,,,,,,,,
07-01-2009,11.28,11.68,11.9,11,3.43K,-4.00%,,,,,,,,
06-01-2009,11.75,11.25,12.25,11.25,1.29K,-0.84%,,,,,,,,
05-01-2009,11.85,12,12.43,11.72,3.22K,5.33%,,,,,,,,
02-01-2009,11.25,10.75,11.97,10.05,1.25K,1.81%,,,,,,,,
01-01-2009,11.05,11,11.5,11,1.60K,-2.64%,,,,,,,,
31-12-2008,11.35,11.5,11.5,11.35,0.16K,3.18%,,,,,,,,
30-12-2008,11,10.95,11,10.95,0.67K,-2.65%,,,,,,,,
29-12-2008,11.3,10.47,11.4,9.68,3.36K,7.62%,,,,,,,,
26-12-2008,10.5,10.8,11.5,10.5,11.72K,-2.05%,,,,,,,,
24-12-2008,10.72,9.62,10.72,9.62,2.33K,2.10%,,,,,,,,
23-12-2008,10.5,10.5,11,10,2.55K,-7.73%,,,,,,,,
22-12-2008,11.38,10.75,11.5,10.75,2.53K,8.38%,,,,,,,,
19-12-2008,10.5,10.5,10.5,10.5,0.20K,3.45%,,,,,,,,
18-12-2008,10.15,10.12,10.88,10.12,0.27K,1.00%,,,,,,,,
17-12-2008,10.05,11.38,11.38,10.03,7.50K,-16.60%,,,,,,,,
16-12-2008,12.05,12.5,12.82,12.05,0.61K,-1.39%,,,,,,,,
15-12-2008,12.22,11,12.25,11,3.13K,9.89%,,,,,,,,
12-12-2008,11.12,11.12,11.12,11.12,0.10K,-1.16%,,,,,,,,
11-12-2008,11.25,11.22,11.3,11.22,0.00K,7.86%,,,,,,,,
10-12-2008,10.43,10.5,10.5,10.43,0.22K,4.30%,,,,,,,,
05-12-2008,10,10.55,10.55,10,0.57K,1.52%,,,,,,,,
04-12-2008,9.85,9.88,9.88,9.85,0.10K,0.72%,,,,,,,,
03-12-2008,9.78,9.65,9.78,9.65,0.20K,-6.86%,,,,,,,,
02-12-2008,10.5,9.9,11.32,9.7,1.15K,3.14%,,,,,,,,
01-12-2008,10.18,10.53,10.75,10.03,1.00K,-3.69%,,,,,,,,
26-11-2008,10.57,11,11,10.57,3.50K,-2.58%,,,,,,,,
24-11-2008,10.85,11,11,10.85,0.39K,3.33%,,,,,,,,
21-11-2008,10.5,10.55,11.45,10.5,1.00K,-12.13%,,,,,,,,
20-11-2008,11.95,10.15,11.95,10.15,0.49K,5.57%,,,,,,,,
19-11-2008,11.32,11.25,13.95,11.15,0.68K,-10.30%,,,,,,,,
18-11-2008,12.62,11.38,12.62,11.28,0.10K,7.40%,,,,,,,,
17-11-2008,11.75,14,14,11.3,4.09K,-2.49%,,,,,,,,
14-11-2008,12.05,12.05,12.05,12.05,0.40K,-3.60%,,,,,,,,
12-11-2008,12.5,11.75,12.68,11.38,15.07K,8.70%,,,,,,,,
11-11-2008,11.5,11.65,11.65,11.32,0.70K,-5.74%,,,,,,,,
10-11-2008,12.2,11.28,12.2,11.28,0.44K,1.67%,,,,,,,,
07-11-2008,12,12,12.5,11.38,7.57K,3.27%,,,,,,,,
06-11-2008,11.62,11.25,11.65,11.25,1.52K,-0.68%,,,,,,,,
05-11-2008,11.7,15,15,10.62,4.33K,-7.73%,,,,,,,,
04-11-2008,12.68,15,15,12.38,1.71K,1.20%,,,,,,,,
03-11-2008,12.53,12.95,13.05,12.25,9.67K,15.17%,,,,,,,,
31-10-2008,10.88,12.35,12.35,10.5,1.59K,1.49%,,,,,,,,
29-10-2008,10.72,10.95,11,10.43,5.02K,9.39%,,,,,,,,
28-10-2008,9.8,10.05,10.05,9.8,0.27K,16.95%,,,,,,,,
27-10-2008,8.38,10.4,10.4,8.05,3.79K,-16.20%,,,,,,,,
24-10-2008,10,9.97,10,9,1.22K,-5.39%,,,,,,,,
23-10-2008,10.57,10.62,10.62,10,0.04K,6.23%,,,,,,,,
22-10-2008,9.95,10.62,10.62,9.95,1.44K,3.11%,,,,,,,,
21-10-2008,9.65,10.1,10.25,9.57,3.89K,0.52%,,,,,,,,
20-10-2008,9.6,9.3,10.5,8.53,5.48K,-4.29%,,,,,,,,
17-10-2008,10.03,10,10.7,9.5,2.57K,-3.84%,,,,,,,,
16-10-2008,10.43,10,11.97,10,1.30K,3.06%,,,,,,,,
15-10-2008,10.12,10,10.25,9.85,1.85K,-3.62%,,,,,,,,
14-10-2008,10.5,11.55,11.55,10.5,1.06K,-2.05%,,,,,,,,
13-10-2008,10.72,11.9,11.9,9.55,0.51K,5.10%,,,,,,,,
10-10-2008,10.2,11.47,11.47,9.5,0.84K,4.94%,,,,,,,,
08-10-2008,9.72,10.8,12,9.53,2.58K,-11.64%,,,,,,,,
07-10-2008,11,11.15,11.5,10,6.86K,-2.65%,,,,,,,,
06-10-2008,11.3,11.38,11.38,11.3,0.40K,-8.28%,,,,,,,,
03-10-2008,12.32,14,14,12.28,1.34K,-9.54%,,,,,,,,
01-10-2008,13.62,12.47,14.25,12.47,0.66K,7.67%,,,,,,,,
30-09-2008,12.65,10.3,12.75,10.25,8.69K,7.66%,,,,,,,,
29-09-2008,11.75,14.93,14.93,11.3,8.85K,-8.06%,,,,,,,,
26-09-2008,12.78,14.15,14.15,12.78,5.10K,-9.87%,,,,,,,,
25-09-2008,14.18,13.28,14.18,13.28,0.21K,2.16%,,,,,,,,
24-09-2008,13.88,14.4,14.4,13.88,1.73K,-2.12%,,,,,,,,
23-09-2008,14.18,14.65,14.9,14,3.63K,-5.28%,,,,,,,,
22-09-2008,14.97,14.2,15.9,14.2,1.43K,-4.04%,,,,,,,,
19-09-2008,15.6,16,16,15.6,0.22K,7.36%,,,,,,,,
18-09-2008,14.53,15.5,15.5,14.53,1.48K,-5.95%,,,,,,,,
17-09-2008,15.45,16,16,15.35,6.47K,-0.64%,,,,,,,,
16-09-2008,15.55,15.5,15.57,14.5,0.77K,1.11%,,,,,,,,
15-09-2008,15.38,16.25,16.25,15.05,12.76K,-10.16%,,,,,,,,
12-09-2008,17.12,19.35,19.5,16,10.18K,-10.23%,,,,,,,,
11-09-2008,19.07,19.02,19.07,18.6,0.72K,-0.68%,,,,,,,,
10-09-2008,19.2,18.75,19.2,18.75,3.89K,4.80%,,,,,,,,
09-09-2008,18.32,18.05,18.4,17.5,1.61K,1.78%,,,,,,,,
08-09-2008,18,17.5,18.15,17.5,0.13K,2.86%,,,,,,,,
05-09-2008,17.5,18.02,18.02,17.5,1.72K,-4.11%,,,,,,,,
04-09-2008,18.25,18.15,18.25,18.15,1.12K,1.28%,,,,,,,,
02-09-2008,18.02,18.75,18.75,17.77,0.77K,-1.53%,,,,,,,,
01-09-2008,18.3,18.38,18.38,18.3,0.17K,1.67%,,,,,,,,
29-08-2008,18,18,18,18,0.44K,-0.28%,,,,,,,,
28-08-2008,18.05,18.07,18.32,18.05,0.81K,-0.55%,,,,,,,,
27-08-2008,18.15,18.15,18.15,18.15,0.09K,0.83%,,,,,,,,
26-08-2008,18,18.98,18.98,18,0.30K,-2.81%,,,,,,,,
25-08-2008,18.52,18.5,18.75,18.12,1.54K,-6.70%,,,,,,,,
22-08-2008,19.85,19,19.88,19,0.19K,3.01%,,,,,,,,
21-08-2008,19.27,19,20,18.55,5.85K,-1.53%,,,,,,,,
20-08-2008,19.57,19.35,19.98,19.25,2.53K,0.62%,,,,,,,,
19-08-2008,19.45,18.75,19.95,18.6,4.03K,1.14%,,,,,,,,
18-08-2008,19.23,19.45,19.5,18.8,8.94K,1.48%,,,,,,,,
14-08-2008,18.95,18.02,20,18.02,11.32K,6.76%,,,,,,,,
13-08-2008,17.75,17.35,17.85,17.35,2.45K,3.50%,,,,,,,,
12-08-2008,17.15,17.55,18.3,17.15,12.40K,-1.61%,,,,,,,,
11-08-2008,17.43,17.15,18,17.15,0.40K,4.06%,,,,,,,,
08-08-2008,16.75,16.75,17,16.75,0.60K,-4.67%,,,,,,,,
07-08-2008,17.57,17.12,17.73,17.1,0.63K,2.75%,,,,,,,,
06-08-2008,17.1,17.45,17.95,17.1,4.16K,1.79%,,,,,,,,
05-08-2008,16.8,16.77,17,16.55,4.43K,-1.18%,,,,,,,,
04-08-2008,17,17.35,18.5,17,11.48K,4.17%,,,,,,,,
01-08-2008,16.32,16.32,16.32,16.32,0.20K,-0.67%,,,,,,,,
31-07-2008,16.43,16.3,17.43,16.3,0.82K,-2.20%,,,,,,,,
30-07-2008,16.8,16.5,17.35,16.5,1.70K,-3.72%,,,,,,,,
29-07-2008,17.45,17.45,17.45,17.45,0.20K,2.95%,,,,,,,,
28-07-2008,16.95,16.95,16.95,16.95,0.30K,0.59%,,,,,,,,
25-07-2008,16.85,16.65,17.35,16.65,1.23K,-2.71%,,,,,,,,
24-07-2008,17.32,18.02,18.02,17.32,0.60K,-3.67%,,,,,,,,
23-07-2008,17.98,19.1,19.1,16.75,1.15K,10.17%,,,,,,,,
22-07-2008,16.32,16.95,16.95,16.25,0.45K,1.24%,,,,,,,,
21-07-2008,16.12,17.95,17.95,16,0.27K,-0.37%,,,,,,,,
18-07-2008,16.18,16,16.27,16,1.35K,3.92%,,,,,,,,
17-07-2008,15.57,18,18,15.57,0.32K,-1.46%,,,,,,,,
16-07-2008,15.8,15,15.8,15,0.31K,-0.94%,,,,,,,,
15-07-2008,15.95,15.25,15.95,15.25,0.70K,3.24%,,,,,,,,
14-07-2008,15.45,14.28,15.95,14.28,2.70K,-3.01%,,,,,,,,
11-07-2008,15.93,16.02,16.02,15.93,0.55K,-1.67%,,,,,,,,
10-07-2008,16.2,13.75,16.5,13.75,0.40K,-4.59%,,,,,,,,
09-07-2008,16.98,16.98,16.98,16.98,0.10K,1.68%,,,,,,,,
08-07-2008,16.7,16.4,16.7,16.32,0.92K,1.83%,,,,,,,,
07-07-2008,16.4,16.05,17,16.05,9.19K,1.86%,,,,,,,,
04-07-2008,16.1,16.07,16.5,16.05,1.86K,-2.13%,,,,,,,,
03-07-2008,16.45,16.45,16.45,15.75,1.27K,0.00%,,,,,,,,
02-07-2008,16.45,14.53,18,14.53,2.14K,-6.00%,,,,,,,,
01-07-2008,17.5,17.5,17.5,17.5,0.28K,3.55%,,,,,,,,
30-06-2008,16.9,18.48,18.48,16,17.01K,-11.38%,,,,,,,,
27-06-2008,19.07,18.85,19.88,18.85,1.66K,3.08%,,,,,,,,
26-06-2008,18.5,18.5,19,18.5,0.55K,2.78%,,,,,,,,
25-06-2008,18,20.4,20.45,18,0.41K,-0.39%,,,,,,,,
24-06-2008,18.07,18,22,17.93,6.70K,-6.13%,,,,,,,,
23-06-2008,19.25,18.5,19.25,18.5,180.50K,-6.78%,,,,,,,,
20-06-2008,20.65,20.62,21.07,20.55,1.24K,-5.06%,,,,,,,,
19-06-2008,21.75,20.82,21.75,20.7,0.60K,1.16%,,,,,,,,
18-06-2008,21.5,21.52,22.2,21.5,3.09K,-1.96%,,,,,,,,
17-06-2008,21.93,20.55,21.95,20.5,0.86K,3.20%,,,,,,,,
16-06-2008,21.25,20.05,21.75,20.05,2.18K,-6.18%,,,,,,,,
13-06-2008,22.65,21,23.5,21,0.27K,9.69%,,,,,,,,
12-06-2008,20.65,22.35,22.35,20.25,1.59K,0.73%,,,,,,,,
11-06-2008,20.5,20.5,20.5,20.5,0.15K,0.00%,,,,,,,,
09-06-2008,20.5,20.45,20.5,20.45,0.10K,0.99%,,,,,,,,
06-06-2008,20.3,20.27,20.3,20.27,0.41K,-1.31%,,,,,,,,
05-06-2008,20.57,20.98,21.12,20.05,0.92K,-2.97%,,,,,,,,
04-06-2008,21.2,21.23,21.23,21.15,1.31K,0.24%,,,,,,,,
03-06-2008,21.15,21,21.75,20.25,0.85K,0.24%,,,,,,,,
02-06-2008,21.1,21.75,21.75,21.1,2.70K,-6.01%,,,,,,,,
30-05-2008,22.45,22.5,22.5,22.25,0.86K,2.05%,,,,,,,,
29-05-2008,22,22.95,22.95,22,2.03K,0.00%,,,,,,,,
28-05-2008,22,20.88,22.68,20.88,3.65K,-1.70%,,,,,,,,
27-05-2008,22.38,22.25,22.75,22.25,2.42K,3.23%,,,,,,,,
26-05-2008,21.68,21.57,21.68,21.57,0.25K,-2.65%,,,,,,,,
23-05-2008,22.27,22.25,22.85,22.25,1.40K,0.00%,,,,,,,,
22-05-2008,22.27,21.5,22.5,21.5,1.79K,-0.93%,,,,,,,,
21-05-2008,22.48,22.23,22.5,22.23,2.35K,-0.09%,,,,,,,,
20-05-2008,22.5,22.5,22.5,22.5,1.20K,-2.09%,,,,,,,,
16-05-2008,22.98,22.95,23.5,22.4,7.20K,2.36%,,,,,,,,
15-05-2008,22.45,22.9,22.9,22.25,1.10K,0.67%,,,,,,,,
14-05-2008,22.3,22.75,22.88,22.23,1.22K,-2.19%,,,,,,,,
13-05-2008,22.8,22.5,22.95,22.25,8.59K,2.47%,,,,,,,,
12-05-2008,22.25,21.5,23,20.52,5.41K,-0.22%,,,,,,,,
09-05-2008,22.3,22.5,22.5,22.3,2.58K,0.00%,,,,,,,,
08-05-2008,22.3,22.32,22.82,22.25,1.36K,-0.58%,,,,,,,,
07-05-2008,22.43,22.3,22.43,22.3,0.41K,-0.53%,,,,,,,,
06-05-2008,22.55,22,23.5,22,5.55K,-1.31%,,,,,,,,
05-05-2008,22.85,22.93,23.45,22.85,3.01K,-0.57%,,,,,,,,
02-05-2008,22.98,23.45,23.5,22.9,4.69K,2.13%,,,,,,,,
30-04-2008,22.5,23.3,23.3,22.5,8.60K,-1.40%,,,,,,,,
29-04-2008,22.82,22.55,22.9,22.55,1.24K,0.97%,,,,,,,,
28-04-2008,22.6,23,23.48,22.5,2.85K,-0.57%,,,,,,,,
25-04-2008,22.73,23,23,22.55,2.90K,-1.17%,,,,,,,,
24-04-2008,23,23,23.75,22.65,2.56K,3.05%,,,,,,,,
23-04-2008,22.32,22.32,22.9,22.25,3.39K,-3.71%,,,,,,,,
22-04-2008,23.18,22.18,23.5,22.18,4.59K,0.35%,,,,,,,,
21-04-2008,23.1,22.02,23.5,22.02,5.95K,1.32%,,,,,,,,
17-04-2008,22.8,22.25,22.95,22,0.92K,2.38%,,,,,,,,
16-04-2008,22.27,22.2,22.95,22.2,3.03K,-0.80%,,,,,,,,
15-04-2008,22.45,21.88,22.5,21.25,5.67K,4.32%,,,,,,,,
11-04-2008,21.52,21.95,21.95,21.15,1.80K,3.21%,,,,,,,,
10-04-2008,20.85,21.7,21.75,20.52,3.34K,1.81%,,,,,,,,
09-04-2008,20.48,20.15,21.75,20.15,2.15K,0.64%,,,,,,,,
08-04-2008,20.35,21.4,21.4,20.05,1.36K,-0.15%,,,,,,,,
07-04-2008,20.38,20.15,20.52,19.98,6.54K,-2.25%,,,,,,,,
04-04-2008,20.85,21.5,21.5,20.75,1.36K,-0.48%,,,,,,,,
03-04-2008,20.95,21.25,21.5,20.57,4.39K,-1.87%,,,,,,,,
02-04-2008,21.35,21.75,21.75,21.35,0.94K,0.47%,,,,,,,,
01-04-2008,21.25,21.25,21.25,20.85,0.56K,2.07%,,,,,,,,
31-03-2008,20.82,21.45,21.5,20.65,1.58K,0.00%,,,,,,,,
28-03-2008,20.82,19.5,20.88,19.5,3.41K,4.36%,,,,,,,,
27-03-2008,19.95,19.3,20,19.3,4.82K,1.68%,,,,,,,,
26-03-2008,19.62,19.5,19.98,19.5,3.93K,-1.90%,,,,,,,,
25-03-2008,20,18.5,20,18.5,2.93K,7.53%,,,,,,,,
24-03-2008,18.6,19.98,20,18.5,3.27K,-3.38%,,,,,,,,
19-03-2008,19.25,20,20.68,19,6.13K,-3.51%,,,,,,,,
18-03-2008,19.95,19.5,20.12,19.1,1.70K,1.01%,,,,,,,,
17-03-2008,19.75,19.75,21.95,18.68,2.50K,0.00%,,,,,,,,
14-03-2008,19.75,20,20,19.5,1.62K,-1.35%,,,,,,,,
13-03-2008,20.02,20.7,20.95,20,3.73K,-5.48%,,,,,,,,
12-03-2008,21.18,21.98,22.93,20.5,8.49K,0.28%,,,,,,,,
11-03-2008,21.12,21.95,21.95,20.75,2.14K,5.34%,,,,,,,,
10-03-2008,20.05,19.55,21.15,19.55,3.49K,-1.09%,,,,,,,,
07-03-2008,20.27,21.25,21.45,19.7,7.48K,-6.24%,,,,,,,,
05-03-2008,21.62,22,22,21.5,1.76K,-0.28%,,,,,,,,
04-03-2008,21.68,21.3,23.25,20.02,13.42K,-3.64%,,,,,,,,
03-03-2008,22.5,26.45,26.45,22.12,1.21K,-4.34%,,,,,,,,
28-02-2008,23.52,24.12,24.12,23.25,4.27K,-1.05%,,,,,,,,
27-02-2008,23.77,23.98,24.25,23.6,7.66K,1.36%,,,,,,,,
26-02-2008,23.45,23,24.07,23,6.58K,2.85%,,,,,,,,
25-02-2008,22.8,22.5,23,22.25,3.41K,2.15%,,,,,,,,
22-02-2008,22.32,24.4,24.4,21.62,4.10K,1.22%,,,,,,,,
21-02-2008,22.05,22.07,22.77,22,14.96K,-1.56%,,,,,,,,
20-02-2008,22.4,22.5,22.5,21.6,1.71K,-0.44%,,,,,,,,
19-02-2008,22.5,23.25,23.25,22.5,3.44K,-0.88%,,,,,,,,
18-02-2008,22.7,22.98,22.98,22,10.31K,4.61%,,,,,,,,
15-02-2008,21.7,20.7,22,20.7,10.75K,4.48%,,,,,,,,
14-02-2008,20.77,20.5,21.5,20.5,44.73K,-2.26%,,,,,,,,
13-02-2008,21.25,22.25,22.45,21,12.15K,0.24%,,,,,,,,
12-02-2008,21.2,23.95,23.95,20.2,16.53K,-11.59%,,,,,,,,
11-02-2008,23.98,24.23,24.23,23.75,2.51K,-4.35%,,,,,,,,
08-02-2008,25.07,23.7,25.48,23.7,5.84K,2.62%,,,,,,,,
07-02-2008,24.43,26.95,26.95,24.27,3.26K,-5.13%,,,,,,,,
06-02-2008,25.75,26.3,26.43,25.32,5.61K,-0.50%,,,,,,,,
05-02-2008,25.88,24.7,26.45,24.6,14.54K,7.83%,,,,,,,,
04-02-2008,24,23.15,25,23.07,10.57K,-0.62%,,,,,,,,
01-02-2008,24.15,24.65,24.65,23.12,19.31K,2.68%,,,,,,,,
31-01-2008,23.52,23,24.15,23,1.27K,-0.34%,,,,,,,,
30-01-2008,23.6,21.5,24.25,21.5,4.33K,-0.92%,,,,,,,,
29-01-2008,23.82,24.95,24.95,23.62,2.71K,3.79%,,,,,,,,
28-01-2008,22.95,22.52,23.75,22.5,6.95K,-1.59%,,,,,,,,
25-01-2008,23.32,26.25,26.25,22.18,12.92K,-0.26%,,,,,,,,
24-01-2008,23.38,24.5,25,22.57,10.28K,-5.54%,,,,,,,,
23-01-2008,24.75,21.77,25.1,21.75,6.76K,18.25%,,,,,,,,
22-01-2008,20.93,20.5,24.9,20.25,14.04K,-17.27%,,,,,,,,
21-01-2008,25.3,28.5,29.62,24.25,9.74K,-16.36%,,,,,,,,
18-01-2008,30.25,26.5,31.98,26.5,7.84K,-0.66%,,,,,,,,
17-01-2008,30.45,28.52,31,28.52,13.24K,7.22%,,,,,,,,
16-01-2008,28.4,27.6,29.38,27.6,6.78K,-3.89%,,,,,,,,
15-01-2008,29.55,28,30.5,28,3.15K,-0.61%,,,,,,,,
14-01-2008,29.73,31,31.12,29.07,6.72K,3.05%,,,,,,,,
11-01-2008,28.85,29.35,30.07,28.05,6.79K,-3.25%,,,,,,,,
10-01-2008,29.82,30.55,32,29.5,12.12K,-3.81%,,,,,,,,
09-01-2008,31,36.5,36.5,30,31.47K,0.75%,,,,,,,,
08-01-2008,30.77,33,33.5,30,22.12K,-5.90%,,,,,,,,
07-01-2008,32.7,31.5,34.4,31,24.50K,-6.36%,,,,,,,,
04-01-2008,34.92,35.58,38,32.5,36.01K,-5.93%,,,,,,,,
03-01-2008,37.12,36.5,39.42,36.5,54.04K,-1.93%,,,,,,,,
02-01-2008,37.85,37.75,38.5,35.65,52.01K,1.20%,,,,,,,,
01-01-2008,37.4,36.45,39.4,35.05,129.44K,7.38%,,,,,,,,
31-12-2007,34.83,34.4,37,32.27,102.35K,7.50%,,,,,,,,
28-12-2007,32.4,33.25,34.35,32.12,38.06K,-0.15%,,,,,,,,
27-12-2007,32.45,29.8,33.45,28.9,70.97K,14.34%,,,,,,,,
26-12-2007,28.38,29,29.05,27.55,17.70K,-3.73%,,,,,,,,
24-12-2007,29.48,30.5,30.98,28.52,8.48K,3.44%,,,,,,,,
20-12-2007,28.5,29.1,29.75,28,11.92K,-1.66%,,,,,,,,
19-12-2007,28.98,22.4,29.5,22.4,8.85K,3.76%,,,,,,,,
18-12-2007,27.93,29.95,29.98,27.73,5.61K,-4.45%,,,,,,,,
17-12-2007,29.23,30.48,30.57,29.05,14.93K,-2.18%,,,,,,,,
14-12-2007,29.88,30.5,30.52,29.5,17.89K,-1.06%,,,,,,,,
13-12-2007,30.2,29,31.55,29,16.81K,5.12%,,,,,,,,
12-12-2007,28.73,27.95,29,27.5,21.27K,4.85%,,,,,,,,
11-12-2007,27.4,26.95,28.25,26.52,18.66K,5.47%,,,,,,,,
10-12-2007,25.98,25.5,26,25,33.88K,3.92%,,,,,,,,
07-12-2007,25,26.98,26.98,24.9,23.60K,-0.60%,,,,,,,,
06-12-2007,25.15,25.25,25.88,24.95,50.14K,0.60%,,,,,,,,
05-12-2007,25,25.95,26,24.65,13.98K,1.42%,,,,,,,,
04-12-2007,24.65,25,25.25,24.52,3.25K,-1.40%,,,,,,,,
03-12-2007,25,25,25.5,24.5,1.65K,1.30%,,,,,,,,
30-11-2007,24.68,23.52,25.5,23.52,4.25K,-2.06%,,,,,,,,
29-11-2007,25.2,25.07,25.73,25.07,2.42K,1.61%,,,,,,,,
28-11-2007,24.8,25.5,25.5,24.77,2.90K,-2.82%,,,,,,,,
27-11-2007,25.52,24.15,26,24.15,1.16K,2.00%,,,,,,,,
26-11-2007,25.02,24.75,25.45,24.75,4.76K,-0.64%,,,,,,,,
23-11-2007,25.18,23.05,26.1,23.05,2.95K,0.72%,,,,,,,,
22-11-2007,25,24.07,26,24.05,3.06K,-3.77%,,,,,,,,
21-11-2007,25.98,25.98,27.45,25.32,6.34K,-1.03%,,,,,,,,
20-11-2007,26.25,26.75,27.35,26.12,4.35K,-1.94%,,,,,,,,
19-11-2007,26.77,27.35,27.95,26.5,2.16K,2.88%,,,,,,,,
16-11-2007,26.02,25.75,26.95,25.5,5.47K,-0.88%,,,,,,,,
15-11-2007,26.25,25.82,26.85,25.82,1.71K,-1.39%,,,,,,,,
14-11-2007,26.62,26,27.2,26,1.77K,1.41%,,,,,,,,
13-11-2007,26.25,26.4,27.45,26.02,4.51K,2.66%,,,,,,,,
12-11-2007,25.57,23.02,27.1,23.02,1.87K,13.14%,,,,,,,,
09-11-2007,22.6,22.6,22.6,22.6,0.06K,-12.57%,,,,,,,,
08-11-2007,25.85,24.02,26,24.02,0.32K,7.62%,,,,,,,,
07-11-2007,24.02,25.25,25.25,24.02,0.96K,-5.80%,,,,,,,,
06-11-2007,25.5,26.1,26.1,25.27,5.65K,-2.49%,,,,,,,,
05-11-2007,26.15,26.05,27.2,26.05,2.64K,-5.25%,,,,,,,,
02-11-2007,27.6,26.25,28.25,26.25,4.32K,-2.65%,,,,,,,,
01-11-2007,28.35,27.25,29.18,26.02,12.29K,-2.31%,,,,,,,,
31-10-2007,29.02,27.75,29.98,27.52,3.17K,-2.88%,,,,,,,,
30-10-2007,29.88,29,29.98,28.5,5.39K,1.81%,,,,,,,,
29-10-2007,29.35,28,30.12,28,15.18K,-8.71%,,,,,,,,
26-10-2007,32.15,33.7,33.7,32,8.32K,-4.74%,,,,,,,,
25-10-2007,33.75,33.25,34.95,33.05,14.28K,-2.51%,,,,,,,,
24-10-2007,34.62,33.5,35.5,32,34.97K,10.71%,,,,,,,,
23-10-2007,31.27,32.67,33,31,20.09K,-0.03%,,,,,,,,
22-10-2007,31.28,31.33,32,30.55,17.65K,-0.45%,,,,,,,,
19-10-2007,31.42,31.67,32.83,30.75,7.56K,-3.11%,,,,,,,,
18-10-2007,32.43,33,33.32,32.03,19.07K,-0.37%,,,,,,,,
17-10-2007,32.55,28.9,33.3,28.9,12.79K,-1.87%,,,,,,,,
16-10-2007,33.17,33.63,33.63,33,14.14K,-0.09%,,,,,,,,
15-10-2007,33.2,33,33.63,32.4,36.50K,1.53%,,,,,,,,
12-10-2007,32.7,33.33,33.78,32.33,22.68K,-1.80%,,,,,,,,
11-10-2007,33.3,32.83,33.67,32.72,21.22K,2.78%,,,,,,,,
10-10-2007,32.4,32.93,33.33,31.72,28.45K,1.57%,,,,,,,,
09-10-2007,31.9,31.67,32.57,30.83,13.78K,0.57%,,,,,,,,
08-10-2007,31.72,31.72,32.33,31.05,13.61K,-3.53%,,,,,,,,
05-10-2007,32.88,34.33,34.67,32.67,23.99K,-2.58%,,,,,,,,
04-10-2007,33.75,34.97,35.67,33.33,48.49K,-0.68%,,,,,,,,
03-10-2007,33.98,31.63,35.67,31.63,156.97K,11.85%,,,,,,,,
01-10-2007,30.38,30.83,30.83,29.33,7.70K,-1.46%,,,,,,,,
28-09-2007,30.83,30,31.58,30,3.69K,0.52%,,,,,,,,
27-09-2007,30.67,31.67,32.33,30.67,6.44K,0.46%,,,,,,,,
26-09-2007,30.53,30.83,32.32,30.03,21.33K,0.49%,,,,,,,,
25-09-2007,30.38,31.33,31.33,29.83,24.49K,-2.41%,,,,,,,,
24-09-2007,31.13,32.28,32.28,30.75,11.33K,-1.08%,,,,,,,,
21-09-2007,31.47,33.33,33.33,31,29.69K,-2.18%,,,,,,,,
20-09-2007,32.17,36.67,36.67,32,48.43K,-10.89%,,,,,,,,
19-09-2007,36.1,30.33,36.73,29.85,172.84K,17.90%,,,,,,,,
18-09-2007,30.62,30.33,30.67,30,36.98K,1.39%,,,,,,,,
17-09-2007,30.2,31.33,31.33,29.77,5.42K,-4.04%,,,,,,,,
14-09-2007,31.47,30.58,31.67,29.7,107.40K,6.14%,,,,,,,,
13-09-2007,29.65,29.17,30.67,28.67,28.13K,2.42%,,,,,,,,
12-09-2007,28.95,28.33,29.12,28.33,10.81K,2.30%,,,,,,,,
11-09-2007,28.3,28.33,28.82,28.08,13.61K,-0.35%,,,,,,,,
10-09-2007,28.4,28.45,28.67,26,4.43K,-0.25%,,,,,,,,
07-09-2007,28.47,28.62,29.32,28.32,20.98K,-1.15%,,,,,,,,
06-09-2007,28.8,28.4,29.17,28.2,17.81K,0.81%,,,,,,,,
05-09-2007,28.57,28.67,29.17,28.33,21.71K,-0.28%,,,,,,,,
04-09-2007,28.65,28.58,29.15,28.5,19.88K,0.00%,,,,,,,,
03-09-2007,28.65,27.17,28.8,27.05,16.16K,5.60%,,,,,,,,
31-08-2007,27.13,27,27.5,27,21.80K,0.30%,,,,,,,,
30-08-2007,27.05,26.77,27.43,26.77,9.97K,0.45%,,,,,,,,
29-08-2007,26.93,26.67,27.08,26.67,3.39K,0.37%,,,,,,,,
28-08-2007,26.83,26.23,27,26.23,7.30K,1.25%,,,,,,,,
27-08-2007,26.5,26.33,27.67,25.35,10.27K,5.45%,,,,,,,,
24-08-2007,25.13,25.38,25.38,24.07,9.52K,-2.33%,,,,,,,,
23-08-2007,25.73,25.68,26.33,25.33,8.51K,1.82%,,,,,,,,
22-08-2007,25.27,25.43,25.67,25.08,11.71K,-2.92%,,,,,,,,
21-08-2007,26.03,26.28,27.25,25.35,12.80K,-1.96%,,,,,,,,
20-08-2007,26.55,26.33,27.33,26.22,6.41K,2.00%,,,,,,,,
17-08-2007,26.03,26.37,26.67,25.88,20.47K,-1.51%,,,,,,,,
16-08-2007,26.43,26.33,26.83,26,15.08K,-0.38%,,,,,,,,
14-08-2007,26.53,26,26.8,25.35,10.55K,1.14%,,,,,,,,
13-08-2007,26.23,28.33,28.33,25.83,38.43K,0.96%,,,,,,,,
10-08-2007,25.98,26.67,26.67,25.7,53.40K,-3.71%,,,,,,,,
09-08-2007,26.98,28.58,28.58,26.83,29.92K,-2.77%,,,,,,,,
08-08-2007,27.75,28,28,27.47,10.94K,-0.25%,,,,,,,,
07-08-2007,27.82,28.67,28.67,27.4,13.96K,1.46%,,,,,,,,
06-08-2007,27.42,28.03,28.03,25.4,17.69K,-2.14%,,,,,,,,
03-08-2007,28.02,28.55,29.08,27.67,23.31K,-1.58%,,,,,,,,
02-08-2007,28.47,29.33,29.57,27.7,45.10K,0.71%,,,,,,,,
01-08-2007,28.27,29,29.33,27.7,81.34K,-4.56%,,,,,,,,
31-07-2007,29.62,30.97,31.75,28.67,841.46K,7.32%,,,,,,,,
30-07-2007,27.6,25,27.6,25,442.51K,20.00%,,,,,,,,
27-07-2007,23,23.5,23.5,22.67,25.15K,-1.84%,,,,,,,,
26-07-2007,23.43,23.33,23.82,23.28,9.97K,0.69%,,,,,,,,
25-07-2007,23.27,22.17,24.13,22.17,12.74K,0.00%,,,,,,,,
24-07-2007,23.27,23.13,23.65,23.08,7.85K,0.00%,,,,,,,,
23-07-2007,23.27,23.33,23.9,23,15.45K,-1.48%,,,,,,,,
20-07-2007,23.62,24,24.63,23.35,13.42K,-1.05%,,,,,,,,
19-07-2007,23.87,24.2,24.4,23.67,25.92K,-0.62%,,,,,,,,
18-07-2007,24.02,24.03,24.9,23.83,79.09K,-1.48%,,,,,,,,
17-07-2007,24.38,25.33,25.63,24.33,45.09K,-2.48%,,,,,,,,
16-07-2007,25,24.68,25.12,24.68,10.99K,0.60%,,,,,,,,
13-07-2007,24.85,26.32,26.5,24.67,61.46K,-1.89%,,,,,,,,
12-07-2007,25.33,26.97,26.97,25.17,23.36K,0.60%,,,,,,,,
11-07-2007,25.18,25.82,27.67,25,40.40K,-2.40%,,,,,,,,
10-07-2007,25.8,26.33,26.33,25.53,21.83K,-0.69%,,,,,,,,
09-07-2007,25.98,27.45,27.45,25.83,153.65K,-3.71%,,,,,,,,
06-07-2007,26.98,27.33,28.17,26.5,193.27K,-1.35%,,,,,,,,
05-07-2007,27.35,29.62,29.63,26.33,123.45K,-5.20%,,,,,,,,
04-07-2007,28.85,28,30,28,404.85K,5.41%,,,,,,,,
03-07-2007,27.37,25.5,27.83,25.05,186.97K,8.10%,,,,,,,,
02-07-2007,25.32,24.72,25.67,24.68,5.18K,-0.82%,,,,,,,,
29-06-2007,25.53,25.18,26,25.17,3.49K,0.59%,,,,,,,,
28-06-2007,25.38,26.67,26.67,25.2,28.21K,-4.84%,,,,,,,,
27-06-2007,26.67,26.47,27.25,25.7,272.82K,4.26%,,,,,,,,
26-06-2007,25.58,25.87,26.65,25,16.52K,-0.20%,,,,,,,,
25-06-2007,25.63,27.37,27.37,25.22,92.05K,-3.76%,,,,,,,,
22-06-2007,26.63,27.6,27.6,26.35,36.38K,0.11%,,,,,,,,
21-06-2007,26.6,27.67,27.95,26.5,321.46K,-2.31%,,,,,,,,
20-06-2007,27.23,27,28.28,26.7,469.80K,3.81%,,,,,,,,
19-06-2007,26.23,24.08,26.23,24.08,159.94K,9.98%,,,,,,,,
18-06-2007,23.85,24.67,24.67,23.75,21.66K,-3.95%,,,,,,,,
15-06-2007,24.83,25.65,25.67,24.7,2.41K,-0.56%,,,,,,,,
14-06-2007,24.97,25.3,25.3,24.43,1.79K,0.20%,,,,,,,,
13-06-2007,24.92,26,26.15,24.85,0.60K,-2.92%,,,,,,,,
12-06-2007,25.67,26.28,26.28,25.67,0.15K,0.59%,,,,,,,,
11-06-2007,25.52,26.03,26.03,25.52,1.65K,-2.33%,,,,,,,,
07-06-2007,26.13,24.57,26.17,24.57,0.31K,2.07%,,,,,,,,
06-06-2007,25.6,25.17,26.65,23.75,16.08K,-0.27%,,,,,,,,
05-06-2007,25.67,25.67,26.17,25.23,3.84K,-2.02%,,,,,,,,
04-06-2007,26.2,25.5,26.33,25.33,3.14K,0.96%,,,,,,,,
01-06-2007,25.95,26.67,26.67,25.77,6.60K,-2.63%,,,,,,,,
31-05-2007,26.65,26.65,26.67,26.65,0.76K,2.11%,,,,,,,,
30-05-2007,26.1,27,27,26.07,1.92K,-2.14%,,,,,,,,
29-05-2007,26.67,26.67,26.67,26.67,6.30K,0.83%,,,,,,,,
28-05-2007,26.45,27.33,28.33,26.43,14.16K,-1.67%,,,,,,,,
25-05-2007,26.9,27.5,27.57,26.3,2.46K,-1.28%,,,,,,,,
24-05-2007,27.25,27.2,27.33,26.38,2.02K,5.09%,,,,,,,,
23-05-2007,25.93,27.33,27.35,25.67,12.33K,-5.95%,,,,,,,,
22-05-2007,27.57,27.68,28.3,27.13,2.76K,0.25%,,,,,,,,
21-05-2007,27.5,28.37,29.03,27.5,10.80K,-2.48%,,,,,,,,
18-05-2007,28.2,26.67,28.67,26.67,4.68K,4.06%,,,,,,,,
17-05-2007,27.1,27.33,27.33,26.33,3.59K,1.01%,,,,,,,,
16-05-2007,26.83,26.07,27,26.07,4.56K,2.68%,,,,,,,,
15-05-2007,26.13,27,27,26,5.92K,-4.53%,,,,,,,,
14-05-2007,27.37,27.42,28.03,27.33,3.66K,-1.12%,,,,,,,,
11-05-2007,27.68,25.93,28.42,25.93,32.43K,7.16%,,,,,,,,
10-05-2007,25.83,25.97,25.97,25.83,0.04K,-1.52%,,,,,,,,
09-05-2007,26.23,24.87,26.23,24.85,0.59K,-4.37%,,,,,,,,
08-05-2007,27.43,25.67,27.5,25.67,3.30K,2.85%,,,,,,,,
07-05-2007,26.67,26.67,26.67,26.67,3.07K,0.72%,,,,,,,,
04-05-2007,26.48,26.38,29,26.38,2.56K,-6.53%,,,,,,,,
03-05-2007,28.33,28.33,29.4,27.33,5.65K,5.71%,,,,,,,,
30-04-2007,26.8,25.95,27.33,24.67,7.50K,7.33%,,,,,,,,
27-04-2007,24.97,24.22,25.32,24.17,1.53K,3.74%,,,,,,,,
26-04-2007,24.07,24.07,24.1,24.07,1.17K,-3.33%,,,,,,,,
25-04-2007,24.9,24.9,24.9,24.9,0.04K,4.93%,,,,,,,,
23-04-2007,23.73,23.75,24.33,23.7,1.27K,-1.13%,,,,,,,,
20-04-2007,24,24.23,24.23,24,0.84K,-0.21%,,,,,,,,
18-04-2007,24.05,24.05,24.05,24.05,0.15K,-2.51%,,,,,,,,
17-04-2007,24.67,24.67,24.67,24.02,2.55K,1.40%,,,,,,,,
16-04-2007,24.33,24.75,25.67,24.32,13.54K,-2.68%,,,,,,,,
13-04-2007,25,24.98,25,24.98,0.30K,-0.32%,,,,,,,,
12-04-2007,25.08,25.33,25.5,24.77,2.41K,-2.30%,,,,,,,,
11-04-2007,25.67,25.28,25.67,25.28,1.27K,4.05%,,,,,,,,
10-04-2007,24.67,24.67,24.67,24.67,4.79K,2.71%,,,,,,,,
09-04-2007,24.02,24.67,25,24.02,8.41K,-1.27%,,,,,,,,
05-04-2007,24.33,24.27,25.37,21.6,63.66K,5.46%,,,,,,,,
04-04-2007,23.07,23.83,23.83,22.67,7.53K,1.54%,,,,,,,,
03-04-2007,22.72,22.72,22.72,22.72,0.12K,0.00%,,,,,,,,
02-04-2007,22.72,23,23,22.67,2.25K,-1.94%,,,,,,,,
30-03-2007,23.17,22.68,24.17,22.67,4.36K,-2.32%,,,,,,,,
29-03-2007,23.72,24,24.33,22.68,8.37K,1.67%,,,,,,,,
28-03-2007,23.33,23.5,24.07,23.03,4.88K,-0.17%,,,,,,,,
26-03-2007,23.37,23.78,23.78,23.35,0.78K,1.48%,,,,,,,,
23-03-2007,23.03,23.03,23.03,23.03,0.24K,-0.65%,,,,,,,,
22-03-2007,23.18,23.37,23.38,23.18,3.93K,0.04%,,,,,,,,
21-03-2007,23.17,23.33,23.33,23.17,0.60K,1.09%,,,,,,,,
20-03-2007,22.92,23.33,24,22.92,3.01K,-2.05%,,,,,,,,
19-03-2007,23.4,23.17,23.87,22.8,5.39K,-0.34%,,,,,,,,
16-03-2007,23.48,23.95,24.33,23.33,12.91K,-0.42%,,,,,,,,
15-03-2007,23.58,25.82,25.82,23.58,1.15K,-3.36%,,,,,,,,
14-03-2007,24.4,24.17,24.4,24.17,1.20K,-4.50%,,,,,,,,
13-03-2007,25.55,26.55,26.55,24.05,0.25K,5.23%,,,,,,,,
12-03-2007,24.28,23.5,25.65,23.5,1.98K,-0.90%,,,,,,,,
09-03-2007,24.5,24.75,26.58,24.5,4.34K,0.00%,,,,,,,,
08-03-2007,24.5,23.55,25.67,23.53,1.71K,0.82%,,,,,,,,
07-03-2007,24.3,25.73,26,24.2,2.44K,-8.89%,,,,,,,,
06-03-2007,26.67,26.67,26.68,26.67,0.77K,-0.60%,,,,,,,,
05-03-2007,26.83,29,29,26.83,3.73K,-9.97%,,,,,,,,
02-03-2007,29.8,28.18,30,28.18,4.45K,-2.13%,,,,,,,,
01-03-2007,30.45,30,31.25,27.72,1.51K,5.47%,,,,,,,,
28-02-2007,28.87,29.98,31.25,28.67,5.86K,-7.85%,,,,,,,,
27-02-2007,31.33,30.97,31.67,30.63,4.41K,1.16%,,,,,,,,
26-02-2007,30.97,29.48,31.3,29.48,2.40K,6.79%,,,,,,,,
23-02-2007,29,28,29.33,28,2.10K,3.76%,,,,,,,,
22-02-2007,27.95,28.05,28.83,27.8,3.30K,-2.03%,,,,,,,,
21-02-2007,28.53,28.78,29.67,27.93,4.87K,-2.36%,,,,,,,,
20-02-2007,29.22,29.87,30.98,29,3.08K,-4.73%,,,,,,,,
19-02-2007,30.67,29.58,32,29.33,6.74K,5.32%,,,,,,,,
15-02-2007,29.12,29,31.65,28.8,92.75K,-2.93%,,,,,,,,
14-02-2007,30,29,30,29,0.41K,0.07%,,,,,,,,
13-02-2007,29.98,29.67,30,28.75,1.94K,2.22%,,,,,,,,
12-02-2007,29.33,31.22,31.22,28.33,1.43K,-6.65%,,,,,,,,
09-02-2007,31.42,30,31.42,30,0.68K,4.73%,,,,,,,,
08-02-2007,30,30.03,30.42,29.9,4.12K,-1.90%,,,,,,,,
07-02-2007,30.58,30.35,31.17,30.35,0.26K,-2.30%,,,,,,,,
06-02-2007,31.3,31.3,31.3,30.67,0.53K,3.03%,,,,,,,,
05-02-2007,30.38,30.77,30.77,29.67,2.69K,-0.98%,,,,,,,,
02-02-2007,30.68,31.93,31.93,30.67,1.49K,-2.91%,,,,,,,,
31-01-2007,31.6,32.87,32.88,30.7,1.73K,0.32%,,,,,,,,
29-01-2007,31.5,32.17,32.25,30.88,4.14K,-0.63%,,,,,,,,
25-01-2007,31.7,31.67,32.33,31.67,0.90K,-0.25%,,,,,,,,
24-01-2007,31.78,32.2,32.2,31.78,2.11K,-1.70%,,,,,,,,
23-01-2007,32.33,33.32,33.33,32.33,3.09K,-2.53%,,,,,,,,
22-01-2007,33.17,33.17,33.17,33.17,0.15K,-0.48%,,,,,,,,
19-01-2007,33.33,33.32,33.33,33.32,0.60K,0.18%,,,,,,,,
18-01-2007,33.27,33.22,33.33,32.85,4.35K,0.91%,,,,,,,,
17-01-2007,32.97,33.97,34.27,32.93,1.70K,0.43%,,,,,,,,
16-01-2007,32.83,33.33,33.33,32.68,3.54K,-3.92%,,,,,,,,
15-01-2007,34.17,35,35,34.17,0.54K,2.52%,,,,,,,,
12-01-2007,33.33,33.33,33.33,33.33,3.73K,0.03%,,,,,,,,
11-01-2007,33.32,33.33,33.33,32.78,3.34K,0.27%,,,,,,,,
10-01-2007,33.23,33.17,33.33,33,6.87K,-0.12%,,,,,,,,
09-01-2007,33.27,33.97,35,33.25,7.34K,-0.18%,,,,,,,,
08-01-2007,33.33,34.27,34.33,33.33,4.18K,-0.80%,,,,,,,,
05-01-2007,33.6,34.67,35,33.33,5.80K,-2.13%,,,,,,,,
04-01-2007,34.33,33.67,34.33,33.67,2.26K,0.88%,,,,,,,,
03-01-2007,34.03,34.02,34.05,33.83,1.15K,-1.85%,,,,,,,,
02-01-2007,34.67,35,35,34.67,0.40K,1.97%,,,,,,,,
29-12-2006,34,34.33,34.33,34,0.48K,-1.25%,,,,,,,,
28-12-2006,34.43,34.25,34.67,34.25,0.67K,0.23%,,,,,,,,
27-12-2006,34.35,34.03,35.32,34.02,0.34K,-1.86%,,,,,,,,
26-12-2006,35,35,35.55,35,1.42K,0.23%,,,,,,,,
22-12-2006,34.92,34.7,35.33,34.67,4.78K,1.31%,,,,,,,,
21-12-2006,34.47,35.48,35.48,34.47,0.45K,0.20%,,,,,,,,
20-12-2006,34.4,34.42,34.42,34.4,0.42K,-3.56%,,,,,,,,
19-12-2006,35.67,34.33,36.33,34.33,1.14K,5.94%,,,,,,,,
18-12-2006,33.67,34,34,33.12,3.15K,-2.41%,,,,,,,,
15-12-2006,34.5,35,35.27,33.33,17.91K,-4.70%,,,,,,,,
14-12-2006,36.2,34.67,36.67,34.67,6.94K,8.48%,,,,,,,,
13-12-2006,33.37,34.67,34.67,33,4.23K,-0.39%,,,,,,,,
12-12-2006,33.5,34,37.07,32.67,2.74K,-0.65%,,,,,,,,
11-12-2006,33.72,33.68,35.23,33.68,0.63K,-0.77%,,,,,,,,
08-12-2006,33.98,35,35,33.97,3.67K,-1.99%,,,,,,,,
06-12-2006,34.67,34.78,34.78,34.67,1.43K,-1.17%,,,,,,,,
05-12-2006,35.08,34.78,35.1,34.77,1.19K,-2.56%,,,,,,,,
04-12-2006,36,36.33,36.78,36,1.47K,-1.77%,,,,,,,,
01-12-2006,36.65,36.02,37.33,36.02,2.80K,0.14%,,,,,,,,
30-11-2006,36.6,34.08,38,33.88,9.85K,5.57%,,,,,,,,
29-11-2006,34.67,35.93,35.93,33.45,3.30K,-1.31%,,,,,,,,
28-11-2006,35.13,34.83,35.67,34.03,10.80K,2.06%,,,,,,,,
27-11-2006,34.42,34.4,36.97,33.33,19.20K,-0.38%,,,,,,,,
24-11-2006,34.55,32.28,36.63,32.28,45.07K,3.69%,,,,,,,,
23-11-2006,33.32,34,34,32.68,5.06K,0.97%,,,,,,,,
22-11-2006,33,33,33.33,33,1.47K,3.03%,,,,,,,,
21-11-2006,32.03,32,33.73,32,0.37K,1.14%,,,,,,,,
20-11-2006,31.67,30.1,34.17,30.1,1.58K,-4.98%,,,,,,,,
17-11-2006,33.33,32.85,33.33,32.03,1.10K,-0.06%,,,,,,,,
16-11-2006,33.35,33.35,33.35,33.35,0.57K,0.09%,,,,,,,,
15-11-2006,33.32,32.67,33.6,32.67,4.06K,1.99%,,,,,,,,
14-11-2006,32.67,33.03,33.38,32.67,2.10K,-1.98%,,,,,,,,
13-11-2006,33.33,33.33,33.4,33.28,2.72K,-0.27%,,,,,,,,
10-11-2006,33.42,35,35,33.27,2.64K,0.27%,,,,,,,,
09-11-2006,33.33,34.38,34.67,33.33,8.16K,-4.36%,,,,,,,,
08-11-2006,34.85,35.67,36.67,34.33,12.08K,-2.84%,,,,,,,,
07-11-2006,35.87,35.73,37,35.42,9.12K,2.14%,,,,,,,,
06-11-2006,35.12,34.17,36.87,33.33,33.76K,4.77%,,,,,,,,
03-11-2006,33.52,34,34.67,33.33,3.45K,-1.03%,,,,,,,,
02-11-2006,33.87,33.1,33.87,33.1,1.76K,-0.38%,,,,,,,,
01-11-2006,34,35.98,35.98,33.77,0.55K,-2.80%,,,,,,,,
31-10-2006,34.98,34.67,36.33,34.4,0.70K,-3.42%,,,,,,,,
30-10-2006,36.22,34.12,37.95,34.1,0.10K,-0.08%,,,,,,,,
27-10-2006,36.25,35,36.25,35,0.81K,4.53%,,,,,,,,
26-10-2006,34.68,35.32,35.33,34.1,0.21K,3.12%,,,,,,,,
23-10-2006,33.63,33.52,34.55,33.08,2.71K,2.84%,,,,,,,,
21-10-2006,32.7,32.7,32.7,32.7,0.01K,-7.57%,,,,,,,,
20-10-2006,35.38,34.67,36,34.67,0.32K,1.73%,,,,,,,,
19-10-2006,34.78,35,35.63,34.37,1.86K,-0.54%,,,,,,,,
18-10-2006,34.97,34.98,36.63,34.53,2.42K,-0.14%,,,,,,,,
17-10-2006,35.02,31.97,35.83,31.97,2.68K,0.00%,,,,,,,,
16-10-2006,35.02,34.33,35.65,34.07,5.45K,2.64%,,,,,,,,
13-10-2006,34.12,33.67,34.33,32.33,10.96K,2.40%,,,,,,,,
12-10-2006,33.32,33,33.33,32.72,3.55K,0.91%,,,,,,,,
11-10-2006,33.02,33.33,33.95,33.02,4.12K,-2.51%,,,,,,,,
10-10-2006,33.87,34.67,34.83,32.53,5.09K,1.62%,,,,,,,,
09-10-2006,33.33,33.33,35.33,31.68,1.99K,0.69%,,,,,,,,
06-10-2006,33.1,32.82,34.58,32.8,4.06K,-0.45%,,,,,,,,
05-10-2006,33.25,34.63,34.63,32.67,3.01K,-0.24%,,,,,,,,
04-10-2006,33.33,33.67,34.82,33.33,2.60K,-1.24%,,,,,,,,
03-10-2006,33.75,34,34.17,33.67,1.24K,0.54%,,,,,,,,
29-09-2006,33.57,34.67,34.67,33.33,2.29K,2.72%,,,,,,,,
28-09-2006,32.68,34.67,34.97,32.67,5.65K,-5.74%,,,,,,,,
27-09-2006,34.67,34.67,36.57,34.67,7.11K,2.18%,,,,,,,,
26-09-2006,33.93,34.9,36.65,33.78,2.49K,-7.47%,,,,,,,,
25-09-2006,36.67,34.73,36.67,34.73,1.21K,1.86%,,,,,,,,
22-09-2006,36,36.33,36.62,35,1.95K,0.36%,,,,,,,,
21-09-2006,35.87,36.33,36.33,35,2.24K,1.82%,,,,,,,,
20-09-2006,35.23,35.35,36.57,35,3.36K,-2.89%,,,,,,,,
19-09-2006,36.28,35.33,36.67,35.33,3.01K,2.54%,,,,,,,,
18-09-2006,35.38,35.38,35.38,35.38,0.42K,-3.52%,,,,,,,,
15-09-2006,36.67,36,37,36,2.07K,1.80%,,,,,,,,
14-09-2006,36.02,36.67,39.32,36.02,1.72K,0.67%,,,,,,,,
13-09-2006,35.78,36.15,38.62,35.35,3.41K,-4.15%,,,,,,,,
12-09-2006,37.33,35,37.83,33.43,2.65K,1.80%,,,,,,,,
11-09-2006,36.67,38.33,38.33,35.35,3.37K,-2.78%,,,,,,,,
08-09-2006,37.72,37.4,38,37,3.45K,2.86%,,,,,,,,
07-09-2006,36.67,35.38,36.67,35.38,0.60K,1.86%,,,,,,,,
06-09-2006,36,36.18,36.65,36,0.64K,-1.83%,,,,,,,,
05-09-2006,36.67,37.6,37.6,36.67,0.80K,-0.68%,,,,,,,,
04-09-2006,36.92,36,37.97,36,4.56K,4.50%,,,,,,,,
01-09-2006,35.33,35.67,35.83,33.72,2.77K,0.00%,,,,,,,,
31-08-2006,35.33,35.27,35.33,35.27,0.90K,1.38%,,,,,,,,
30-08-2006,34.85,36,36,33.33,4.42K,-0.34%,,,,,,,,
29-08-2006,34.97,35,38.27,34,4.18K,-0.09%,,,,,,,,
28-08-2006,35,33.67,36.33,33.67,1.42K,3.31%,,,,,,,,
25-08-2006,33.88,35,35,33.72,1.51K,5.81%,,,,,,,,
24-08-2006,32.02,33.33,33.65,31.5,1.21K,-8.44%,,,,,,,,
23-08-2006,34.97,35,35,33.05,0.66K,1.89%,,,,,,,,
22-08-2006,34.32,35,35.97,33.4,3.39K,-4.21%,,,,,,,,
21-08-2006,35.83,34.72,37.32,34.33,3.40K,2.28%,,,,,,,,
18-08-2006,35.03,35.2,36.17,34.67,1.94K,-7.40%,,,,,,,,
17-08-2006,37.83,36.33,41,35.02,2.78K,1.34%,,,,,,,,
16-08-2006,37.33,38.33,38.33,37.33,0.22K,-3.29%,,,,,,,,
14-08-2006,38.6,38.67,38.67,38.6,0.01K,2.58%,,,,,,,,
11-08-2006,37.63,36.67,37.63,36.67,0.04K,9.96%,,,,,,,,
10-08-2006,34.22,36,37.97,34.07,0.46K,-6.88%,,,,,,,,
09-08-2006,36.75,37.02,37.02,36.67,0.02K,4.20%,,,,,,,,
07-08-2006,35.27,35.83,36.95,35.17,0.79K,-4.68%,,,,,,,,
02-08-2006,37,39.43,39.43,35.83,3.20K,-1.52%,,,,,,,,
01-08-2006,37.57,34.83,37.57,34.8,0.06K,3.13%,,,,,,,,
31-07-2006,36.43,39.62,39.62,35.87,0.61K,-3.45%,,,,,,,,
28-07-2006,37.73,36.67,37.83,36.67,0.03K,4.08%,,,,,,,,
27-07-2006,36.25,36.25,36.25,36.25,7.97K,4.98%,,,,,,,,
26-07-2006,34.53,34.53,34.53,34.53,0.07K,4.95%,,,,,,,,
25-07-2006,32.9,33.33,34.48,32.67,1.24K,0.15%,,,,,,,,
24-07-2006,32.85,32.37,33.25,32.32,1.56K,-3.38%,,,,,,,,
21-07-2006,34,32.45,35.77,32.38,1.39K,-0.21%,,,,,,,,
20-07-2006,34.07,35.78,35.8,32.87,1.17K,-0.09%,,,,,,,,
19-07-2006,34.1,34.38,36.23,33.55,0.50K,-3.40%,,,,,,,,
18-07-2006,35.3,35.25,38.3,35.23,0.17K,-4.08%,,,,,,,,
17-07-2006,36.8,37.75,40.3,36.8,15.63K,-4.98%,,,,,,,,
14-07-2006,38.73,42.67,42.67,38.73,0.13K,-4.77%,,,,,,,,
12-07-2006,40.67,37.9,40.67,37.9,0.54K,3.17%,,,,,,,,
11-07-2006,39.42,40,41.6,39.3,0.27K,-3.55%,,,,,,,,
10-07-2006,40.87,42.83,42.83,40.87,0.72K,-4.95%,,,,,,,,
06-07-2006,43,41,43,40,86.33K,4.95%,,,,,,,,
05-07-2006,40.97,41,41,39.67,0.63K,3.93%,,,,,,,,
04-07-2006,39.42,41.33,41.33,39.42,1.91K,-1.45%,,,,,,,,
03-07-2006,40,39.67,40,39.5,1.27K,4.36%,,,,,,,,
30-06-2006,38.33,38.3,38.33,35.08,3.01K,4.50%,,,,,,,,
28-06-2006,36.68,36.8,39.8,36.43,3.25K,-4.23%,,,,,,,,
27-06-2006,38.3,39,39.13,35.67,30.82K,2.60%,,,,,,,,
26-06-2006,37.33,40,40,37.05,0.92K,-3.47%,,,,,,,,
22-06-2006,38.67,39.9,39.9,38.67,0.69K,5.45%,,,,,,,,
21-06-2006,36.67,36.67,36.67,36.03,17.29K,10.02%,,,,,,,,
20-06-2006,33.33,33.33,33.33,33.33,0.01K,-3.95%,,,,,,,,
19-06-2006,34.7,33.33,36.33,33.33,12.88K,3.74%,,,,,,,,
16-06-2006,33.45,32.75,39.33,32.75,12.08K,-7.93%,,,,,,,,
15-06-2006,36.33,36.67,36.67,34.45,0.17K,0.00%,,,,,,,,
14-06-2006,36.33,32.42,38.33,32.42,1.32K,2.77%,,,,,,,,
13-06-2006,35.35,31.33,36.07,31.33,6.60K,7.77%,,,,,,,,
12-06-2006,32.8,31.67,34.25,30.05,0.16K,4.06%,,,,,,,,
09-06-2006,31.52,24.75,31.52,24.72,6.28K,19.98%,,,,,,,,
08-06-2006,26.27,31.7,31.7,26.27,4.84K,-19.96%,,,,,,,,
07-06-2006,32.82,36.67,37.67,32.17,2.95K,-7.50%,,,,,,,,
06-06-2006,35.48,35.35,39.63,35.33,9.03K,-14.61%,,,,,,,,
05-06-2006,41.55,41.6,41.67,41.33,0.07K,0.92%,,,,,,,,
02-06-2006,41.17,37.18,41.3,37.08,0.73K,-1.27%,,,,,,,,
01-06-2006,41.7,41.77,41.77,41.33,1.42K,-6.50%,,,,,,,,
31-05-2006,44.6,45,45,42,2.28K,2.13%,,,,,,,,
30-05-2006,43.67,44.05,45.33,43.67,0.83K,-0.75%,,,,,,,,
29-05-2006,44,49,49,44,3.69K,-2.22%,,,,,,,,
26-05-2006,45,46.15,47.92,45,36.28K,1.88%,,,,,,,,
25-05-2006,44.17,44,46.67,44,2.88K,-3.52%,,,,,,,,
24-05-2006,45.78,44,46.33,44,6.51K,-0.41%,,,,,,,,
23-05-2006,45.97,36.67,46,36.67,91.79K,19.93%,,,,,,,,
22-05-2006,38.33,42.07,45,38.33,8.68K,-11.64%,,,,,,,,
19-05-2006,43.38,45,46.67,43.02,8.50K,-4.51%,,,,,,,,
18-05-2006,45.43,46,48.33,43.67,13.60K,-2.66%,,,,,,,,
17-05-2006,46.67,48.5,49.67,46.65,42.72K,1.46%,,,,,,,,
16-05-2006,46,44.7,46.67,43.33,4.38K,-0.93%,,,,,,,,
15-05-2006,46.43,47.67,48.33,45.4,4.33K,-3.33%,,,,,,,,
12-05-2006,48.03,45.35,49.67,45.35,11.55K,2.91%,,,,,,,,
11-05-2006,46.67,48.33,48.33,46.02,11.36K,-3.41%,,,,,,,,
10-05-2006,48.32,48.7,49.35,48,4.89K,-0.84%,,,,,,,,
09-05-2006,48.73,44.33,49,44.33,19.11K,9.58%,,,,,,,,
08-05-2006,44.47,44.37,45.83,44.37,1.20K,1.69%,,,,,,,,
05-05-2006,43.73,44.33,45.25,43.35,2.65K,0.57%,,,,,,,,
04-05-2006,43.48,46,46,40.78,11.61K,-3.49%,,,,,,,,
03-05-2006,45.05,45.43,45.43,44.42,2.70K,0.11%,,,,,,,,
02-05-2006,45,47,47.08,44.33,11.98K,0.00%,,,,,,,,
29-04-2006,45,44.17,45.33,44.17,4.65K,0.00%,,,,,,,,
28-04-2006,45,40.33,47.33,40.33,3.97K,-0.29%,,,,,,,,
27-04-2006,45.13,48,48,45.07,6.79K,-3.30%,,,,,,,,
26-04-2006,46.67,46,47.33,46,5.47K,3.53%,,,,,,,,
25-04-2006,45.08,45,47.55,45,37.30K,0.96%,,,,,,,,
24-04-2006,44.65,45,45,43.33,10.24K,-0.78%,,,,,,,,
21-04-2006,45,43.97,45.9,43.95,0.91K,2.09%,,,,,,,,
20-04-2006,44.08,45.02,45.02,44.08,5.35K,-2.04%,,,,,,,,
19-04-2006,45,46.3,46.3,45,1.95K,-1.47%,,,,,,,,
18-04-2006,45.67,43.83,47.13,43.83,13.76K,4.15%,,,,,,,,
17-04-2006,43.85,44.05,46.67,43.67,8.03K,-1.79%,,,,,,,,
13-04-2006,44.65,45.07,45.07,43.73,7.42K,-1.17%,,,,,,,,
12-04-2006,45.18,46.33,46.5,44.83,3.31K,-4.72%,,,,,,,,
10-04-2006,47.42,44,47.92,43.57,6.29K,7.60%,,,,,,,,
07-04-2006,44.07,45,46.33,44,5.84K,-3.92%,,,,,,,,
05-04-2006,45.87,46.25,46.62,45.4,0.90K,-1.71%,,,,,,,,
04-04-2006,46.67,45.35,47.33,45.35,2.62K,-0.02%,,,,,,,,
03-04-2006,46.68,42.68,47,42.68,13.28K,8.01%,,,,,,,,
31-03-2006,43.22,42.67,43.48,42.02,7.21K,-1.62%,,,,,,,,
30-03-2006,43.93,43.67,44.17,43.37,4.56K,1.76%,,,,,,,,
29-03-2006,43.17,42.93,43.2,42.93,0.75K,-0.37%,,,,,,,,
28-03-2006,43.33,43.38,44.67,42.33,105.86K,-1.52%,,,,,,,,
27-03-2006,44,43.67,44,43.23,1.80K,0.76%,,,,,,,,
24-03-2006,43.67,45.83,45.83,42.92,10.28K,-5.72%,,,,,,,,
23-03-2006,46.32,45.33,46.63,44,6.04K,4.87%,,,,,,,,
22-03-2006,44.17,42.85,45.62,42.85,2.29K,-4.23%,,,,,,,,
21-03-2006,46.12,46.6,46.6,45.12,1.24K,-0.45%,,,,,,,,
20-03-2006,46.33,47.67,47.67,46.33,3.53K,-1.80%,,,,,,,,
17-03-2006,47.18,49.63,50.33,46.07,22.29K,-3.46%,,,,,,,,
16-03-2006,48.87,47.92,49.33,47.17,114.44K,5.44%,,,,,,,,
14-03-2006,46.35,46,47.33,45,30.45K,2.84%,,,,,,,,
13-03-2006,45.07,42.33,45.6,42.33,20.10K,5.97%,,,,,,,,
10-03-2006,42.53,42.17,44.03,41.17,17.02K,-0.23%,,,,,,,,
09-03-2006,42.63,43.08,45.6,41.03,14.41K,-1.77%,,,,,,,,
08-03-2006,43.4,45.15,45.15,43.33,5.24K,-1.99%,,,,,,,,
07-03-2006,44.28,45.17,46,44.02,2.56K,-2.53%,,,,,,,,
06-03-2006,45.43,43.17,46.17,42.07,24.80K,5.72%,,,,,,,,
03-03-2006,42.97,43.5,44.33,42.7,3.36K,-0.88%,,,,,,,,
02-03-2006,43.35,44.67,45,43.12,3.51K,-2.98%,,,,,,,,
01-03-2006,44.68,45.13,45.13,44.07,3.91K,-0.71%,,,,,,,,
28-02-2006,45,44.33,45.17,44.2,5.50K,1.65%,,,,,,,,
27-02-2006,44.27,44.45,45,42.75,12.95K,-0.18%,,,,,,,,
24-02-2006,44.35,44.45,45.5,43.35,9.16K,-0.67%,,,,,,,,
23-02-2006,44.65,42.17,45.67,42.17,13.98K,6.18%,,,,,,,,
22-02-2006,42.05,44.15,45,40.02,12.37K,-2.32%,,,,,,,,
21-02-2006,43.05,44,45.53,42.17,13.27K,-1.82%,,,,,,,,
20-02-2006,43.85,42.83,45.33,39.5,33.45K,3.01%,,,,,,,,
17-02-2006,42.57,45.67,48.27,40.7,46.71K,-4.34%,,,,,,,,
16-02-2006,44.5,42.67,44.5,42.67,24.18K,9.96%,,,,,,,,
15-02-2006,40.47,44.23,44.23,40.42,31.74K,-9.87%,,,,,,,,
14-02-2006,44.9,45,46.67,44.35,7.99K,0.18%,,,,,,,,
13-02-2006,44.82,45.5,46.33,44.4,5.18K,-0.58%,,,,,,,,
10-02-2006,45.08,45.17,46,44.85,10.94K,-0.55%,,,,,,,,
08-02-2006,45.33,46.68,46.68,44.33,5.42K,-0.92%,,,,,,,,
07-02-2006,45.75,46.67,47.75,45.67,6.54K,-2.31%,,,,,,,,
06-02-2006,46.83,44.83,46.95,44.83,9.92K,4.72%,,,,,,,,
03-02-2006,44.72,45.67,47.58,44.33,6.32K,-1.76%,,,,,,,,
02-02-2006,45.52,45.83,47.33,43.85,9.73K,-1.32%,,,,,,,,
01-02-2006,46.13,48.25,48.33,46.02,10.81K,-4.75%,,,,,,,,
31-01-2006,48.43,49.9,49.9,47.67,10.82K,0.85%,,,,,,,,
30-01-2006,48.02,51.33,51.33,47.55,13.10K,-3.96%,,,,,,,,
27-01-2006,50,52.33,52.63,49.67,17.38K,-3.85%,,,,,,,,
25-01-2006,52,52.48,53,50,65.01K,-0.44%,,,,,,,,
24-01-2006,52.23,53.23,54.33,51.7,40.36K,0.60%,,,,,,,,
23-01-2006,51.92,49.33,52,47.7,115.64K,4.83%,,,,,,,,
20-01-2006,49.53,49,50,48.35,46.76K,1.66%,,,,,,,,
19-01-2006,48.72,46.67,48.82,46.67,32.22K,4.77%,,,,,,,,
18-01-2006,46.5,48.5,48.5,46.08,27.40K,-4.12%,,,,,,,,
17-01-2006,48.5,48.67,50,46.37,123.13K,0.00%,,,,,,,,
16-01-2006,48.5,49.05,49.98,47.52,37.31K,0.17%,,,,,,,,
13-01-2006,48.42,46.32,48.42,46.32,186.39K,4.99%,,,,,,,,
12-01-2006,46.12,47.33,47.5,45.67,10.93K,-3.35%,,,,,,,,
10-01-2006,47.72,47,48.3,44.22,44.25K,3.63%,,,,,,,,
09-01-2006,46.05,45.52,46.65,44,12.78K,0.77%,,,,,,,,
06-01-2006,45.7,46.67,47.27,45.03,132.84K,1.51%,,,,,,,,
05-01-2006,45.02,44.5,46,41.87,100.02K,2.32%,,,,,,,,
04-01-2006,44,44,44.88,42.88,19.94K,2.92%,,,,,,,,
03-01-2006,42.75,43.33,44,42.35,11.68K,0.07%,,,,,,,,
02-01-2006,42.72,42.67,43.65,42.02,6.72K,-1.11%,,,,,,,,
30-12-2005,43.2,43.15,43.28,42,6.69K,0.93%,,,,,,,,
29-12-2005,42.8,43.67,43.67,42.67,6.77K,-1.31%,,,,,,,,
28-12-2005,43.37,44.33,45,43.33,129.71K,-2.03%,,,,,,,,
27-12-2005,44.27,43,44.67,42,29.90K,2.76%,,,,,,,,
26-12-2005,43.08,45.37,45.37,43.08,6.75K,-5.01%,,,,,,,,
23-12-2005,45.35,47.85,47.85,45.02,232.90K,-0.50%,,,,,,,,
22-12-2005,45.58,43.33,45.58,43.33,265.99K,4.97%,,,,,,,,
21-12-2005,43.42,43.42,43.42,40.35,291.29K,5.01%,,,,,,,,
20-12-2005,41.35,41.35,41.35,41.35,8.26K,5.00%,,,,,,,,
19-12-2005,39.38,39.38,39.38,39.38,0.73K,4.96%,,,,,,,,
16-12-2005,37.52,34,37.52,34,1.31M,5.01%,,,,,,,,
15-12-2005,35.73,38.52,38.52,35.33,2.86K,-2.96%,,,,,,,,
14-12-2005,36.82,38.32,38.33,36.33,19.97K,-3.36%,,,,,,,,
13-12-2005,38.1,38.85,39.17,37.77,16.90K,-2.68%,,,,,,,,
12-12-2005,39.15,39.67,41,37.53,40.13K,-0.13%,,,,,,,,
09-12-2005,39.2,36.15,39.5,36.15,43.53K,9.13%,,,,,,,,
08-12-2005,35.92,35.33,36.28,35.08,10.26K,1.76%,,,,,,,,
07-12-2005,35.3,32.35,35.95,31.35,24.55K,7.29%,,,,,,,,
06-12-2005,32.9,32.35,33.33,31.07,1.56K,1.01%,,,,,,,,
05-12-2005,32.57,32.02,33,31.2,1.81K,0.99%,,,,,,,,
02-12-2005,32.25,31.85,32.63,31.37,2.07K,2.12%,,,,,,,,
01-12-2005,31.58,32.5,33,31.57,1.42K,-1.00%,,,,,,,,
30-11-2005,31.9,32.67,32.75,31.67,0.77K,-2.36%,,,,,,,,
29-11-2005,32.67,32.67,32.67,32.67,0.03K,1.84%,,,,,,,,
28-11-2005,32.08,32.67,33,31.67,5.95K,1.29%,,,,,,,,
26-11-2005,31.67,32.93,33.33,31.67,1.76K,0.38%,,,,,,,,
25-11-2005,31.55,31.8,32.33,31.17,5.27K,1.02%,,,,,,,,
24-11-2005,31.23,31.33,31.65,31,2.02K,-0.16%,,,,,,,,
23-11-2005,31.28,30.42,31.6,30.35,4.52K,3.13%,,,,,,,,
22-11-2005,30.33,31.83,31.83,30.33,5.02K,-3.19%,,,,,,,,
21-11-2005,31.33,31.35,32,31.33,0.60K,-2.25%,,,,,,,,
18-11-2005,32.05,32.35,33.65,32,1.39K,-2.52%,,,,,,,,
17-11-2005,32.88,34.67,34.67,32,3.45K,0.15%,,,,,,,,
16-11-2005,32.83,33.33,34.67,32.45,1.30K,-2.38%,,,,,,,,
14-11-2005,33.63,32.83,33.63,32.35,0.57K,-1.03%,,,,,,,,
11-11-2005,33.98,31.67,35,31.67,21.00K,5.92%,,,,,,,,
10-11-2005,32.08,32.98,34.27,32.02,0.36K,0.88%,,,,,,,,
09-11-2005,31.8,32.1,32.1,31.8,4.75K,-4.13%,,,,,,,,
08-11-2005,33.17,31.67,33.17,31.43,2.07K,6.83%,,,,,,,,
07-11-2005,31.05,31.6,32.83,30.83,1.48K,1.37%,,,,,,,,
02-11-2005,30.63,30,32.33,29.35,1.66K,-3.28%,,,,,,,,
01-11-2005,31.67,33.73,33.73,31.67,0.02K,3.26%,,,,,,,,
28-10-2005,30.67,30,30.67,30,0.30K,1.66%,,,,,,,,
27-10-2005,30.17,31.93,31.93,30,2.70K,-3.39%,,,,,,,,
26-10-2005,31.23,32.33,32.63,31.02,1.64K,-4.06%,,,,,,,,
25-10-2005,32.55,32.92,32.97,30.37,0.85K,5.96%,,,,,,,,
24-10-2005,30.72,33.17,33.17,30.72,0.60K,-5.97%,,,,,,,,
21-10-2005,32.67,29.53,32.67,29.43,0.43K,6.00%,,,,,,,,
20-10-2005,30.82,34.6,34.6,29.72,1.44K,-3.17%,,,,,,,,
19-10-2005,31.83,31.83,31.83,31.83,0.30K,-3.69%,,,,,,,,
18-10-2005,33.05,33.03,33.05,33.03,0.90K,-3.36%,,,,,,,,
17-10-2005,34.2,34.53,34.53,34.15,1.24K,-0.67%,,,,,,,,
14-10-2005,34.43,34.72,35.33,34.43,2.87K,-4.57%,,,,,,,,
13-10-2005,36.08,36.42,36.67,35.43,1.01K,-0.69%,,,,,,,,
11-10-2005,36.33,36,36.67,35,4.29K,1.42%,,,,,,,,
10-10-2005,35.82,36.67,38.2,35.7,1.81K,-2.80%,,,,,,,,
07-10-2005,36.85,37.27,39.13,35.68,5.10K,-0.32%,,,,,,,,
06-10-2005,36.97,34.37,37,34.33,2.26K,2.21%,,,,,,,,
05-10-2005,36.17,35.83,36.8,35.83,0.84K,-1.77%,,,,,,,,
04-10-2005,36.82,37.28,37.28,35.52,6.00K,4.16%,,,,,,,,
03-10-2005,35.35,34.37,36.3,34.37,3.10K,4.28%,,,,,,,,
30-09-2005,33.9,34.67,36,33.33,9.23K,-2.36%,,,,,,,,
29-09-2005,34.72,37,37.93,34,12.95K,-4.14%,,,,,,,,
28-09-2005,36.22,36.67,36.83,35,6.48K,-2.11%,,,,,,,,
27-09-2005,37,36.68,38.55,36.33,1.96K,1.04%,,,,,,,,
26-09-2005,36.62,35.37,37.3,35.33,6.79K,3.15%,,,,,,,,
23-09-2005,35.5,33.52,36.53,33.47,34.05K,-2.26%,,,,,,,,
22-09-2005,36.32,38,41,36.32,9.22K,-9.94%,,,,,,,,
21-09-2005,40.33,41.28,41.3,34.8,6.09K,5.71%,,,,,,,,
20-09-2005,38.15,39.13,42,37.75,11.29K,-8.07%,,,,,,,,
19-09-2005,41.5,42,42.3,41.03,12.57K,1.10%,,,,,,,,
16-09-2005,41.05,40.7,44.5,40.68,7.29K,-1.84%,,,,,,,,
15-09-2005,41.82,40.85,42.63,40.85,4.42K,2.00%,,,,,,,,
14-09-2005,41,42.5,42.63,40.68,5.80K,-3.82%,,,,,,,,
13-09-2005,42.63,43.32,43.32,41.72,1.81K,1.26%,,,,,,,,
12-09-2005,42.1,42.67,44,41.73,10.26K,0.12%,,,,,,,,
09-09-2005,42.05,42.33,43.17,42,11.21K,-0.76%,,,,,,,,
08-09-2005,42.37,43.17,43.6,42.1,3.33K,-2.15%,,,,,,,,
06-09-2005,43.3,42,43.33,42,4.41K,0.23%,,,,,,,,
05-09-2005,43.2,41.67,43.58,41.67,5.28K,2.49%,,,,,,,,
02-09-2005,42.15,42,43.17,41.33,4.93K,-0.82%,,,,,,,,
01-09-2005,42.5,45.92,45.92,41,8.99K,0.28%,,,,,,,,
31-08-2005,42.38,45,45,40.85,17.95K,-0.68%,,,,,,,,
30-08-2005,42.67,44.97,44.97,42.22,10.32K,0.68%,,,,,,,,
29-08-2005,42.38,44.27,44.27,42.08,5.73K,-0.87%,,,,,,,,
26-08-2005,42.75,41.05,44.97,41,7.26K,1.11%,,,,,,,,
25-08-2005,42.28,40.47,42.63,40.47,1.38K,2.30%,,,,,,,,
24-08-2005,41.33,38.42,42.33,38.42,2.34K,-2.22%,,,,,,,,
23-08-2005,42.27,43.33,43.33,42,2.78K,-4.37%,,,,,,,,
22-08-2005,44.2,44.67,44.67,43.33,14.23K,-0.38%,,,,,,,,
19-08-2005,44.37,39,45.78,38.67,26.11K,4.23%,,,,,,,,
18-08-2005,42.57,40.35,42.9,40.35,10.64K,1.92%,,,,,,,,
17-08-2005,41.77,40,44,40,33.25K,3.14%,,,,,,,,
16-08-2005,40.5,38.67,41.15,38.33,6.54K,7.20%,,,,,,,,
12-08-2005,37.78,38.33,38.33,36.67,0.32K,-3.45%,,,,,,,,
11-08-2005,39.13,41.13,41.13,38.33,11.89K,0.08%,,,,,,,,
10-08-2005,39.1,36.3,39.8,36.17,46.73K,8.07%,,,,,,,,
09-08-2005,36.18,33.77,36.23,33.77,12.22K,4.81%,,,,,,,,
08-08-2005,34.52,36.2,36.57,34.38,19.11K,-4.59%,,,,,,,,
05-08-2005,36.18,35.67,37.33,35.67,21.36K,-0.28%,,,,,,,,
04-08-2005,36.28,36,36.67,35.27,8.35K,-0.52%,,,,,,,,
03-08-2005,36.47,37.33,37.92,36.15,6.42K,-4.10%,,,,,,,,
02-08-2005,38.03,36.9,38.33,36.9,10.05K,-2.06%,,,,,,,,
01-08-2005,38.83,40.33,40.33,38.7,7.19K,-4.66%,,,,,,,,
29-07-2005,40.73,43.67,43.67,40.33,3.00K,-2.40%,,,,,,,,
27-07-2005,41.73,38.73,41.83,38.73,1.13K,3.22%,,,,,,,,
26-07-2005,40.43,39.2,41.32,39.2,6.19K,-1.99%,,,,,,,,
25-07-2005,41.25,39.95,41.98,39.95,3.08K,-1.90%,,,,,,,,
22-07-2005,42.05,40.23,42.67,40.23,2.89K,-0.66%,,,,,,,,
21-07-2005,42.33,41.93,43.25,41.93,8.78K,-3.80%,,,,,,,,
20-07-2005,44,41.85,44.82,41.85,6.80K,2.80%,,,,,,,,
19-07-2005,42.8,43.52,43.63,42.58,4.88K,-3.82%,,,,,,,,
18-07-2005,44.5,42.28,44.67,42.28,12.44K,0.00%,,,,,,,,
15-07-2005,44.5,44.35,45,44.07,18.84K,-1.40%,,,,,,,,
14-07-2005,45.13,44.92,45.75,43.73,41.79K,3.56%,,,,,,,,
13-07-2005,43.58,43,43.67,40.35,74.03K,4.76%,,,,,,,,
12-07-2005,41.6,39.67,41.6,39.33,79.33K,9.97%,,,,,,,,
